[10:24:54.489] run entered
[10:24:55.650] InitDll
[10:24:55.666] ApplyConfig
[10:24:55.747] InitializeEmu
[10:24:55.748] Pause
[10:24:55.748] port1 controller = SnesController
[10:24:55.748] LoadRom
[10:24:56.041] DebugWorkspaceManager.Load
[10:24:56.074] McpServer on port 44503
[10:24:56.091] [mcp] listening on 127.0.0.1:44503; 48 tools registered
[10:24:56.281] [mcp] client connected
[10:24:56.286] [mcp] <- {"jsonrpc":"2.0","id":1,"method":"initialize","params":{}}
[10:24:56.297] [mcp] <- {"jsonrpc":"2.0","id":2,"method":"tools/call","params":{"name":"pause","arguments":{}}}
[10:24:56.306] [mcp] <- {"jsonrpc":"2.0","id":3,"method":"tools/call","params":{"name":"reset_emulator","arguments":{"power":true}}}
[10:24:56.658] [mcp] <- {"jsonrpc":"2.0","id":4,"method":"tools/call","params":{"name":"pause","arguments":{}}}
[10:24:56.669] [mcp] <- {"jsonrpc":"2.0","id":5,"method":"tools/call","params":{"name":"run_frames","arguments":{"count":2}}}
[10:24:56.721] [mcp] <- {"jsonrpc":"2.0","id":6,"method":"tools/call","params":{"name":"pause","arguments":{}}}
[10:24:56.727] [mcp] <- {"jsonrpc":"2.0","id":7,"method":"tools/call","params":{"name":"read_memory","arguments":{"memoryType":"snesMemory","add
[10:24:56.759] [mcp] <- {"jsonrpc":"2.0","id":8,"method":"tools/call","params":{"name":"read_memory","arguments":{"memoryType":"snesMemory","add
[10:24:56.759] [mcp] <- {"jsonrpc":"2.0","id":9,"method":"tools/call","params":{"name":"read_memory","arguments":{"memoryType":"snesMemory","add
[10:24:56.760] [mcp] <- {"jsonrpc":"2.0","id":10,"method":"tools/call","params":{"name":"read_memory","arguments":{"memoryType":"snesMemory","ad
[10:24:56.760] [mcp] <- {"jsonrpc":"2.0","id":11,"method":"tools/call","params":{"name":"read_memory","arguments":{"memoryType":"snesMemory","ad
[10:24:56.760] [mcp] <- {"jsonrpc":"2.0","id":12,"method":"tools/call","params":{"name":"read_memory","arguments":{"memoryType":"snesMemory","ad
[10:24:56.761] [mcp] <- {"jsonrpc":"2.0","id":13,"method":"tools/call","params":{"name":"read_memory","arguments":{"memoryType":"snesMemory","ad
[10:24:56.761] [mcp] <- {"jsonrpc":"2.0","id":14,"method":"tools/call","params":{"name":"resume","arguments":{}}}
[10:24:56.762] [mcp] <- {"jsonrpc":"2.0","id":15,"method":"tools/call","params":{"name":"run_frames","arguments":{"count":1}}}
[10:24:56.800] [mcp] <- {"jsonrpc":"2.0","id":16,"method":"tools/call","params":{"name":"read_memory","arguments":{"memoryType":"snesMemory","ad
[10:24:56.801] [mcp] <- {"jsonrpc":"2.0","id":17,"method":"tools/call","params":{"name":"read_memory","arguments":{"memoryType":"snesMemory","ad
[10:24:56.802] [mcp] <- {"jsonrpc":"2.0","id":18,"method":"tools/call","params":{"name":"read_memory","arguments":{"memoryType":"snesMemory","ad
[10:24:56.802] [mcp] <- {"jsonrpc":"2.0","id":19,"method":"tools/call","params":{"name":"read_memory","arguments":{"memoryType":"snesMemory","ad
[10:24:56.802] [mcp] <- {"jsonrpc":"2.0","id":20,"method":"tools/call","params":{"name":"read_memory","arguments":{"memoryType":"snesMemory","ad
[10:24:56.803] [mcp] <- {"jsonrpc":"2.0","id":21,"method":"tools/call","params":{"name":"read_memory","arguments":{"memoryType":"snesMemory","ad
[10:24:56.803] [mcp] <- {"jsonrpc":"2.0","id":22,"method":"tools/call","params":{"name":"read_memory","arguments":{"memoryType":"snesMemory","ad
[10:24:56.804] [mcp] <- {"jsonrpc":"2.0","id":23,"method":"tools/call","params":{"name":"read_memory","arguments":{"memoryType":"snesMemory","ad
[10:24:56.804] [mcp] <- {"jsonrpc":"2.0","id":24,"method":"tools/call","params":{"name":"read_memory","arguments":{"memoryType":"snesMemory","ad
[10:24:56.805] [mcp] <- {"jsonrpc":"2.0","id":25,"method":"tools/call","params":{"name":"read_memory","arguments":{"memoryType":"snesMemory","ad
[10:24:56.805] [mcp] <- {"jsonrpc":"2.0","id":26,"method":"tools/call","params":{"name":"read_memory","arguments":{"memoryType":"snesMemory","ad
[10:24:56.806] [mcp] <- {"jsonrpc":"2.0","id":27,"method":"tools/call","params":{"name":"read_memory","arguments":{"memoryType":"snesMemory","ad
[10:24:56.806] [mcp] <- {"jsonrpc":"2.0","id":28,"method":"tools/call","params":{"name":"read_memory","arguments":{"memoryType":"snesMemory","ad
[10:24:56.807] [mcp] <- {"jsonrpc":"2.0","id":29,"method":"tools/call","params":{"name":"read_memory","arguments":{"memoryType":"snesMemory","ad
[10:24:56.807] [mcp] <- {"jsonrpc":"2.0","id":30,"method":"tools/call","params":{"name":"resume","arguments":{}}}
[10:24:56.808] [mcp] <- {"jsonrpc":"2.0","id":31,"method":"tools/call","params":{"name":"run_frames","arguments":{"count":1}}}
[10:24:56.866] [mcp] <- {"jsonrpc":"2.0","id":32,"method":"tools/call","params":{"name":"read_memory","arguments":{"memoryType":"snesMemory","ad
[10:24:56.867] [mcp] <- {"jsonrpc":"2.0","id":33,"method":"tools/call","params":{"name":"read_memory","arguments":{"memoryType":"snesMemory","ad
[10:24:56.867] [mcp] <- {"jsonrpc":"2.0","id":34,"method":"tools/call","params":{"name":"read_memory","arguments":{"memoryType":"snesMemory","ad
[10:24:56.868] [mcp] <- {"jsonrpc":"2.0","id":35,"method":"tools/call","params":{"name":"read_memory","arguments":{"memoryType":"snesMemory","ad
[10:24:56.868] [mcp] <- {"jsonrpc":"2.0","id":36,"method":"tools/call","params":{"name":"read_memory","arguments":{"memoryType":"snesMemory","ad
[10:24:56.869] [mcp] <- {"jsonrpc":"2.0","id":37,"method":"tools/call","params":{"name":"read_memory","arguments":{"memoryType":"snesMemory","ad
[10:24:56.869] [mcp] <- {"jsonrpc":"2.0","id":38,"method":"tools/call","params":{"name":"read_memory","arguments":{"memoryType":"snesMemory","ad
[10:24:56.870] [mcp] <- {"jsonrpc":"2.0","id":39,"method":"tools/call","params":{"name":"read_memory","arguments":{"memoryType":"snesMemory","ad
[10:24:56.870] [mcp] <- {"jsonrpc":"2.0","id":40,"method":"tools/call","params":{"name":"read_memory","arguments":{"memoryType":"snesMemory","ad
[10:24:56.871] [mcp] <- {"jsonrpc":"2.0","id":41,"method":"tools/call","params":{"name":"read_memory","arguments":{"memoryType":"snesMemory","ad
[10:24:56.871] [mcp] <- {"jsonrpc":"2.0","id":42,"method":"tools/call","params":{"name":"read_memory","arguments":{"memoryType":"snesMemory","ad
[10:24:56.871] [mcp] <- {"jsonrpc":"2.0","id":43,"method":"tools/call","params":{"name":"read_memory","arguments":{"memoryType":"snesMemory","ad
[10:24:56.872] [mcp] <- {"jsonrpc":"2.0","id":44,"method":"tools/call","params":{"name":"read_memory","arguments":{"memoryType":"snesMemory","ad
[10:24:56.872] [mcp] <- {"jsonrpc":"2.0","id":45,"method":"tools/call","params":{"name":"read_memory","arguments":{"memoryType":"snesMemory","ad
[10:24:56.873] [mcp] <- {"jsonrpc":"2.0","id":46,"method":"tools/call","params":{"name":"resume","arguments":{}}}
[10:24:56.873] [mcp] <- {"jsonrpc":"2.0","id":47,"method":"tools/call","params":{"name":"run_frames","arguments":{"count":1}}}
[10:24:56.916] [mcp] <- {"jsonrpc":"2.0","id":48,"method":"tools/call","params":{"name":"read_memory","arguments":{"memoryType":"snesMemory","ad
[10:24:56.917] [mcp] <- {"jsonrpc":"2.0","id":49,"method":"tools/call","params":{"name":"read_memory","arguments":{"memoryType":"snesMemory","ad
[10:24:56.917] [mcp] <- {"jsonrpc":"2.0","id":50,"method":"tools/call","params":{"name":"read_memory","arguments":{"memoryType":"snesMemory","ad
[10:24:56.917] [mcp] <- {"jsonrpc":"2.0","id":51,"method":"tools/call","params":{"name":"read_memory","arguments":{"memoryType":"snesMemory","ad
[10:24:56.918] [mcp] <- {"jsonrpc":"2.0","id":52,"method":"tools/call","params":{"name":"read_memory","arguments":{"memoryType":"snesMemory","ad
[10:24:56.918] [mcp] <- {"jsonrpc":"2.0","id":53,"method":"tools/call","params":{"name":"read_memory","arguments":{"memoryType":"snesMemory","ad
[10:24:56.919] [mcp] <- {"jsonrpc":"2.0","id":54,"method":"tools/call","params":{"name":"read_memory","arguments":{"memoryType":"snesMemory","ad
[10:24:56.919] [mcp] <- {"jsonrpc":"2.0","id":55,"method":"tools/call","params":{"name":"read_memory","arguments":{"memoryType":"snesMemory","ad
[10:24:56.920] [mcp] <- {"jsonrpc":"2.0","id":56,"method":"tools/call","params":{"name":"read_memory","arguments":{"memoryType":"snesMemory","ad
[10:24:56.920] [mcp] <- {"jsonrpc":"2.0","id":57,"method":"tools/call","params":{"name":"read_memory","arguments":{"memoryType":"snesMemory","ad
[10:24:56.921] [mcp] <- {"jsonrpc":"2.0","id":58,"method":"tools/call","params":{"name":"read_memory","arguments":{"memoryType":"snesMemory","ad
[10:24:56.921] [mcp] <- {"jsonrpc":"2.0","id":59,"method":"tools/call","params":{"name":"read_memory","arguments":{"memoryType":"snesMemory","ad
[10:24:56.922] [mcp] <- {"jsonrpc":"2.0","id":60,"method":"tools/call","params":{"name":"read_memory","arguments":{"memoryType":"snesMemory","ad
[10:24:56.922] [mcp] <- {"jsonrpc":"2.0","id":61,"method":"tools/call","params":{"name":"read_memory","arguments":{"memoryType":"snesMemory","ad
[10:24:56.922] [mcp] <- {"jsonrpc":"2.0","id":62,"method":"tools/call","params":{"name":"resume","arguments":{}}}
[10:24:56.923] [mcp] <- {"jsonrpc":"2.0","id":63,"method":"tools/call","params":{"name":"run_frames","arguments":{"count":1}}}
[10:24:56.965] [mcp] <- {"jsonrpc":"2.0","id":64,"method":"tools/call","params":{"name":"read_memory","arguments":{"memoryType":"snesMemory","ad
[10:24:56.966] [mcp] <- {"jsonrpc":"2.0","id":65,"method":"tools/call","params":{"name":"read_memory","arguments":{"memoryType":"snesMemory","ad
[10:24:56.966] [mcp] <- {"jsonrpc":"2.0","id":66,"method":"tools/call","params":{"name":"read_memory","arguments":{"memoryType":"snesMemory","ad
[10:24:56.967] [mcp] <- {"jsonrpc":"2.0","id":67,"method":"tools/call","params":{"name":"read_memory","arguments":{"memoryType":"snesMemory","ad
[10:24:56.967] [mcp] <- {"jsonrpc":"2.0","id":68,"method":"tools/call","params":{"name":"read_memory","arguments":{"memoryType":"snesMemory","ad
[10:24:56.967] [mcp] <- {"jsonrpc":"2.0","id":69,"method":"tools/call","params":{"name":"read_memory","arguments":{"memoryType":"snesMemory","ad
[10:24:56.968] [mcp] <- {"jsonrpc":"2.0","id":70,"method":"tools/call","params":{"name":"read_memory","arguments":{"memoryType":"snesMemory","ad
[10:24:56.968] [mcp] <- {"jsonrpc":"2.0","id":71,"method":"tools/call","params":{"name":"read_memory","arguments":{"memoryType":"snesMemory","ad
[10:24:56.969] [mcp] <- {"jsonrpc":"2.0","id":72,"method":"tools/call","params":{"name":"read_memory","arguments":{"memoryType":"snesMemory","ad
[10:24:56.969] [mcp] <- {"jsonrpc":"2.0","id":73,"method":"tools/call","params":{"name":"read_memory","arguments":{"memoryType":"snesMemory","ad
[10:24:56.969] [mcp] <- {"jsonrpc":"2.0","id":74,"method":"tools/call","params":{"name":"read_memory","arguments":{"memoryType":"snesMemory","ad
[10:24:56.970] [mcp] <- {"jsonrpc":"2.0","id":75,"method":"tools/call","params":{"name":"read_memory","arguments":{"memoryType":"snesMemory","ad
[10:24:56.970] [mcp] <- {"jsonrpc":"2.0","id":76,"method":"tools/call","params":{"name":"read_memory","arguments":{"memoryType":"snesMemory","ad
[10:24:56.971] [mcp] <- {"jsonrpc":"2.0","id":77,"method":"tools/call","params":{"name":"read_memory","arguments":{"memoryType":"snesMemory","ad
[10:24:56.971] [mcp] <- {"jsonrpc":"2.0","id":78,"method":"tools/call","params":{"name":"resume","arguments":{}}}
[10:24:56.971] [mcp] <- {"jsonrpc":"2.0","id":79,"method":"tools/call","params":{"name":"run_frames","arguments":{"count":1}}}
[10:24:57.020] [mcp] <- {"jsonrpc":"2.0","id":80,"method":"tools/call","params":{"name":"read_memory","arguments":{"memoryType":"snesMemory","ad
[10:24:57.020] [mcp] <- {"jsonrpc":"2.0","id":81,"method":"tools/call","params":{"name":"read_memory","arguments":{"memoryType":"snesMemory","ad
[10:24:57.021] [mcp] <- {"jsonrpc":"2.0","id":82,"method":"tools/call","params":{"name":"read_memory","arguments":{"memoryType":"snesMemory","ad
[10:24:57.021] [mcp] <- {"jsonrpc":"2.0","id":83,"method":"tools/call","params":{"name":"read_memory","arguments":{"memoryType":"snesMemory","ad
[10:24:57.022] [mcp] <- {"jsonrpc":"2.0","id":84,"method":"tools/call","params":{"name":"read_memory","arguments":{"memoryType":"snesMemory","ad
[10:24:57.022] [mcp] <- {"jsonrpc":"2.0","id":85,"method":"tools/call","params":{"name":"read_memory","arguments":{"memoryType":"snesMemory","ad
[10:24:57.022] [mcp] <- {"jsonrpc":"2.0","id":86,"method":"tools/call","params":{"name":"read_memory","arguments":{"memoryType":"snesMemory","ad
[10:24:57.023] [mcp] <- {"jsonrpc":"2.0","id":87,"method":"tools/call","params":{"name":"read_memory","arguments":{"memoryType":"snesMemory","ad
[10:24:57.023] [mcp] <- {"jsonrpc":"2.0","id":88,"method":"tools/call","params":{"name":"read_memory","arguments":{"memoryType":"snesMemory","ad
[10:24:57.024] [mcp] <- {"jsonrpc":"2.0","id":89,"method":"tools/call","params":{"name":"read_memory","arguments":{"memoryType":"snesMemory","ad
[10:24:57.024] [mcp] <- {"jsonrpc":"2.0","id":90,"method":"tools/call","params":{"name":"read_memory","arguments":{"memoryType":"snesMemory","ad
[10:24:57.025] [mcp] <- {"jsonrpc":"2.0","id":91,"method":"tools/call","params":{"name":"read_memory","arguments":{"memoryType":"snesMemory","ad
[10:24:57.025] [mcp] <- {"jsonrpc":"2.0","id":92,"method":"tools/call","params":{"name":"read_memory","arguments":{"memoryType":"snesMemory","ad
[10:24:57.025] [mcp] <- {"jsonrpc":"2.0","id":93,"method":"tools/call","params":{"name":"read_memory","arguments":{"memoryType":"snesMemory","ad
[10:24:57.026] [mcp] <- {"jsonrpc":"2.0","id":94,"method":"tools/call","params":{"name":"resume","arguments":{}}}
[10:24:57.026] [mcp] <- {"jsonrpc":"2.0","id":95,"method":"tools/call","params":{"name":"run_frames","arguments":{"count":1}}}
[10:24:57.063] [mcp] <- {"jsonrpc":"2.0","id":96,"method":"tools/call","params":{"name":"read_memory","arguments":{"memoryType":"snesMemory","ad
[10:24:57.064] [mcp] <- {"jsonrpc":"2.0","id":97,"method":"tools/call","params":{"name":"read_memory","arguments":{"memoryType":"snesMemory","ad
[10:24:57.064] [mcp] <- {"jsonrpc":"2.0","id":98,"method":"tools/call","params":{"name":"read_memory","arguments":{"memoryType":"snesMemory","ad
[10:24:57.065] [mcp] <- {"jsonrpc":"2.0","id":99,"method":"tools/call","params":{"name":"read_memory","arguments":{"memoryType":"snesMemory","ad
[10:24:57.065] [mcp] <- {"jsonrpc":"2.0","id":100,"method":"tools/call","params":{"name":"read_memory","arguments":{"memoryType":"snesMemory","a
[10:24:57.065] [mcp] <- {"jsonrpc":"2.0","id":101,"method":"tools/call","params":{"name":"read_memory","arguments":{"memoryType":"snesMemory","a
[10:24:57.066] [mcp] <- {"jsonrpc":"2.0","id":102,"method":"tools/call","params":{"name":"read_memory","arguments":{"memoryType":"snesMemory","a
[10:24:57.066] [mcp] <- {"jsonrpc":"2.0","id":103,"method":"tools/call","params":{"name":"read_memory","arguments":{"memoryType":"snesMemory","a
[10:24:57.067] [mcp] <- {"jsonrpc":"2.0","id":104,"method":"tools/call","params":{"name":"read_memory","arguments":{"memoryType":"snesMemory","a
[10:24:57.067] [mcp] <- {"jsonrpc":"2.0","id":105,"method":"tools/call","params":{"name":"read_memory","arguments":{"memoryType":"snesMemory","a
[10:24:57.068] [mcp] <- {"jsonrpc":"2.0","id":106,"method":"tools/call","params":{"name":"read_memory","arguments":{"memoryType":"snesMemory","a
[10:24:57.068] [mcp] <- {"jsonrpc":"2.0","id":107,"method":"tools/call","params":{"name":"read_memory","arguments":{"memoryType":"snesMemory","a
[10:24:57.069] [mcp] <- {"jsonrpc":"2.0","id":108,"method":"tools/call","params":{"name":"read_memory","arguments":{"memoryType":"snesMemory","a
[10:24:57.069] [mcp] <- {"jsonrpc":"2.0","id":109,"method":"tools/call","params":{"name":"read_memory","arguments":{"memoryType":"snesMemory","a
[10:24:57.069] [mcp] <- {"jsonrpc":"2.0","id":110,"method":"tools/call","params":{"name":"resume","arguments":{}}}
[10:24:57.070] [mcp] <- {"jsonrpc":"2.0","id":111,"method":"tools/call","params":{"name":"run_frames","arguments":{"count":1}}}
[10:24:57.113] [mcp] <- {"jsonrpc":"2.0","id":112,"method":"tools/call","params":{"name":"read_memory","arguments":{"memoryType":"snesMemory","a
[10:24:57.113] [mcp] <- {"jsonrpc":"2.0","id":113,"method":"tools/call","params":{"name":"read_memory","arguments":{"memoryType":"snesMemory","a
[10:24:57.114] [mcp] <- {"jsonrpc":"2.0","id":114,"method":"tools/call","params":{"name":"read_memory","arguments":{"memoryType":"snesMemory","a
[10:24:57.114] [mcp] <- {"jsonrpc":"2.0","id":115,"method":"tools/call","params":{"name":"read_memory","arguments":{"memoryType":"snesMemory","a
[10:24:57.115] [mcp] <- {"jsonrpc":"2.0","id":116,"method":"tools/call","params":{"name":"read_memory","arguments":{"memoryType":"snesMemory","a
[10:24:57.115] [mcp] <- {"jsonrpc":"2.0","id":117,"method":"tools/call","params":{"name":"read_memory","arguments":{"memoryType":"snesMemory","a
[10:24:57.115] [mcp] <- {"jsonrpc":"2.0","id":118,"method":"tools/call","params":{"name":"read_memory","arguments":{"memoryType":"snesMemory","a
[10:24:57.116] [mcp] <- {"jsonrpc":"2.0","id":119,"method":"tools/call","params":{"name":"read_memory","arguments":{"memoryType":"snesMemory","a
[10:24:57.116] [mcp] <- {"jsonrpc":"2.0","id":120,"method":"tools/call","params":{"name":"read_memory","arguments":{"memoryType":"snesMemory","a
[10:24:57.117] [mcp] <- {"jsonrpc":"2.0","id":121,"method":"tools/call","params":{"name":"read_memory","arguments":{"memoryType":"snesMemory","a
[10:24:57.117] [mcp] <- {"jsonrpc":"2.0","id":122,"method":"tools/call","params":{"name":"read_memory","arguments":{"memoryType":"snesMemory","a
[10:24:57.118] [mcp] <- {"jsonrpc":"2.0","id":123,"method":"tools/call","params":{"name":"read_memory","arguments":{"memoryType":"snesMemory","a
[10:24:57.118] [mcp] <- {"jsonrpc":"2.0","id":124,"method":"tools/call","params":{"name":"read_memory","arguments":{"memoryType":"snesMemory","a
[10:24:57.119] [mcp] <- {"jsonrpc":"2.0","id":125,"method":"tools/call","params":{"name":"read_memory","arguments":{"memoryType":"snesMemory","a
[10:24:57.119] [mcp] <- {"jsonrpc":"2.0","id":126,"method":"tools/call","params":{"name":"resume","arguments":{}}}
[10:24:57.119] [mcp] <- {"jsonrpc":"2.0","id":127,"method":"tools/call","params":{"name":"run_frames","arguments":{"count":1}}}
[10:24:57.179] [mcp] <- {"jsonrpc":"2.0","id":128,"method":"tools/call","params":{"name":"read_memory","arguments":{"memoryType":"snesMemory","a
[10:24:57.179] [mcp] <- {"jsonrpc":"2.0","id":129,"method":"tools/call","params":{"name":"read_memory","arguments":{"memoryType":"snesMemory","a
[10:24:57.180] [mcp] <- {"jsonrpc":"2.0","id":130,"method":"tools/call","params":{"name":"read_memory","arguments":{"memoryType":"snesMemory","a
[10:24:57.180] [mcp] <- {"jsonrpc":"2.0","id":131,"method":"tools/call","params":{"name":"read_memory","arguments":{"memoryType":"snesMemory","a
[10:24:57.181] [mcp] <- {"jsonrpc":"2.0","id":132,"method":"tools/call","params":{"name":"read_memory","arguments":{"memoryType":"snesMemory","a
[10:24:57.181] [mcp] <- {"jsonrpc":"2.0","id":133,"method":"tools/call","params":{"name":"read_memory","arguments":{"memoryType":"snesMemory","a
[10:24:57.181] [mcp] <- {"jsonrpc":"2.0","id":134,"method":"tools/call","params":{"name":"read_memory","arguments":{"memoryType":"snesMemory","a
[10:24:57.182] [mcp] <- {"jsonrpc":"2.0","id":135,"method":"tools/call","params":{"name":"read_memory","arguments":{"memoryType":"snesMemory","a
[10:24:57.182] [mcp] <- {"jsonrpc":"2.0","id":136,"method":"tools/call","params":{"name":"read_memory","arguments":{"memoryType":"snesMemory","a
[10:24:57.183] [mcp] <- {"jsonrpc":"2.0","id":137,"method":"tools/call","params":{"name":"read_memory","arguments":{"memoryType":"snesMemory","a
[10:24:57.183] [mcp] <- {"jsonrpc":"2.0","id":138,"method":"tools/call","params":{"name":"read_memory","arguments":{"memoryType":"snesMemory","a
[10:24:57.183] [mcp] <- {"jsonrpc":"2.0","id":139,"method":"tools/call","params":{"name":"read_memory","arguments":{"memoryType":"snesMemory","a
[10:24:57.184] [mcp] <- {"jsonrpc":"2.0","id":140,"method":"tools/call","params":{"name":"read_memory","arguments":{"memoryType":"snesMemory","a
[10:24:57.184] [mcp] <- {"jsonrpc":"2.0","id":141,"method":"tools/call","params":{"name":"read_memory","arguments":{"memoryType":"snesMemory","a
[10:24:57.185] [mcp] <- {"jsonrpc":"2.0","id":142,"method":"tools/call","params":{"name":"resume","arguments":{}}}
[10:24:57.185] [mcp] <- {"jsonrpc":"2.0","id":143,"method":"tools/call","params":{"name":"run_frames","arguments":{"count":1}}}
[10:24:57.219] [mcp] <- {"jsonrpc":"2.0","id":144,"method":"tools/call","params":{"name":"read_memory","arguments":{"memoryType":"snesMemory","a
[10:24:57.219] [mcp] <- {"jsonrpc":"2.0","id":145,"method":"tools/call","params":{"name":"read_memory","arguments":{"memoryType":"snesMemory","a
[10:24:57.220] [mcp] <- {"jsonrpc":"2.0","id":146,"method":"tools/call","params":{"name":"read_memory","arguments":{"memoryType":"snesMemory","a
[10:24:57.220] [mcp] <- {"jsonrpc":"2.0","id":147,"method":"tools/call","params":{"name":"read_memory","arguments":{"memoryType":"snesMemory","a
[10:24:57.221] [mcp] <- {"jsonrpc":"2.0","id":148,"method":"tools/call","params":{"name":"read_memory","arguments":{"memoryType":"snesMemory","a
[10:24:57.221] [mcp] <- {"jsonrpc":"2.0","id":149,"method":"tools/call","params":{"name":"read_memory","arguments":{"memoryType":"snesMemory","a
[10:24:57.221] [mcp] <- {"jsonrpc":"2.0","id":150,"method":"tools/call","params":{"name":"read_memory","arguments":{"memoryType":"snesMemory","a
[10:24:57.222] [mcp] <- {"jsonrpc":"2.0","id":151,"method":"tools/call","params":{"name":"read_memory","arguments":{"memoryType":"snesMemory","a
[10:24:57.222] [mcp] <- {"jsonrpc":"2.0","id":152,"method":"tools/call","params":{"name":"read_memory","arguments":{"memoryType":"snesMemory","a
[10:24:57.223] [mcp] <- {"jsonrpc":"2.0","id":153,"method":"tools/call","params":{"name":"read_memory","arguments":{"memoryType":"snesMemory","a
[10:24:57.223] [mcp] <- {"jsonrpc":"2.0","id":154,"method":"tools/call","params":{"name":"read_memory","arguments":{"memoryType":"snesMemory","a
[10:24:57.223] [mcp] <- {"jsonrpc":"2.0","id":155,"method":"tools/call","params":{"name":"read_memory","arguments":{"memoryType":"snesMemory","a
[10:24:57.224] [mcp] <- {"jsonrpc":"2.0","id":156,"method":"tools/call","params":{"name":"read_memory","arguments":{"memoryType":"snesMemory","a
[10:24:57.224] [mcp] <- {"jsonrpc":"2.0","id":157,"method":"tools/call","params":{"name":"read_memory","arguments":{"memoryType":"snesMemory","a
[10:24:57.225] [mcp] <- {"jsonrpc":"2.0","id":158,"method":"tools/call","params":{"name":"resume","arguments":{}}}
[10:24:57.225] [mcp] <- {"jsonrpc":"2.0","id":159,"method":"tools/call","params":{"name":"run_frames","arguments":{"count":1}}}
[10:24:57.261] [mcp] <- {"jsonrpc":"2.0","id":160,"method":"tools/call","params":{"name":"read_memory","arguments":{"memoryType":"snesMemory","a
[10:24:57.261] [mcp] <- {"jsonrpc":"2.0","id":161,"method":"tools/call","params":{"name":"read_memory","arguments":{"memoryType":"snesMemory","a
[10:24:57.262] [mcp] <- {"jsonrpc":"2.0","id":162,"method":"tools/call","params":{"name":"read_memory","arguments":{"memoryType":"snesMemory","a
[10:24:57.262] [mcp] <- {"jsonrpc":"2.0","id":163,"method":"tools/call","params":{"name":"read_memory","arguments":{"memoryType":"snesMemory","a
[10:24:57.263] [mcp] <- {"jsonrpc":"2.0","id":164,"method":"tools/call","params":{"name":"read_memory","arguments":{"memoryType":"snesMemory","a
[10:24:57.263] [mcp] <- {"jsonrpc":"2.0","id":165,"method":"tools/call","params":{"name":"read_memory","arguments":{"memoryType":"snesMemory","a
[10:24:57.264] [mcp] <- {"jsonrpc":"2.0","id":166,"method":"tools/call","params":{"name":"read_memory","arguments":{"memoryType":"snesMemory","a
[10:24:57.264] [mcp] <- {"jsonrpc":"2.0","id":167,"method":"tools/call","params":{"name":"read_memory","arguments":{"memoryType":"snesMemory","a
[10:24:57.264] [mcp] <- {"jsonrpc":"2.0","id":168,"method":"tools/call","params":{"name":"read_memory","arguments":{"memoryType":"snesMemory","a
[10:24:57.265] [mcp] <- {"jsonrpc":"2.0","id":169,"method":"tools/call","params":{"name":"read_memory","arguments":{"memoryType":"snesMemory","a
[10:24:57.265] [mcp] <- {"jsonrpc":"2.0","id":170,"method":"tools/call","params":{"name":"read_memory","arguments":{"memoryType":"snesMemory","a
[10:24:57.266] [mcp] <- {"jsonrpc":"2.0","id":171,"method":"tools/call","params":{"name":"read_memory","arguments":{"memoryType":"snesMemory","a
[10:24:57.266] [mcp] <- {"jsonrpc":"2.0","id":172,"method":"tools/call","params":{"name":"read_memory","arguments":{"memoryType":"snesMemory","a
[10:24:57.266] [mcp] <- {"jsonrpc":"2.0","id":173,"method":"tools/call","params":{"name":"read_memory","arguments":{"memoryType":"snesMemory","a
[10:24:57.267] [mcp] <- {"jsonrpc":"2.0","id":174,"method":"tools/call","params":{"name":"resume","arguments":{}}}
[10:24:57.267] [mcp] <- {"jsonrpc":"2.0","id":175,"method":"tools/call","params":{"name":"run_frames","arguments":{"count":1}}}
[10:24:57.307] [mcp] <- {"jsonrpc":"2.0","id":176,"method":"tools/call","params":{"name":"read_memory","arguments":{"memoryType":"snesMemory","a
[10:24:57.308] [mcp] <- {"jsonrpc":"2.0","id":177,"method":"tools/call","params":{"name":"read_memory","arguments":{"memoryType":"snesMemory","a
[10:24:57.308] [mcp] <- {"jsonrpc":"2.0","id":178,"method":"tools/call","params":{"name":"read_memory","arguments":{"memoryType":"snesMemory","a
[10:24:57.308] [mcp] <- {"jsonrpc":"2.0","id":179,"method":"tools/call","params":{"name":"read_memory","arguments":{"memoryType":"snesMemory","a
[10:24:57.309] [mcp] <- {"jsonrpc":"2.0","id":180,"method":"tools/call","params":{"name":"read_memory","arguments":{"memoryType":"snesMemory","a
[10:24:57.309] [mcp] <- {"jsonrpc":"2.0","id":181,"method":"tools/call","params":{"name":"read_memory","arguments":{"memoryType":"snesMemory","a
[10:24:57.310] [mcp] <- {"jsonrpc":"2.0","id":182,"method":"tools/call","params":{"name":"read_memory","arguments":{"memoryType":"snesMemory","a
[10:24:57.310] [mcp] <- {"jsonrpc":"2.0","id":183,"method":"tools/call","params":{"name":"read_memory","arguments":{"memoryType":"snesMemory","a
[10:24:57.311] [mcp] <- {"jsonrpc":"2.0","id":184,"method":"tools/call","params":{"name":"read_memory","arguments":{"memoryType":"snesMemory","a
[10:24:57.311] [mcp] <- {"jsonrpc":"2.0","id":185,"method":"tools/call","params":{"name":"read_memory","arguments":{"memoryType":"snesMemory","a
[10:24:57.311] [mcp] <- {"jsonrpc":"2.0","id":186,"method":"tools/call","params":{"name":"read_memory","arguments":{"memoryType":"snesMemory","a
[10:24:57.312] [mcp] <- {"jsonrpc":"2.0","id":187,"method":"tools/call","params":{"name":"read_memory","arguments":{"memoryType":"snesMemory","a
[10:24:57.312] [mcp] <- {"jsonrpc":"2.0","id":188,"method":"tools/call","params":{"name":"read_memory","arguments":{"memoryType":"snesMemory","a
[10:24:57.313] [mcp] <- {"jsonrpc":"2.0","id":189,"method":"tools/call","params":{"name":"read_memory","arguments":{"memoryType":"snesMemory","a
[10:24:57.313] [mcp] <- {"jsonrpc":"2.0","id":190,"method":"tools/call","params":{"name":"resume","arguments":{}}}
[10:24:57.313] [mcp] <- {"jsonrpc":"2.0","id":191,"method":"tools/call","params":{"name":"run_frames","arguments":{"count":1}}}
[10:24:57.370] [mcp] <- {"jsonrpc":"2.0","id":192,"method":"tools/call","params":{"name":"read_memory","arguments":{"memoryType":"snesMemory","a
[10:24:57.370] [mcp] <- {"jsonrpc":"2.0","id":193,"method":"tools/call","params":{"name":"read_memory","arguments":{"memoryType":"snesMemory","a
[10:24:57.371] [mcp] <- {"jsonrpc":"2.0","id":194,"method":"tools/call","params":{"name":"read_memory","arguments":{"memoryType":"snesMemory","a
[10:24:57.371] [mcp] <- {"jsonrpc":"2.0","id":195,"method":"tools/call","params":{"name":"read_memory","arguments":{"memoryType":"snesMemory","a
[10:24:57.372] [mcp] <- {"jsonrpc":"2.0","id":196,"method":"tools/call","params":{"name":"read_memory","arguments":{"memoryType":"snesMemory","a
[10:24:57.372] [mcp] <- {"jsonrpc":"2.0","id":197,"method":"tools/call","params":{"name":"read_memory","arguments":{"memoryType":"snesMemory","a
[10:24:57.373] [mcp] <- {"jsonrpc":"2.0","id":198,"method":"tools/call","params":{"name":"read_memory","arguments":{"memoryType":"snesMemory","a
[10:24:57.373] [mcp] <- {"jsonrpc":"2.0","id":199,"method":"tools/call","params":{"name":"read_memory","arguments":{"memoryType":"snesMemory","a
[10:24:57.373] [mcp] <- {"jsonrpc":"2.0","id":200,"method":"tools/call","params":{"name":"read_memory","arguments":{"memoryType":"snesMemory","a
[10:24:57.374] [mcp] <- {"jsonrpc":"2.0","id":201,"method":"tools/call","params":{"name":"read_memory","arguments":{"memoryType":"snesMemory","a
[10:24:57.374] [mcp] <- {"jsonrpc":"2.0","id":202,"method":"tools/call","params":{"name":"read_memory","arguments":{"memoryType":"snesMemory","a
[10:24:57.375] [mcp] <- {"jsonrpc":"2.0","id":203,"method":"tools/call","params":{"name":"read_memory","arguments":{"memoryType":"snesMemory","a
[10:24:57.375] [mcp] <- {"jsonrpc":"2.0","id":204,"method":"tools/call","params":{"name":"read_memory","arguments":{"memoryType":"snesMemory","a
[10:24:57.375] [mcp] <- {"jsonrpc":"2.0","id":205,"method":"tools/call","params":{"name":"read_memory","arguments":{"memoryType":"snesMemory","a
[10:24:57.376] [mcp] <- {"jsonrpc":"2.0","id":206,"method":"tools/call","params":{"name":"resume","arguments":{}}}
[10:24:57.376] [mcp] <- {"jsonrpc":"2.0","id":207,"method":"tools/call","params":{"name":"run_frames","arguments":{"count":1}}}
[10:24:57.425] [mcp] <- {"jsonrpc":"2.0","id":208,"method":"tools/call","params":{"name":"read_memory","arguments":{"memoryType":"snesMemory","a
[10:24:57.425] [mcp] <- {"jsonrpc":"2.0","id":209,"method":"tools/call","params":{"name":"read_memory","arguments":{"memoryType":"snesMemory","a
[10:24:57.426] [mcp] <- {"jsonrpc":"2.0","id":210,"method":"tools/call","params":{"name":"read_memory","arguments":{"memoryType":"snesMemory","a
[10:24:57.426] [mcp] <- {"jsonrpc":"2.0","id":211,"method":"tools/call","params":{"name":"read_memory","arguments":{"memoryType":"snesMemory","a
[10:24:57.427] [mcp] <- {"jsonrpc":"2.0","id":212,"method":"tools/call","params":{"name":"read_memory","arguments":{"memoryType":"snesMemory","a
[10:24:57.427] [mcp] <- {"jsonrpc":"2.0","id":213,"method":"tools/call","params":{"name":"read_memory","arguments":{"memoryType":"snesMemory","a
[10:24:57.428] [mcp] <- {"jsonrpc":"2.0","id":214,"method":"tools/call","params":{"name":"read_memory","arguments":{"memoryType":"snesMemory","a
[10:24:57.428] [mcp] <- {"jsonrpc":"2.0","id":215,"method":"tools/call","params":{"name":"read_memory","arguments":{"memoryType":"snesMemory","a
[10:24:57.428] [mcp] <- {"jsonrpc":"2.0","id":216,"method":"tools/call","params":{"name":"read_memory","arguments":{"memoryType":"snesMemory","a
[10:24:57.429] [mcp] <- {"jsonrpc":"2.0","id":217,"method":"tools/call","params":{"name":"read_memory","arguments":{"memoryType":"snesMemory","a
[10:24:57.429] [mcp] <- {"jsonrpc":"2.0","id":218,"method":"tools/call","params":{"name":"read_memory","arguments":{"memoryType":"snesMemory","a
[10:24:57.430] [mcp] <- {"jsonrpc":"2.0","id":219,"method":"tools/call","params":{"name":"read_memory","arguments":{"memoryType":"snesMemory","a
[10:24:57.430] [mcp] <- {"jsonrpc":"2.0","id":220,"method":"tools/call","params":{"name":"read_memory","arguments":{"memoryType":"snesMemory","a
[10:24:57.430] [mcp] <- {"jsonrpc":"2.0","id":221,"method":"tools/call","params":{"name":"read_memory","arguments":{"memoryType":"snesMemory","a
[10:24:57.431] [mcp] <- {"jsonrpc":"2.0","id":222,"method":"tools/call","params":{"name":"resume","arguments":{}}}
[10:24:57.431] [mcp] <- {"jsonrpc":"2.0","id":223,"method":"tools/call","params":{"name":"run_frames","arguments":{"count":1}}}
[10:24:57.472] [mcp] <- {"jsonrpc":"2.0","id":224,"method":"tools/call","params":{"name":"read_memory","arguments":{"memoryType":"snesMemory","a
[10:24:57.473] [mcp] <- {"jsonrpc":"2.0","id":225,"method":"tools/call","params":{"name":"read_memory","arguments":{"memoryType":"snesMemory","a
[10:24:57.473] [mcp] <- {"jsonrpc":"2.0","id":226,"method":"tools/call","params":{"name":"read_memory","arguments":{"memoryType":"snesMemory","a
[10:24:57.474] [mcp] <- {"jsonrpc":"2.0","id":227,"method":"tools/call","params":{"name":"read_memory","arguments":{"memoryType":"snesMemory","a
[10:24:57.474] [mcp] <- {"jsonrpc":"2.0","id":228,"method":"tools/call","params":{"name":"read_memory","arguments":{"memoryType":"snesMemory","a
[10:24:57.475] [mcp] <- {"jsonrpc":"2.0","id":229,"method":"tools/call","params":{"name":"read_memory","arguments":{"memoryType":"snesMemory","a
[10:24:57.475] [mcp] <- {"jsonrpc":"2.0","id":230,"method":"tools/call","params":{"name":"read_memory","arguments":{"memoryType":"snesMemory","a
[10:24:57.475] [mcp] <- {"jsonrpc":"2.0","id":231,"method":"tools/call","params":{"name":"read_memory","arguments":{"memoryType":"snesMemory","a
[10:24:57.476] [mcp] <- {"jsonrpc":"2.0","id":232,"method":"tools/call","params":{"name":"read_memory","arguments":{"memoryType":"snesMemory","a
[10:24:57.476] [mcp] <- {"jsonrpc":"2.0","id":233,"method":"tools/call","params":{"name":"read_memory","arguments":{"memoryType":"snesMemory","a
[10:24:57.477] [mcp] <- {"jsonrpc":"2.0","id":234,"method":"tools/call","params":{"name":"read_memory","arguments":{"memoryType":"snesMemory","a
[10:24:57.477] [mcp] <- {"jsonrpc":"2.0","id":235,"method":"tools/call","params":{"name":"read_memory","arguments":{"memoryType":"snesMemory","a
[10:24:57.477] [mcp] <- {"jsonrpc":"2.0","id":236,"method":"tools/call","params":{"name":"read_memory","arguments":{"memoryType":"snesMemory","a
[10:24:57.478] [mcp] <- {"jsonrpc":"2.0","id":237,"method":"tools/call","params":{"name":"read_memory","arguments":{"memoryType":"snesMemory","a
[10:24:57.478] [mcp] <- {"jsonrpc":"2.0","id":238,"method":"tools/call","params":{"name":"resume","arguments":{}}}
[10:24:57.479] [mcp] <- {"jsonrpc":"2.0","id":239,"method":"tools/call","params":{"name":"run_frames","arguments":{"count":1}}}
[10:24:57.523] [mcp] <- {"jsonrpc":"2.0","id":240,"method":"tools/call","params":{"name":"read_memory","arguments":{"memoryType":"snesMemory","a
[10:24:57.523] [mcp] <- {"jsonrpc":"2.0","id":241,"method":"tools/call","params":{"name":"read_memory","arguments":{"memoryType":"snesMemory","a
[10:24:57.523] [mcp] <- {"jsonrpc":"2.0","id":242,"method":"tools/call","params":{"name":"read_memory","arguments":{"memoryType":"snesMemory","a
[10:24:57.524] [mcp] <- {"jsonrpc":"2.0","id":243,"method":"tools/call","params":{"name":"read_memory","arguments":{"memoryType":"snesMemory","a
[10:24:57.524] [mcp] <- {"jsonrpc":"2.0","id":244,"method":"tools/call","params":{"name":"read_memory","arguments":{"memoryType":"snesMemory","a
[10:24:57.525] [mcp] <- {"jsonrpc":"2.0","id":245,"method":"tools/call","params":{"name":"read_memory","arguments":{"memoryType":"snesMemory","a
[10:24:57.525] [mcp] <- {"jsonrpc":"2.0","id":246,"method":"tools/call","params":{"name":"read_memory","arguments":{"memoryType":"snesMemory","a
[10:24:57.525] [mcp] <- {"jsonrpc":"2.0","id":247,"method":"tools/call","params":{"name":"read_memory","arguments":{"memoryType":"snesMemory","a
[10:24:57.526] [mcp] <- {"jsonrpc":"2.0","id":248,"method":"tools/call","params":{"name":"read_memory","arguments":{"memoryType":"snesMemory","a
[10:24:57.526] [mcp] <- {"jsonrpc":"2.0","id":249,"method":"tools/call","params":{"name":"read_memory","arguments":{"memoryType":"snesMemory","a
[10:24:57.527] [mcp] <- {"jsonrpc":"2.0","id":250,"method":"tools/call","params":{"name":"read_memory","arguments":{"memoryType":"snesMemory","a
[10:24:57.527] [mcp] <- {"jsonrpc":"2.0","id":251,"method":"tools/call","params":{"name":"read_memory","arguments":{"memoryType":"snesMemory","a
[10:24:57.527] [mcp] <- {"jsonrpc":"2.0","id":252,"method":"tools/call","params":{"name":"read_memory","arguments":{"memoryType":"snesMemory","a
[10:24:57.528] [mcp] <- {"jsonrpc":"2.0","id":253,"method":"tools/call","params":{"name":"read_memory","arguments":{"memoryType":"snesMemory","a
[10:24:57.528] [mcp] <- {"jsonrpc":"2.0","id":254,"method":"tools/call","params":{"name":"resume","arguments":{}}}
[10:24:57.529] [mcp] <- {"jsonrpc":"2.0","id":255,"method":"tools/call","params":{"name":"run_frames","arguments":{"count":1}}}
[10:24:57.571] [mcp] <- {"jsonrpc":"2.0","id":256,"method":"tools/call","params":{"name":"read_memory","arguments":{"memoryType":"snesMemory","a
[10:24:57.571] [mcp] <- {"jsonrpc":"2.0","id":257,"method":"tools/call","params":{"name":"read_memory","arguments":{"memoryType":"snesMemory","a
[10:24:57.572] [mcp] <- {"jsonrpc":"2.0","id":258,"method":"tools/call","params":{"name":"read_memory","arguments":{"memoryType":"snesMemory","a
[10:24:57.572] [mcp] <- {"jsonrpc":"2.0","id":259,"method":"tools/call","params":{"name":"read_memory","arguments":{"memoryType":"snesMemory","a
[10:24:57.572] [mcp] <- {"jsonrpc":"2.0","id":260,"method":"tools/call","params":{"name":"read_memory","arguments":{"memoryType":"snesMemory","a
[10:24:57.573] [mcp] <- {"jsonrpc":"2.0","id":261,"method":"tools/call","params":{"name":"read_memory","arguments":{"memoryType":"snesMemory","a
[10:24:57.573] [mcp] <- {"jsonrpc":"2.0","id":262,"method":"tools/call","params":{"name":"read_memory","arguments":{"memoryType":"snesMemory","a
[10:24:57.574] [mcp] <- {"jsonrpc":"2.0","id":263,"method":"tools/call","params":{"name":"read_memory","arguments":{"memoryType":"snesMemory","a
[10:24:57.574] [mcp] <- {"jsonrpc":"2.0","id":264,"method":"tools/call","params":{"name":"read_memory","arguments":{"memoryType":"snesMemory","a
[10:24:57.574] [mcp] <- {"jsonrpc":"2.0","id":265,"method":"tools/call","params":{"name":"read_memory","arguments":{"memoryType":"snesMemory","a
[10:24:57.575] [mcp] <- {"jsonrpc":"2.0","id":266,"method":"tools/call","params":{"name":"read_memory","arguments":{"memoryType":"snesMemory","a
[10:24:57.575] [mcp] <- {"jsonrpc":"2.0","id":267,"method":"tools/call","params":{"name":"read_memory","arguments":{"memoryType":"snesMemory","a
[10:24:57.576] [mcp] <- {"jsonrpc":"2.0","id":268,"method":"tools/call","params":{"name":"read_memory","arguments":{"memoryType":"snesMemory","a
[10:24:57.576] [mcp] <- {"jsonrpc":"2.0","id":269,"method":"tools/call","params":{"name":"read_memory","arguments":{"memoryType":"snesMemory","a
[10:24:57.577] [mcp] <- {"jsonrpc":"2.0","id":270,"method":"tools/call","params":{"name":"resume","arguments":{}}}
[10:24:57.577] [mcp] <- {"jsonrpc":"2.0","id":271,"method":"tools/call","params":{"name":"run_frames","arguments":{"count":1}}}
[10:24:57.626] [mcp] <- {"jsonrpc":"2.0","id":272,"method":"tools/call","params":{"name":"read_memory","arguments":{"memoryType":"snesMemory","a
[10:24:57.626] [mcp] <- {"jsonrpc":"2.0","id":273,"method":"tools/call","params":{"name":"read_memory","arguments":{"memoryType":"snesMemory","a
[10:24:57.626] [mcp] <- {"jsonrpc":"2.0","id":274,"method":"tools/call","params":{"name":"read_memory","arguments":{"memoryType":"snesMemory","a
[10:24:57.627] [mcp] <- {"jsonrpc":"2.0","id":275,"method":"tools/call","params":{"name":"read_memory","arguments":{"memoryType":"snesMemory","a
[10:24:57.627] [mcp] <- {"jsonrpc":"2.0","id":276,"method":"tools/call","params":{"name":"read_memory","arguments":{"memoryType":"snesMemory","a
[10:24:57.628] [mcp] <- {"jsonrpc":"2.0","id":277,"method":"tools/call","params":{"name":"read_memory","arguments":{"memoryType":"snesMemory","a
[10:24:57.628] [mcp] <- {"jsonrpc":"2.0","id":278,"method":"tools/call","params":{"name":"read_memory","arguments":{"memoryType":"snesMemory","a
[10:24:57.628] [mcp] <- {"jsonrpc":"2.0","id":279,"method":"tools/call","params":{"name":"read_memory","arguments":{"memoryType":"snesMemory","a
[10:24:57.629] [mcp] <- {"jsonrpc":"2.0","id":280,"method":"tools/call","params":{"name":"read_memory","arguments":{"memoryType":"snesMemory","a
[10:24:57.629] [mcp] <- {"jsonrpc":"2.0","id":281,"method":"tools/call","params":{"name":"read_memory","arguments":{"memoryType":"snesMemory","a
[10:24:57.630] [mcp] <- {"jsonrpc":"2.0","id":282,"method":"tools/call","params":{"name":"read_memory","arguments":{"memoryType":"snesMemory","a
[10:24:57.630] [mcp] <- {"jsonrpc":"2.0","id":283,"method":"tools/call","params":{"name":"read_memory","arguments":{"memoryType":"snesMemory","a
[10:24:57.630] [mcp] <- {"jsonrpc":"2.0","id":284,"method":"tools/call","params":{"name":"read_memory","arguments":{"memoryType":"snesMemory","a
[10:24:57.631] [mcp] <- {"jsonrpc":"2.0","id":285,"method":"tools/call","params":{"name":"read_memory","arguments":{"memoryType":"snesMemory","a
[10:24:57.631] [mcp] <- {"jsonrpc":"2.0","id":286,"method":"tools/call","params":{"name":"resume","arguments":{}}}
[10:24:57.631] [mcp] <- {"jsonrpc":"2.0","id":287,"method":"tools/call","params":{"name":"run_frames","arguments":{"count":1}}}
[10:24:57.677] [mcp] <- {"jsonrpc":"2.0","id":288,"method":"tools/call","params":{"name":"read_memory","arguments":{"memoryType":"snesMemory","a
[10:24:57.678] [mcp] <- {"jsonrpc":"2.0","id":289,"method":"tools/call","params":{"name":"read_memory","arguments":{"memoryType":"snesMemory","a
[10:24:57.678] [mcp] <- {"jsonrpc":"2.0","id":290,"method":"tools/call","params":{"name":"read_memory","arguments":{"memoryType":"snesMemory","a
[10:24:57.679] [mcp] <- {"jsonrpc":"2.0","id":291,"method":"tools/call","params":{"name":"read_memory","arguments":{"memoryType":"snesMemory","a
[10:24:57.679] [mcp] <- {"jsonrpc":"2.0","id":292,"method":"tools/call","params":{"name":"read_memory","arguments":{"memoryType":"snesMemory","a
[10:24:57.680] [mcp] <- {"jsonrpc":"2.0","id":293,"method":"tools/call","params":{"name":"read_memory","arguments":{"memoryType":"snesMemory","a
[10:24:57.680] [mcp] <- {"jsonrpc":"2.0","id":294,"method":"tools/call","params":{"name":"read_memory","arguments":{"memoryType":"snesMemory","a
[10:24:57.680] [mcp] <- {"jsonrpc":"2.0","id":295,"method":"tools/call","params":{"name":"read_memory","arguments":{"memoryType":"snesMemory","a
[10:24:57.681] [mcp] <- {"jsonrpc":"2.0","id":296,"method":"tools/call","params":{"name":"read_memory","arguments":{"memoryType":"snesMemory","a
[10:24:57.681] [mcp] <- {"jsonrpc":"2.0","id":297,"method":"tools/call","params":{"name":"read_memory","arguments":{"memoryType":"snesMemory","a
[10:24:57.682] [mcp] <- {"jsonrpc":"2.0","id":298,"method":"tools/call","params":{"name":"read_memory","arguments":{"memoryType":"snesMemory","a
[10:24:57.682] [mcp] <- {"jsonrpc":"2.0","id":299,"method":"tools/call","params":{"name":"read_memory","arguments":{"memoryType":"snesMemory","a
[10:24:57.683] [mcp] <- {"jsonrpc":"2.0","id":300,"method":"tools/call","params":{"name":"read_memory","arguments":{"memoryType":"snesMemory","a
[10:24:57.683] [mcp] <- {"jsonrpc":"2.0","id":301,"method":"tools/call","params":{"name":"read_memory","arguments":{"memoryType":"snesMemory","a
[10:24:57.683] [mcp] <- {"jsonrpc":"2.0","id":302,"method":"tools/call","params":{"name":"resume","arguments":{}}}
[10:24:57.684] [mcp] <- {"jsonrpc":"2.0","id":303,"method":"tools/call","params":{"name":"run_frames","arguments":{"count":1}}}
[10:24:57.720] [mcp] <- {"jsonrpc":"2.0","id":304,"method":"tools/call","params":{"name":"read_memory","arguments":{"memoryType":"snesMemory","a
[10:24:57.720] [mcp] <- {"jsonrpc":"2.0","id":305,"method":"tools/call","params":{"name":"read_memory","arguments":{"memoryType":"snesMemory","a
[10:24:57.720] [mcp] <- {"jsonrpc":"2.0","id":306,"method":"tools/call","params":{"name":"read_memory","arguments":{"memoryType":"snesMemory","a
[10:24:57.721] [mcp] <- {"jsonrpc":"2.0","id":307,"method":"tools/call","params":{"name":"read_memory","arguments":{"memoryType":"snesMemory","a
[10:24:57.721] [mcp] <- {"jsonrpc":"2.0","id":308,"method":"tools/call","params":{"name":"read_memory","arguments":{"memoryType":"snesMemory","a
[10:24:57.722] [mcp] <- {"jsonrpc":"2.0","id":309,"method":"tools/call","params":{"name":"read_memory","arguments":{"memoryType":"snesMemory","a
[10:24:57.722] [mcp] <- {"jsonrpc":"2.0","id":310,"method":"tools/call","params":{"name":"read_memory","arguments":{"memoryType":"snesMemory","a
[10:24:57.723] [mcp] <- {"jsonrpc":"2.0","id":311,"method":"tools/call","params":{"name":"read_memory","arguments":{"memoryType":"snesMemory","a
[10:24:57.723] [mcp] <- {"jsonrpc":"2.0","id":312,"method":"tools/call","params":{"name":"read_memory","arguments":{"memoryType":"snesMemory","a
[10:24:57.723] [mcp] <- {"jsonrpc":"2.0","id":313,"method":"tools/call","params":{"name":"read_memory","arguments":{"memoryType":"snesMemory","a
[10:24:57.724] [mcp] <- {"jsonrpc":"2.0","id":314,"method":"tools/call","params":{"name":"read_memory","arguments":{"memoryType":"snesMemory","a
[10:24:57.724] [mcp] <- {"jsonrpc":"2.0","id":315,"method":"tools/call","params":{"name":"read_memory","arguments":{"memoryType":"snesMemory","a
[10:24:57.725] [mcp] <- {"jsonrpc":"2.0","id":316,"method":"tools/call","params":{"name":"read_memory","arguments":{"memoryType":"snesMemory","a
[10:24:57.725] [mcp] <- {"jsonrpc":"2.0","id":317,"method":"tools/call","params":{"name":"read_memory","arguments":{"memoryType":"snesMemory","a
[10:24:57.726] [mcp] <- {"jsonrpc":"2.0","id":318,"method":"tools/call","params":{"name":"resume","arguments":{}}}
[10:24:57.726] [mcp] <- {"jsonrpc":"2.0","id":319,"method":"tools/call","params":{"name":"run_frames","arguments":{"count":1}}}
[10:24:57.768] [mcp] <- {"jsonrpc":"2.0","id":320,"method":"tools/call","params":{"name":"read_memory","arguments":{"memoryType":"snesMemory","a
[10:24:57.768] [mcp] <- {"jsonrpc":"2.0","id":321,"method":"tools/call","params":{"name":"read_memory","arguments":{"memoryType":"snesMemory","a
[10:24:57.769] [mcp] <- {"jsonrpc":"2.0","id":322,"method":"tools/call","params":{"name":"read_memory","arguments":{"memoryType":"snesMemory","a
[10:24:57.769] [mcp] <- {"jsonrpc":"2.0","id":323,"method":"tools/call","params":{"name":"read_memory","arguments":{"memoryType":"snesMemory","a
[10:24:57.770] [mcp] <- {"jsonrpc":"2.0","id":324,"method":"tools/call","params":{"name":"read_memory","arguments":{"memoryType":"snesMemory","a
[10:24:57.770] [mcp] <- {"jsonrpc":"2.0","id":325,"method":"tools/call","params":{"name":"read_memory","arguments":{"memoryType":"snesMemory","a
[10:24:57.770] [mcp] <- {"jsonrpc":"2.0","id":326,"method":"tools/call","params":{"name":"read_memory","arguments":{"memoryType":"snesMemory","a
[10:24:57.771] [mcp] <- {"jsonrpc":"2.0","id":327,"method":"tools/call","params":{"name":"read_memory","arguments":{"memoryType":"snesMemory","a
[10:24:57.771] [mcp] <- {"jsonrpc":"2.0","id":328,"method":"tools/call","params":{"name":"read_memory","arguments":{"memoryType":"snesMemory","a
[10:24:57.772] [mcp] <- {"jsonrpc":"2.0","id":329,"method":"tools/call","params":{"name":"read_memory","arguments":{"memoryType":"snesMemory","a
[10:24:57.772] [mcp] <- {"jsonrpc":"2.0","id":330,"method":"tools/call","params":{"name":"read_memory","arguments":{"memoryType":"snesMemory","a
[10:24:57.773] [mcp] <- {"jsonrpc":"2.0","id":331,"method":"tools/call","params":{"name":"read_memory","arguments":{"memoryType":"snesMemory","a
[10:24:57.773] [mcp] <- {"jsonrpc":"2.0","id":332,"method":"tools/call","params":{"name":"read_memory","arguments":{"memoryType":"snesMemory","a
[10:24:57.773] [mcp] <- {"jsonrpc":"2.0","id":333,"method":"tools/call","params":{"name":"read_memory","arguments":{"memoryType":"snesMemory","a
[10:24:57.774] [mcp] <- {"jsonrpc":"2.0","id":334,"method":"tools/call","params":{"name":"resume","arguments":{}}}
[10:24:57.774] [mcp] <- {"jsonrpc":"2.0","id":335,"method":"tools/call","params":{"name":"run_frames","arguments":{"count":1}}}
[10:24:57.832] [mcp] <- {"jsonrpc":"2.0","id":336,"method":"tools/call","params":{"name":"read_memory","arguments":{"memoryType":"snesMemory","a
[10:24:57.833] [mcp] <- {"jsonrpc":"2.0","id":337,"method":"tools/call","params":{"name":"read_memory","arguments":{"memoryType":"snesMemory","a
[10:24:57.833] [mcp] <- {"jsonrpc":"2.0","id":338,"method":"tools/call","params":{"name":"read_memory","arguments":{"memoryType":"snesMemory","a
[10:24:57.833] [mcp] <- {"jsonrpc":"2.0","id":339,"method":"tools/call","params":{"name":"read_memory","arguments":{"memoryType":"snesMemory","a
[10:24:57.834] [mcp] <- {"jsonrpc":"2.0","id":340,"method":"tools/call","params":{"name":"read_memory","arguments":{"memoryType":"snesMemory","a
[10:24:57.834] [mcp] <- {"jsonrpc":"2.0","id":341,"method":"tools/call","params":{"name":"read_memory","arguments":{"memoryType":"snesMemory","a
[10:24:57.835] [mcp] <- {"jsonrpc":"2.0","id":342,"method":"tools/call","params":{"name":"read_memory","arguments":{"memoryType":"snesMemory","a
[10:24:57.835] [mcp] <- {"jsonrpc":"2.0","id":343,"method":"tools/call","params":{"name":"read_memory","arguments":{"memoryType":"snesMemory","a
[10:24:57.835] [mcp] <- {"jsonrpc":"2.0","id":344,"method":"tools/call","params":{"name":"read_memory","arguments":{"memoryType":"snesMemory","a
[10:24:57.836] [mcp] <- {"jsonrpc":"2.0","id":345,"method":"tools/call","params":{"name":"read_memory","arguments":{"memoryType":"snesMemory","a
[10:24:57.836] [mcp] <- {"jsonrpc":"2.0","id":346,"method":"tools/call","params":{"name":"read_memory","arguments":{"memoryType":"snesMemory","a
[10:24:57.836] [mcp] <- {"jsonrpc":"2.0","id":347,"method":"tools/call","params":{"name":"read_memory","arguments":{"memoryType":"snesMemory","a
[10:24:57.837] [mcp] <- {"jsonrpc":"2.0","id":348,"method":"tools/call","params":{"name":"read_memory","arguments":{"memoryType":"snesMemory","a
[10:24:57.837] [mcp] <- {"jsonrpc":"2.0","id":349,"method":"tools/call","params":{"name":"read_memory","arguments":{"memoryType":"snesMemory","a
[10:24:57.838] [mcp] <- {"jsonrpc":"2.0","id":350,"method":"tools/call","params":{"name":"resume","arguments":{}}}
[10:24:57.838] [mcp] <- {"jsonrpc":"2.0","id":351,"method":"tools/call","params":{"name":"run_frames","arguments":{"count":1}}}
[10:24:57.874] [mcp] <- {"jsonrpc":"2.0","id":352,"method":"tools/call","params":{"name":"read_memory","arguments":{"memoryType":"snesMemory","a
[10:24:57.875] [mcp] <- {"jsonrpc":"2.0","id":353,"method":"tools/call","params":{"name":"read_memory","arguments":{"memoryType":"snesMemory","a
[10:24:57.875] [mcp] <- {"jsonrpc":"2.0","id":354,"method":"tools/call","params":{"name":"read_memory","arguments":{"memoryType":"snesMemory","a
[10:24:57.876] [mcp] <- {"jsonrpc":"2.0","id":355,"method":"tools/call","params":{"name":"read_memory","arguments":{"memoryType":"snesMemory","a
[10:24:57.876] [mcp] <- {"jsonrpc":"2.0","id":356,"method":"tools/call","params":{"name":"read_memory","arguments":{"memoryType":"snesMemory","a
[10:24:57.876] [mcp] <- {"jsonrpc":"2.0","id":357,"method":"tools/call","params":{"name":"read_memory","arguments":{"memoryType":"snesMemory","a
[10:24:57.877] [mcp] <- {"jsonrpc":"2.0","id":358,"method":"tools/call","params":{"name":"read_memory","arguments":{"memoryType":"snesMemory","a
[10:24:57.877] [mcp] <- {"jsonrpc":"2.0","id":359,"method":"tools/call","params":{"name":"read_memory","arguments":{"memoryType":"snesMemory","a
[10:24:57.878] [mcp] <- {"jsonrpc":"2.0","id":360,"method":"tools/call","params":{"name":"read_memory","arguments":{"memoryType":"snesMemory","a
[10:24:57.878] [mcp] <- {"jsonrpc":"2.0","id":361,"method":"tools/call","params":{"name":"read_memory","arguments":{"memoryType":"snesMemory","a
[10:24:57.878] [mcp] <- {"jsonrpc":"2.0","id":362,"method":"tools/call","params":{"name":"read_memory","arguments":{"memoryType":"snesMemory","a
[10:24:57.879] [mcp] <- {"jsonrpc":"2.0","id":363,"method":"tools/call","params":{"name":"read_memory","arguments":{"memoryType":"snesMemory","a
[10:24:57.879] [mcp] <- {"jsonrpc":"2.0","id":364,"method":"tools/call","params":{"name":"read_memory","arguments":{"memoryType":"snesMemory","a
[10:24:57.879] [mcp] <- {"jsonrpc":"2.0","id":365,"method":"tools/call","params":{"name":"read_memory","arguments":{"memoryType":"snesMemory","a
[10:24:57.880] [mcp] <- {"jsonrpc":"2.0","id":366,"method":"tools/call","params":{"name":"resume","arguments":{}}}
[10:24:57.880] [mcp] <- {"jsonrpc":"2.0","id":367,"method":"tools/call","params":{"name":"run_frames","arguments":{"count":1}}}
[10:24:57.907] [mcp] <- {"jsonrpc":"2.0","id":368,"method":"tools/call","params":{"name":"read_memory","arguments":{"memoryType":"snesMemory","a
[10:24:57.907] [mcp] <- {"jsonrpc":"2.0","id":369,"method":"tools/call","params":{"name":"read_memory","arguments":{"memoryType":"snesMemory","a
[10:24:57.907] [mcp] <- {"jsonrpc":"2.0","id":370,"method":"tools/call","params":{"name":"read_memory","arguments":{"memoryType":"snesMemory","a
[10:24:57.908] [mcp] <- {"jsonrpc":"2.0","id":371,"method":"tools/call","params":{"name":"read_memory","arguments":{"memoryType":"snesMemory","a
[10:24:57.908] [mcp] <- {"jsonrpc":"2.0","id":372,"method":"tools/call","params":{"name":"read_memory","arguments":{"memoryType":"snesMemory","a
[10:24:57.909] [mcp] <- {"jsonrpc":"2.0","id":373,"method":"tools/call","params":{"name":"read_memory","arguments":{"memoryType":"snesMemory","a
[10:24:57.909] [mcp] <- {"jsonrpc":"2.0","id":374,"method":"tools/call","params":{"name":"read_memory","arguments":{"memoryType":"snesMemory","a
[10:24:57.909] [mcp] <- {"jsonrpc":"2.0","id":375,"method":"tools/call","params":{"name":"read_memory","arguments":{"memoryType":"snesMemory","a
[10:24:57.910] [mcp] <- {"jsonrpc":"2.0","id":376,"method":"tools/call","params":{"name":"read_memory","arguments":{"memoryType":"snesMemory","a
[10:24:57.910] [mcp] <- {"jsonrpc":"2.0","id":377,"method":"tools/call","params":{"name":"read_memory","arguments":{"memoryType":"snesMemory","a
[10:24:57.910] [mcp] <- {"jsonrpc":"2.0","id":378,"method":"tools/call","params":{"name":"read_memory","arguments":{"memoryType":"snesMemory","a
[10:24:57.911] [mcp] <- {"jsonrpc":"2.0","id":379,"method":"tools/call","params":{"name":"read_memory","arguments":{"memoryType":"snesMemory","a
[10:24:57.911] [mcp] <- {"jsonrpc":"2.0","id":380,"method":"tools/call","params":{"name":"read_memory","arguments":{"memoryType":"snesMemory","a
[10:24:57.912] [mcp] <- {"jsonrpc":"2.0","id":381,"method":"tools/call","params":{"name":"read_memory","arguments":{"memoryType":"snesMemory","a
[10:24:57.912] [mcp] <- {"jsonrpc":"2.0","id":382,"method":"tools/call","params":{"name":"resume","arguments":{}}}
[10:24:57.912] [mcp] <- {"jsonrpc":"2.0","id":383,"method":"tools/call","params":{"name":"run_frames","arguments":{"count":1}}}
[10:24:57.938] [mcp] <- {"jsonrpc":"2.0","id":384,"method":"tools/call","params":{"name":"read_memory","arguments":{"memoryType":"snesMemory","a
[10:24:57.938] [mcp] <- {"jsonrpc":"2.0","id":385,"method":"tools/call","params":{"name":"read_memory","arguments":{"memoryType":"snesMemory","a
[10:24:57.938] [mcp] <- {"jsonrpc":"2.0","id":386,"method":"tools/call","params":{"name":"read_memory","arguments":{"memoryType":"snesMemory","a
[10:24:57.939] [mcp] <- {"jsonrpc":"2.0","id":387,"method":"tools/call","params":{"name":"read_memory","arguments":{"memoryType":"snesMemory","a
[10:24:57.939] [mcp] <- {"jsonrpc":"2.0","id":388,"method":"tools/call","params":{"name":"read_memory","arguments":{"memoryType":"snesMemory","a
[10:24:57.940] [mcp] <- {"jsonrpc":"2.0","id":389,"method":"tools/call","params":{"name":"read_memory","arguments":{"memoryType":"snesMemory","a
[10:24:57.940] [mcp] <- {"jsonrpc":"2.0","id":390,"method":"tools/call","params":{"name":"read_memory","arguments":{"memoryType":"snesMemory","a
[10:24:57.940] [mcp] <- {"jsonrpc":"2.0","id":391,"method":"tools/call","params":{"name":"read_memory","arguments":{"memoryType":"snesMemory","a
[10:24:57.941] [mcp] <- {"jsonrpc":"2.0","id":392,"method":"tools/call","params":{"name":"read_memory","arguments":{"memoryType":"snesMemory","a
[10:24:57.941] [mcp] <- {"jsonrpc":"2.0","id":393,"method":"tools/call","params":{"name":"read_memory","arguments":{"memoryType":"snesMemory","a
[10:24:57.942] [mcp] <- {"jsonrpc":"2.0","id":394,"method":"tools/call","params":{"name":"read_memory","arguments":{"memoryType":"snesMemory","a
[10:24:57.942] [mcp] <- {"jsonrpc":"2.0","id":395,"method":"tools/call","params":{"name":"read_memory","arguments":{"memoryType":"snesMemory","a
[10:24:57.942] [mcp] <- {"jsonrpc":"2.0","id":396,"method":"tools/call","params":{"name":"read_memory","arguments":{"memoryType":"snesMemory","a
[10:24:57.943] [mcp] <- {"jsonrpc":"2.0","id":397,"method":"tools/call","params":{"name":"read_memory","arguments":{"memoryType":"snesMemory","a
[10:24:57.943] [mcp] <- {"jsonrpc":"2.0","id":398,"method":"tools/call","params":{"name":"resume","arguments":{}}}
[10:24:57.944] [mcp] <- {"jsonrpc":"2.0","id":399,"method":"tools/call","params":{"name":"run_frames","arguments":{"count":1}}}
[10:24:57.972] [mcp] <- {"jsonrpc":"2.0","id":400,"method":"tools/call","params":{"name":"read_memory","arguments":{"memoryType":"snesMemory","a
[10:24:57.972] [mcp] <- {"jsonrpc":"2.0","id":401,"method":"tools/call","params":{"name":"read_memory","arguments":{"memoryType":"snesMemory","a
[10:24:57.972] [mcp] <- {"jsonrpc":"2.0","id":402,"method":"tools/call","params":{"name":"read_memory","arguments":{"memoryType":"snesMemory","a
[10:24:57.973] [mcp] <- {"jsonrpc":"2.0","id":403,"method":"tools/call","params":{"name":"read_memory","arguments":{"memoryType":"snesMemory","a
[10:24:57.973] [mcp] <- {"jsonrpc":"2.0","id":404,"method":"tools/call","params":{"name":"read_memory","arguments":{"memoryType":"snesMemory","a
[10:24:57.974] [mcp] <- {"jsonrpc":"2.0","id":405,"method":"tools/call","params":{"name":"read_memory","arguments":{"memoryType":"snesMemory","a
[10:24:57.974] [mcp] <- {"jsonrpc":"2.0","id":406,"method":"tools/call","params":{"name":"read_memory","arguments":{"memoryType":"snesMemory","a
[10:24:57.974] [mcp] <- {"jsonrpc":"2.0","id":407,"method":"tools/call","params":{"name":"read_memory","arguments":{"memoryType":"snesMemory","a
[10:24:57.975] [mcp] <- {"jsonrpc":"2.0","id":408,"method":"tools/call","params":{"name":"read_memory","arguments":{"memoryType":"snesMemory","a
[10:24:57.975] [mcp] <- {"jsonrpc":"2.0","id":409,"method":"tools/call","params":{"name":"read_memory","arguments":{"memoryType":"snesMemory","a
[10:24:57.975] [mcp] <- {"jsonrpc":"2.0","id":410,"method":"tools/call","params":{"name":"read_memory","arguments":{"memoryType":"snesMemory","a
[10:24:57.976] [mcp] <- {"jsonrpc":"2.0","id":411,"method":"tools/call","params":{"name":"read_memory","arguments":{"memoryType":"snesMemory","a
[10:24:57.976] [mcp] <- {"jsonrpc":"2.0","id":412,"method":"tools/call","params":{"name":"read_memory","arguments":{"memoryType":"snesMemory","a
[10:24:57.977] [mcp] <- {"jsonrpc":"2.0","id":413,"method":"tools/call","params":{"name":"read_memory","arguments":{"memoryType":"snesMemory","a
[10:24:57.977] [mcp] <- {"jsonrpc":"2.0","id":414,"method":"tools/call","params":{"name":"resume","arguments":{}}}
[10:24:57.977] [mcp] <- {"jsonrpc":"2.0","id":415,"method":"tools/call","params":{"name":"run_frames","arguments":{"count":1}}}
[10:24:57.996] [mcp] <- {"jsonrpc":"2.0","id":416,"method":"tools/call","params":{"name":"read_memory","arguments":{"memoryType":"snesMemory","a
[10:24:57.997] [mcp] <- {"jsonrpc":"2.0","id":417,"method":"tools/call","params":{"name":"read_memory","arguments":{"memoryType":"snesMemory","a
[10:24:57.997] [mcp] <- {"jsonrpc":"2.0","id":418,"method":"tools/call","params":{"name":"read_memory","arguments":{"memoryType":"snesMemory","a
[10:24:57.997] [mcp] <- {"jsonrpc":"2.0","id":419,"method":"tools/call","params":{"name":"read_memory","arguments":{"memoryType":"snesMemory","a
[10:24:57.998] [mcp] <- {"jsonrpc":"2.0","id":420,"method":"tools/call","params":{"name":"read_memory","arguments":{"memoryType":"snesMemory","a
[10:24:57.998] [mcp] <- {"jsonrpc":"2.0","id":421,"method":"tools/call","params":{"name":"read_memory","arguments":{"memoryType":"snesMemory","a
[10:24:57.999] [mcp] <- {"jsonrpc":"2.0","id":422,"method":"tools/call","params":{"name":"read_memory","arguments":{"memoryType":"snesMemory","a
[10:24:57.999] [mcp] <- {"jsonrpc":"2.0","id":423,"method":"tools/call","params":{"name":"read_memory","arguments":{"memoryType":"snesMemory","a
[10:24:57.999] [mcp] <- {"jsonrpc":"2.0","id":424,"method":"tools/call","params":{"name":"read_memory","arguments":{"memoryType":"snesMemory","a
[10:24:58.000] [mcp] <- {"jsonrpc":"2.0","id":425,"method":"tools/call","params":{"name":"read_memory","arguments":{"memoryType":"snesMemory","a
[10:24:58.000] [mcp] <- {"jsonrpc":"2.0","id":426,"method":"tools/call","params":{"name":"read_memory","arguments":{"memoryType":"snesMemory","a
[10:24:58.001] [mcp] <- {"jsonrpc":"2.0","id":427,"method":"tools/call","params":{"name":"read_memory","arguments":{"memoryType":"snesMemory","a
[10:24:58.001] [mcp] <- {"jsonrpc":"2.0","id":428,"method":"tools/call","params":{"name":"read_memory","arguments":{"memoryType":"snesMemory","a
[10:24:58.001] [mcp] <- {"jsonrpc":"2.0","id":429,"method":"tools/call","params":{"name":"read_memory","arguments":{"memoryType":"snesMemory","a
[10:24:58.002] [mcp] <- {"jsonrpc":"2.0","id":430,"method":"tools/call","params":{"name":"resume","arguments":{}}}
[10:24:58.002] [mcp] <- {"jsonrpc":"2.0","id":431,"method":"tools/call","params":{"name":"run_frames","arguments":{"count":1}}}
[10:24:58.055] [mcp] <- {"jsonrpc":"2.0","id":432,"method":"tools/call","params":{"name":"read_memory","arguments":{"memoryType":"snesMemory","a
[10:24:58.055] [mcp] <- {"jsonrpc":"2.0","id":433,"method":"tools/call","params":{"name":"read_memory","arguments":{"memoryType":"snesMemory","a
[10:24:58.055] [mcp] <- {"jsonrpc":"2.0","id":434,"method":"tools/call","params":{"name":"read_memory","arguments":{"memoryType":"snesMemory","a
[10:24:58.055] [mcp] <- {"jsonrpc":"2.0","id":435,"method":"tools/call","params":{"name":"read_memory","arguments":{"memoryType":"snesMemory","a
[10:24:58.056] [mcp] <- {"jsonrpc":"2.0","id":436,"method":"tools/call","params":{"name":"read_memory","arguments":{"memoryType":"snesMemory","a
[10:24:58.056] [mcp] <- {"jsonrpc":"2.0","id":437,"method":"tools/call","params":{"name":"read_memory","arguments":{"memoryType":"snesMemory","a
[10:24:58.056] [mcp] <- {"jsonrpc":"2.0","id":438,"method":"tools/call","params":{"name":"read_memory","arguments":{"memoryType":"snesMemory","a
[10:24:58.056] [mcp] <- {"jsonrpc":"2.0","id":439,"method":"tools/call","params":{"name":"read_memory","arguments":{"memoryType":"snesMemory","a
[10:24:58.056] [mcp] <- {"jsonrpc":"2.0","id":440,"method":"tools/call","params":{"name":"read_memory","arguments":{"memoryType":"snesMemory","a
[10:24:58.056] [mcp] <- {"jsonrpc":"2.0","id":441,"method":"tools/call","params":{"name":"read_memory","arguments":{"memoryType":"snesMemory","a
[10:24:58.057] [mcp] <- {"jsonrpc":"2.0","id":442,"method":"tools/call","params":{"name":"read_memory","arguments":{"memoryType":"snesMemory","a
[10:24:58.057] [mcp] <- {"jsonrpc":"2.0","id":443,"method":"tools/call","params":{"name":"read_memory","arguments":{"memoryType":"snesMemory","a
[10:24:58.057] [mcp] <- {"jsonrpc":"2.0","id":444,"method":"tools/call","params":{"name":"read_memory","arguments":{"memoryType":"snesMemory","a
[10:24:58.057] [mcp] <- {"jsonrpc":"2.0","id":445,"method":"tools/call","params":{"name":"read_memory","arguments":{"memoryType":"snesMemory","a
[10:24:58.057] [mcp] <- {"jsonrpc":"2.0","id":446,"method":"tools/call","params":{"name":"resume","arguments":{}}}
[10:24:58.058] [mcp] <- {"jsonrpc":"2.0","id":447,"method":"tools/call","params":{"name":"run_frames","arguments":{"count":1}}}
[10:24:58.089] [mcp] <- {"jsonrpc":"2.0","id":448,"method":"tools/call","params":{"name":"read_memory","arguments":{"memoryType":"snesMemory","a
[10:24:58.089] [mcp] <- {"jsonrpc":"2.0","id":449,"method":"tools/call","params":{"name":"read_memory","arguments":{"memoryType":"snesMemory","a
[10:24:58.090] [mcp] <- {"jsonrpc":"2.0","id":450,"method":"tools/call","params":{"name":"read_memory","arguments":{"memoryType":"snesMemory","a
[10:24:58.090] [mcp] <- {"jsonrpc":"2.0","id":451,"method":"tools/call","params":{"name":"read_memory","arguments":{"memoryType":"snesMemory","a
[10:24:58.090] [mcp] <- {"jsonrpc":"2.0","id":452,"method":"tools/call","params":{"name":"read_memory","arguments":{"memoryType":"snesMemory","a
[10:24:58.091] [mcp] <- {"jsonrpc":"2.0","id":453,"method":"tools/call","params":{"name":"read_memory","arguments":{"memoryType":"snesMemory","a
[10:24:58.091] [mcp] <- {"jsonrpc":"2.0","id":454,"method":"tools/call","params":{"name":"read_memory","arguments":{"memoryType":"snesMemory","a
[10:24:58.091] [mcp] <- {"jsonrpc":"2.0","id":455,"method":"tools/call","params":{"name":"read_memory","arguments":{"memoryType":"snesMemory","a
[10:24:58.091] [mcp] <- {"jsonrpc":"2.0","id":456,"method":"tools/call","params":{"name":"read_memory","arguments":{"memoryType":"snesMemory","a
[10:24:58.092] [mcp] <- {"jsonrpc":"2.0","id":457,"method":"tools/call","params":{"name":"read_memory","arguments":{"memoryType":"snesMemory","a
[10:24:58.092] [mcp] <- {"jsonrpc":"2.0","id":458,"method":"tools/call","params":{"name":"read_memory","arguments":{"memoryType":"snesMemory","a
[10:24:58.092] [mcp] <- {"jsonrpc":"2.0","id":459,"method":"tools/call","params":{"name":"read_memory","arguments":{"memoryType":"snesMemory","a
[10:24:58.093] [mcp] <- {"jsonrpc":"2.0","id":460,"method":"tools/call","params":{"name":"read_memory","arguments":{"memoryType":"snesMemory","a
[10:24:58.093] [mcp] <- {"jsonrpc":"2.0","id":461,"method":"tools/call","params":{"name":"read_memory","arguments":{"memoryType":"snesMemory","a
[10:24:58.093] [mcp] <- {"jsonrpc":"2.0","id":462,"method":"tools/call","params":{"name":"resume","arguments":{}}}
[10:24:58.094] [mcp] <- {"jsonrpc":"2.0","id":463,"method":"tools/call","params":{"name":"run_frames","arguments":{"count":1}}}
[10:24:58.119] [mcp] <- {"jsonrpc":"2.0","id":464,"method":"tools/call","params":{"name":"read_memory","arguments":{"memoryType":"snesMemory","a
[10:24:58.119] [mcp] <- {"jsonrpc":"2.0","id":465,"method":"tools/call","params":{"name":"read_memory","arguments":{"memoryType":"snesMemory","a
[10:24:58.120] [mcp] <- {"jsonrpc":"2.0","id":466,"method":"tools/call","params":{"name":"read_memory","arguments":{"memoryType":"snesMemory","a
[10:24:58.120] [mcp] <- {"jsonrpc":"2.0","id":467,"method":"tools/call","params":{"name":"read_memory","arguments":{"memoryType":"snesMemory","a
[10:24:58.121] [mcp] <- {"jsonrpc":"2.0","id":468,"method":"tools/call","params":{"name":"read_memory","arguments":{"memoryType":"snesMemory","a
[10:24:58.121] [mcp] <- {"jsonrpc":"2.0","id":469,"method":"tools/call","params":{"name":"read_memory","arguments":{"memoryType":"snesMemory","a
[10:24:58.121] [mcp] <- {"jsonrpc":"2.0","id":470,"method":"tools/call","params":{"name":"read_memory","arguments":{"memoryType":"snesMemory","a
[10:24:58.122] [mcp] <- {"jsonrpc":"2.0","id":471,"method":"tools/call","params":{"name":"read_memory","arguments":{"memoryType":"snesMemory","a
[10:24:58.122] [mcp] <- {"jsonrpc":"2.0","id":472,"method":"tools/call","params":{"name":"read_memory","arguments":{"memoryType":"snesMemory","a
[10:24:58.122] [mcp] <- {"jsonrpc":"2.0","id":473,"method":"tools/call","params":{"name":"read_memory","arguments":{"memoryType":"snesMemory","a
[10:24:58.123] [mcp] <- {"jsonrpc":"2.0","id":474,"method":"tools/call","params":{"name":"read_memory","arguments":{"memoryType":"snesMemory","a
[10:24:58.123] [mcp] <- {"jsonrpc":"2.0","id":475,"method":"tools/call","params":{"name":"read_memory","arguments":{"memoryType":"snesMemory","a
[10:24:58.123] [mcp] <- {"jsonrpc":"2.0","id":476,"method":"tools/call","params":{"name":"read_memory","arguments":{"memoryType":"snesMemory","a
[10:24:58.124] [mcp] <- {"jsonrpc":"2.0","id":477,"method":"tools/call","params":{"name":"read_memory","arguments":{"memoryType":"snesMemory","a
[10:24:58.124] [mcp] <- {"jsonrpc":"2.0","id":478,"method":"tools/call","params":{"name":"resume","arguments":{}}}
[10:24:58.124] [mcp] <- {"jsonrpc":"2.0","id":479,"method":"tools/call","params":{"name":"run_frames","arguments":{"count":1}}}
[10:24:58.149] [mcp] <- {"jsonrpc":"2.0","id":480,"method":"tools/call","params":{"name":"read_memory","arguments":{"memoryType":"snesMemory","a
[10:24:58.149] [mcp] <- {"jsonrpc":"2.0","id":481,"method":"tools/call","params":{"name":"read_memory","arguments":{"memoryType":"snesMemory","a
[10:24:58.150] [mcp] <- {"jsonrpc":"2.0","id":482,"method":"tools/call","params":{"name":"read_memory","arguments":{"memoryType":"snesMemory","a
[10:24:58.150] [mcp] <- {"jsonrpc":"2.0","id":483,"method":"tools/call","params":{"name":"read_memory","arguments":{"memoryType":"snesMemory","a
[10:24:58.150] [mcp] <- {"jsonrpc":"2.0","id":484,"method":"tools/call","params":{"name":"read_memory","arguments":{"memoryType":"snesMemory","a
[10:24:58.151] [mcp] <- {"jsonrpc":"2.0","id":485,"method":"tools/call","params":{"name":"read_memory","arguments":{"memoryType":"snesMemory","a
[10:24:58.151] [mcp] <- {"jsonrpc":"2.0","id":486,"method":"tools/call","params":{"name":"read_memory","arguments":{"memoryType":"snesMemory","a
[10:24:58.151] [mcp] <- {"jsonrpc":"2.0","id":487,"method":"tools/call","params":{"name":"read_memory","arguments":{"memoryType":"snesMemory","a
[10:24:58.152] [mcp] <- {"jsonrpc":"2.0","id":488,"method":"tools/call","params":{"name":"read_memory","arguments":{"memoryType":"snesMemory","a
[10:24:58.152] [mcp] <- {"jsonrpc":"2.0","id":489,"method":"tools/call","params":{"name":"read_memory","arguments":{"memoryType":"snesMemory","a
[10:24:58.152] [mcp] <- {"jsonrpc":"2.0","id":490,"method":"tools/call","params":{"name":"read_memory","arguments":{"memoryType":"snesMemory","a
[10:24:58.153] [mcp] <- {"jsonrpc":"2.0","id":491,"method":"tools/call","params":{"name":"read_memory","arguments":{"memoryType":"snesMemory","a
[10:24:58.153] [mcp] <- {"jsonrpc":"2.0","id":492,"method":"tools/call","params":{"name":"read_memory","arguments":{"memoryType":"snesMemory","a
[10:24:58.153] [mcp] <- {"jsonrpc":"2.0","id":493,"method":"tools/call","params":{"name":"read_memory","arguments":{"memoryType":"snesMemory","a
[10:24:58.154] [mcp] <- {"jsonrpc":"2.0","id":494,"method":"tools/call","params":{"name":"resume","arguments":{}}}
[10:24:58.154] [mcp] <- {"jsonrpc":"2.0","id":495,"method":"tools/call","params":{"name":"run_frames","arguments":{"count":1}}}
[10:24:58.173] [mcp] <- {"jsonrpc":"2.0","id":496,"method":"tools/call","params":{"name":"read_memory","arguments":{"memoryType":"snesMemory","a
[10:24:58.173] [mcp] <- {"jsonrpc":"2.0","id":497,"method":"tools/call","params":{"name":"read_memory","arguments":{"memoryType":"snesMemory","a
[10:24:58.174] [mcp] <- {"jsonrpc":"2.0","id":498,"method":"tools/call","params":{"name":"read_memory","arguments":{"memoryType":"snesMemory","a
[10:24:58.174] [mcp] <- {"jsonrpc":"2.0","id":499,"method":"tools/call","params":{"name":"read_memory","arguments":{"memoryType":"snesMemory","a
[10:24:58.174] [mcp] <- {"jsonrpc":"2.0","id":500,"method":"tools/call","params":{"name":"read_memory","arguments":{"memoryType":"snesMemory","a
[10:24:58.175] [mcp] <- {"jsonrpc":"2.0","id":501,"method":"tools/call","params":{"name":"read_memory","arguments":{"memoryType":"snesMemory","a
[10:24:58.175] [mcp] <- {"jsonrpc":"2.0","id":502,"method":"tools/call","params":{"name":"read_memory","arguments":{"memoryType":"snesMemory","a
[10:24:58.175] [mcp] <- {"jsonrpc":"2.0","id":503,"method":"tools/call","params":{"name":"read_memory","arguments":{"memoryType":"snesMemory","a
[10:24:58.176] [mcp] <- {"jsonrpc":"2.0","id":504,"method":"tools/call","params":{"name":"read_memory","arguments":{"memoryType":"snesMemory","a
[10:24:58.176] [mcp] <- {"jsonrpc":"2.0","id":505,"method":"tools/call","params":{"name":"read_memory","arguments":{"memoryType":"snesMemory","a
[10:24:58.176] [mcp] <- {"jsonrpc":"2.0","id":506,"method":"tools/call","params":{"name":"read_memory","arguments":{"memoryType":"snesMemory","a
[10:24:58.177] [mcp] <- {"jsonrpc":"2.0","id":507,"method":"tools/call","params":{"name":"read_memory","arguments":{"memoryType":"snesMemory","a
[10:24:58.177] [mcp] <- {"jsonrpc":"2.0","id":508,"method":"tools/call","params":{"name":"read_memory","arguments":{"memoryType":"snesMemory","a
[10:24:58.178] [mcp] <- {"jsonrpc":"2.0","id":509,"method":"tools/call","params":{"name":"read_memory","arguments":{"memoryType":"snesMemory","a
[10:24:58.178] [mcp] <- {"jsonrpc":"2.0","id":510,"method":"tools/call","params":{"name":"resume","arguments":{}}}
[10:24:58.178] [mcp] <- {"jsonrpc":"2.0","id":511,"method":"tools/call","params":{"name":"run_frames","arguments":{"count":1}}}
[10:24:58.197] [mcp] <- {"jsonrpc":"2.0","id":512,"method":"tools/call","params":{"name":"read_memory","arguments":{"memoryType":"snesMemory","a
[10:24:58.197] [mcp] <- {"jsonrpc":"2.0","id":513,"method":"tools/call","params":{"name":"read_memory","arguments":{"memoryType":"snesMemory","a
[10:24:58.198] [mcp] <- {"jsonrpc":"2.0","id":514,"method":"tools/call","params":{"name":"read_memory","arguments":{"memoryType":"snesMemory","a
[10:24:58.198] [mcp] <- {"jsonrpc":"2.0","id":515,"method":"tools/call","params":{"name":"read_memory","arguments":{"memoryType":"snesMemory","a
[10:24:58.198] [mcp] <- {"jsonrpc":"2.0","id":516,"method":"tools/call","params":{"name":"read_memory","arguments":{"memoryType":"snesMemory","a
[10:24:58.198] [mcp] <- {"jsonrpc":"2.0","id":517,"method":"tools/call","params":{"name":"read_memory","arguments":{"memoryType":"snesMemory","a
[10:24:58.199] [mcp] <- {"jsonrpc":"2.0","id":518,"method":"tools/call","params":{"name":"read_memory","arguments":{"memoryType":"snesMemory","a
[10:24:58.199] [mcp] <- {"jsonrpc":"2.0","id":519,"method":"tools/call","params":{"name":"read_memory","arguments":{"memoryType":"snesMemory","a
[10:24:58.199] [mcp] <- {"jsonrpc":"2.0","id":520,"method":"tools/call","params":{"name":"read_memory","arguments":{"memoryType":"snesMemory","a
[10:24:58.199] [mcp] <- {"jsonrpc":"2.0","id":521,"method":"tools/call","params":{"name":"read_memory","arguments":{"memoryType":"snesMemory","a
[10:24:58.200] [mcp] <- {"jsonrpc":"2.0","id":522,"method":"tools/call","params":{"name":"read_memory","arguments":{"memoryType":"snesMemory","a
[10:24:58.200] [mcp] <- {"jsonrpc":"2.0","id":523,"method":"tools/call","params":{"name":"read_memory","arguments":{"memoryType":"snesMemory","a
[10:24:58.200] [mcp] <- {"jsonrpc":"2.0","id":524,"method":"tools/call","params":{"name":"read_memory","arguments":{"memoryType":"snesMemory","a
[10:24:58.200] [mcp] <- {"jsonrpc":"2.0","id":525,"method":"tools/call","params":{"name":"read_memory","arguments":{"memoryType":"snesMemory","a
[10:24:58.200] [mcp] <- {"jsonrpc":"2.0","id":526,"method":"tools/call","params":{"name":"resume","arguments":{}}}
[10:24:58.201] [mcp] <- {"jsonrpc":"2.0","id":527,"method":"tools/call","params":{"name":"run_frames","arguments":{"count":1}}}
[10:24:58.225] [mcp] <- {"jsonrpc":"2.0","id":528,"method":"tools/call","params":{"name":"read_memory","arguments":{"memoryType":"snesMemory","a
[10:24:58.226] [mcp] <- {"jsonrpc":"2.0","id":529,"method":"tools/call","params":{"name":"read_memory","arguments":{"memoryType":"snesMemory","a
[10:24:58.226] [mcp] <- {"jsonrpc":"2.0","id":530,"method":"tools/call","params":{"name":"read_memory","arguments":{"memoryType":"snesMemory","a
[10:24:58.226] [mcp] <- {"jsonrpc":"2.0","id":531,"method":"tools/call","params":{"name":"read_memory","arguments":{"memoryType":"snesMemory","a
[10:24:58.227] [mcp] <- {"jsonrpc":"2.0","id":532,"method":"tools/call","params":{"name":"read_memory","arguments":{"memoryType":"snesMemory","a
[10:24:58.227] [mcp] <- {"jsonrpc":"2.0","id":533,"method":"tools/call","params":{"name":"read_memory","arguments":{"memoryType":"snesMemory","a
[10:24:58.227] [mcp] <- {"jsonrpc":"2.0","id":534,"method":"tools/call","params":{"name":"read_memory","arguments":{"memoryType":"snesMemory","a
[10:24:58.227] [mcp] <- {"jsonrpc":"2.0","id":535,"method":"tools/call","params":{"name":"read_memory","arguments":{"memoryType":"snesMemory","a
[10:24:58.228] [mcp] <- {"jsonrpc":"2.0","id":536,"method":"tools/call","params":{"name":"read_memory","arguments":{"memoryType":"snesMemory","a
[10:24:58.228] [mcp] <- {"jsonrpc":"2.0","id":537,"method":"tools/call","params":{"name":"read_memory","arguments":{"memoryType":"snesMemory","a
[10:24:58.228] [mcp] <- {"jsonrpc":"2.0","id":538,"method":"tools/call","params":{"name":"read_memory","arguments":{"memoryType":"snesMemory","a
[10:24:58.228] [mcp] <- {"jsonrpc":"2.0","id":539,"method":"tools/call","params":{"name":"read_memory","arguments":{"memoryType":"snesMemory","a
[10:24:58.229] [mcp] <- {"jsonrpc":"2.0","id":540,"method":"tools/call","params":{"name":"read_memory","arguments":{"memoryType":"snesMemory","a
[10:24:58.229] [mcp] <- {"jsonrpc":"2.0","id":541,"method":"tools/call","params":{"name":"read_memory","arguments":{"memoryType":"snesMemory","a
[10:24:58.229] [mcp] <- {"jsonrpc":"2.0","id":542,"method":"tools/call","params":{"name":"resume","arguments":{}}}
[10:24:58.229] [mcp] <- {"jsonrpc":"2.0","id":543,"method":"tools/call","params":{"name":"run_frames","arguments":{"count":1}}}
[10:24:58.249] [mcp] <- {"jsonrpc":"2.0","id":544,"method":"tools/call","params":{"name":"read_memory","arguments":{"memoryType":"snesMemory","a
[10:24:58.250] [mcp] <- {"jsonrpc":"2.0","id":545,"method":"tools/call","params":{"name":"read_memory","arguments":{"memoryType":"snesMemory","a
[10:24:58.250] [mcp] <- {"jsonrpc":"2.0","id":546,"method":"tools/call","params":{"name":"read_memory","arguments":{"memoryType":"snesMemory","a
[10:24:58.250] [mcp] <- {"jsonrpc":"2.0","id":547,"method":"tools/call","params":{"name":"read_memory","arguments":{"memoryType":"snesMemory","a
[10:24:58.251] [mcp] <- {"jsonrpc":"2.0","id":548,"method":"tools/call","params":{"name":"read_memory","arguments":{"memoryType":"snesMemory","a
[10:24:58.251] [mcp] <- {"jsonrpc":"2.0","id":549,"method":"tools/call","params":{"name":"read_memory","arguments":{"memoryType":"snesMemory","a
[10:24:58.251] [mcp] <- {"jsonrpc":"2.0","id":550,"method":"tools/call","params":{"name":"read_memory","arguments":{"memoryType":"snesMemory","a
[10:24:58.252] [mcp] <- {"jsonrpc":"2.0","id":551,"method":"tools/call","params":{"name":"read_memory","arguments":{"memoryType":"snesMemory","a
[10:24:58.252] [mcp] <- {"jsonrpc":"2.0","id":552,"method":"tools/call","params":{"name":"read_memory","arguments":{"memoryType":"snesMemory","a
[10:24:58.252] [mcp] <- {"jsonrpc":"2.0","id":553,"method":"tools/call","params":{"name":"read_memory","arguments":{"memoryType":"snesMemory","a
[10:24:58.252] [mcp] <- {"jsonrpc":"2.0","id":554,"method":"tools/call","params":{"name":"read_memory","arguments":{"memoryType":"snesMemory","a
[10:24:58.253] [mcp] <- {"jsonrpc":"2.0","id":555,"method":"tools/call","params":{"name":"read_memory","arguments":{"memoryType":"snesMemory","a
[10:24:58.253] [mcp] <- {"jsonrpc":"2.0","id":556,"method":"tools/call","params":{"name":"read_memory","arguments":{"memoryType":"snesMemory","a
[10:24:58.253] [mcp] <- {"jsonrpc":"2.0","id":557,"method":"tools/call","params":{"name":"read_memory","arguments":{"memoryType":"snesMemory","a
[10:24:58.253] [mcp] <- {"jsonrpc":"2.0","id":558,"method":"tools/call","params":{"name":"resume","arguments":{}}}
[10:24:58.254] [mcp] <- {"jsonrpc":"2.0","id":559,"method":"tools/call","params":{"name":"run_frames","arguments":{"count":1}}}
[10:24:58.297] [mcp] <- {"jsonrpc":"2.0","id":560,"method":"tools/call","params":{"name":"read_memory","arguments":{"memoryType":"snesMemory","a
[10:24:58.298] [mcp] <- {"jsonrpc":"2.0","id":561,"method":"tools/call","params":{"name":"read_memory","arguments":{"memoryType":"snesMemory","a
[10:24:58.298] [mcp] <- {"jsonrpc":"2.0","id":562,"method":"tools/call","params":{"name":"read_memory","arguments":{"memoryType":"snesMemory","a
[10:24:58.298] [mcp] <- {"jsonrpc":"2.0","id":563,"method":"tools/call","params":{"name":"read_memory","arguments":{"memoryType":"snesMemory","a
[10:24:58.298] [mcp] <- {"jsonrpc":"2.0","id":564,"method":"tools/call","params":{"name":"read_memory","arguments":{"memoryType":"snesMemory","a
[10:24:58.299] [mcp] <- {"jsonrpc":"2.0","id":565,"method":"tools/call","params":{"name":"read_memory","arguments":{"memoryType":"snesMemory","a
[10:24:58.299] [mcp] <- {"jsonrpc":"2.0","id":566,"method":"tools/call","params":{"name":"read_memory","arguments":{"memoryType":"snesMemory","a
[10:24:58.299] [mcp] <- {"jsonrpc":"2.0","id":567,"method":"tools/call","params":{"name":"read_memory","arguments":{"memoryType":"snesMemory","a
[10:24:58.299] [mcp] <- {"jsonrpc":"2.0","id":568,"method":"tools/call","params":{"name":"read_memory","arguments":{"memoryType":"snesMemory","a
[10:24:58.299] [mcp] <- {"jsonrpc":"2.0","id":569,"method":"tools/call","params":{"name":"read_memory","arguments":{"memoryType":"snesMemory","a
[10:24:58.300] [mcp] <- {"jsonrpc":"2.0","id":570,"method":"tools/call","params":{"name":"read_memory","arguments":{"memoryType":"snesMemory","a
[10:24:58.300] [mcp] <- {"jsonrpc":"2.0","id":571,"method":"tools/call","params":{"name":"read_memory","arguments":{"memoryType":"snesMemory","a
[10:24:58.300] [mcp] <- {"jsonrpc":"2.0","id":572,"method":"tools/call","params":{"name":"read_memory","arguments":{"memoryType":"snesMemory","a
[10:24:58.300] [mcp] <- {"jsonrpc":"2.0","id":573,"method":"tools/call","params":{"name":"read_memory","arguments":{"memoryType":"snesMemory","a
[10:24:58.300] [mcp] <- {"jsonrpc":"2.0","id":574,"method":"tools/call","params":{"name":"resume","arguments":{}}}
[10:24:58.300] [mcp] <- {"jsonrpc":"2.0","id":575,"method":"tools/call","params":{"name":"run_frames","arguments":{"count":1}}}
[10:24:58.330] [mcp] <- {"jsonrpc":"2.0","id":576,"method":"tools/call","params":{"name":"read_memory","arguments":{"memoryType":"snesMemory","a
[10:24:58.330] [mcp] <- {"jsonrpc":"2.0","id":577,"method":"tools/call","params":{"name":"read_memory","arguments":{"memoryType":"snesMemory","a
[10:24:58.330] [mcp] <- {"jsonrpc":"2.0","id":578,"method":"tools/call","params":{"name":"read_memory","arguments":{"memoryType":"snesMemory","a
[10:24:58.331] [mcp] <- {"jsonrpc":"2.0","id":579,"method":"tools/call","params":{"name":"read_memory","arguments":{"memoryType":"snesMemory","a
[10:24:58.331] [mcp] <- {"jsonrpc":"2.0","id":580,"method":"tools/call","params":{"name":"read_memory","arguments":{"memoryType":"snesMemory","a
[10:24:58.331] [mcp] <- {"jsonrpc":"2.0","id":581,"method":"tools/call","params":{"name":"read_memory","arguments":{"memoryType":"snesMemory","a
[10:24:58.331] [mcp] <- {"jsonrpc":"2.0","id":582,"method":"tools/call","params":{"name":"read_memory","arguments":{"memoryType":"snesMemory","a
[10:24:58.331] [mcp] <- {"jsonrpc":"2.0","id":583,"method":"tools/call","params":{"name":"read_memory","arguments":{"memoryType":"snesMemory","a
[10:24:58.332] [mcp] <- {"jsonrpc":"2.0","id":584,"method":"tools/call","params":{"name":"read_memory","arguments":{"memoryType":"snesMemory","a
[10:24:58.332] [mcp] <- {"jsonrpc":"2.0","id":585,"method":"tools/call","params":{"name":"read_memory","arguments":{"memoryType":"snesMemory","a
[10:24:58.332] [mcp] <- {"jsonrpc":"2.0","id":586,"method":"tools/call","params":{"name":"read_memory","arguments":{"memoryType":"snesMemory","a
[10:24:58.332] [mcp] <- {"jsonrpc":"2.0","id":587,"method":"tools/call","params":{"name":"read_memory","arguments":{"memoryType":"snesMemory","a
[10:24:58.332] [mcp] <- {"jsonrpc":"2.0","id":588,"method":"tools/call","params":{"name":"read_memory","arguments":{"memoryType":"snesMemory","a
[10:24:58.333] [mcp] <- {"jsonrpc":"2.0","id":589,"method":"tools/call","params":{"name":"read_memory","arguments":{"memoryType":"snesMemory","a
[10:24:58.333] [mcp] <- {"jsonrpc":"2.0","id":590,"method":"tools/call","params":{"name":"resume","arguments":{}}}
[10:24:58.333] [mcp] <- {"jsonrpc":"2.0","id":591,"method":"tools/call","params":{"name":"run_frames","arguments":{"count":1}}}
[10:24:58.362] [mcp] <- {"jsonrpc":"2.0","id":592,"method":"tools/call","params":{"name":"read_memory","arguments":{"memoryType":"snesMemory","a
[10:24:58.362] [mcp] <- {"jsonrpc":"2.0","id":593,"method":"tools/call","params":{"name":"read_memory","arguments":{"memoryType":"snesMemory","a
[10:24:58.362] [mcp] <- {"jsonrpc":"2.0","id":594,"method":"tools/call","params":{"name":"read_memory","arguments":{"memoryType":"snesMemory","a
[10:24:58.363] [mcp] <- {"jsonrpc":"2.0","id":595,"method":"tools/call","params":{"name":"read_memory","arguments":{"memoryType":"snesMemory","a
[10:24:58.363] [mcp] <- {"jsonrpc":"2.0","id":596,"method":"tools/call","params":{"name":"read_memory","arguments":{"memoryType":"snesMemory","a
[10:24:58.363] [mcp] <- {"jsonrpc":"2.0","id":597,"method":"tools/call","params":{"name":"read_memory","arguments":{"memoryType":"snesMemory","a
[10:24:58.363] [mcp] <- {"jsonrpc":"2.0","id":598,"method":"tools/call","params":{"name":"read_memory","arguments":{"memoryType":"snesMemory","a
[10:24:58.363] [mcp] <- {"jsonrpc":"2.0","id":599,"method":"tools/call","params":{"name":"read_memory","arguments":{"memoryType":"snesMemory","a
[10:24:58.364] [mcp] <- {"jsonrpc":"2.0","id":600,"method":"tools/call","params":{"name":"read_memory","arguments":{"memoryType":"snesMemory","a
[10:24:58.364] [mcp] <- {"jsonrpc":"2.0","id":601,"method":"tools/call","params":{"name":"read_memory","arguments":{"memoryType":"snesMemory","a
[10:24:58.364] [mcp] <- {"jsonrpc":"2.0","id":602,"method":"tools/call","params":{"name":"read_memory","arguments":{"memoryType":"snesMemory","a
[10:24:58.364] [mcp] <- {"jsonrpc":"2.0","id":603,"method":"tools/call","params":{"name":"read_memory","arguments":{"memoryType":"snesMemory","a
[10:24:58.364] [mcp] <- {"jsonrpc":"2.0","id":604,"method":"tools/call","params":{"name":"read_memory","arguments":{"memoryType":"snesMemory","a
[10:24:58.364] [mcp] <- {"jsonrpc":"2.0","id":605,"method":"tools/call","params":{"name":"read_memory","arguments":{"memoryType":"snesMemory","a
[10:24:58.365] [mcp] <- {"jsonrpc":"2.0","id":606,"method":"tools/call","params":{"name":"resume","arguments":{}}}
[10:24:58.365] [mcp] <- {"jsonrpc":"2.0","id":607,"method":"tools/call","params":{"name":"run_frames","arguments":{"count":1}}}
[10:24:58.386] [mcp] <- {"jsonrpc":"2.0","id":608,"method":"tools/call","params":{"name":"read_memory","arguments":{"memoryType":"snesMemory","a
[10:24:58.387] [mcp] <- {"jsonrpc":"2.0","id":609,"method":"tools/call","params":{"name":"read_memory","arguments":{"memoryType":"snesMemory","a
[10:24:58.388] [mcp] <- {"jsonrpc":"2.0","id":610,"method":"tools/call","params":{"name":"read_memory","arguments":{"memoryType":"snesMemory","a
[10:24:58.388] [mcp] <- {"jsonrpc":"2.0","id":611,"method":"tools/call","params":{"name":"read_memory","arguments":{"memoryType":"snesMemory","a
[10:24:58.388] [mcp] <- {"jsonrpc":"2.0","id":612,"method":"tools/call","params":{"name":"read_memory","arguments":{"memoryType":"snesMemory","a
[10:24:58.388] [mcp] <- {"jsonrpc":"2.0","id":613,"method":"tools/call","params":{"name":"read_memory","arguments":{"memoryType":"snesMemory","a
[10:24:58.388] [mcp] <- {"jsonrpc":"2.0","id":614,"method":"tools/call","params":{"name":"read_memory","arguments":{"memoryType":"snesMemory","a
[10:24:58.388] [mcp] <- {"jsonrpc":"2.0","id":615,"method":"tools/call","params":{"name":"read_memory","arguments":{"memoryType":"snesMemory","a
[10:24:58.389] [mcp] <- {"jsonrpc":"2.0","id":616,"method":"tools/call","params":{"name":"read_memory","arguments":{"memoryType":"snesMemory","a
[10:24:58.389] [mcp] <- {"jsonrpc":"2.0","id":617,"method":"tools/call","params":{"name":"read_memory","arguments":{"memoryType":"snesMemory","a
[10:24:58.389] [mcp] <- {"jsonrpc":"2.0","id":618,"method":"tools/call","params":{"name":"read_memory","arguments":{"memoryType":"snesMemory","a
[10:24:58.389] [mcp] <- {"jsonrpc":"2.0","id":619,"method":"tools/call","params":{"name":"read_memory","arguments":{"memoryType":"snesMemory","a
[10:24:58.389] [mcp] <- {"jsonrpc":"2.0","id":620,"method":"tools/call","params":{"name":"read_memory","arguments":{"memoryType":"snesMemory","a
[10:24:58.389] [mcp] <- {"jsonrpc":"2.0","id":621,"method":"tools/call","params":{"name":"read_memory","arguments":{"memoryType":"snesMemory","a
[10:24:58.389] [mcp] <- {"jsonrpc":"2.0","id":622,"method":"tools/call","params":{"name":"resume","arguments":{}}}
[10:24:58.390] [mcp] <- {"jsonrpc":"2.0","id":623,"method":"tools/call","params":{"name":"run_frames","arguments":{"count":1}}}
[10:24:58.412] [mcp] <- {"jsonrpc":"2.0","id":624,"method":"tools/call","params":{"name":"read_memory","arguments":{"memoryType":"snesMemory","a
[10:24:58.412] [mcp] <- {"jsonrpc":"2.0","id":625,"method":"tools/call","params":{"name":"read_memory","arguments":{"memoryType":"snesMemory","a
[10:24:58.412] [mcp] <- {"jsonrpc":"2.0","id":626,"method":"tools/call","params":{"name":"read_memory","arguments":{"memoryType":"snesMemory","a
[10:24:58.412] [mcp] <- {"jsonrpc":"2.0","id":627,"method":"tools/call","params":{"name":"read_memory","arguments":{"memoryType":"snesMemory","a
[10:24:58.413] [mcp] <- {"jsonrpc":"2.0","id":628,"method":"tools/call","params":{"name":"read_memory","arguments":{"memoryType":"snesMemory","a
[10:24:58.413] [mcp] <- {"jsonrpc":"2.0","id":629,"method":"tools/call","params":{"name":"read_memory","arguments":{"memoryType":"snesMemory","a
[10:24:58.413] [mcp] <- {"jsonrpc":"2.0","id":630,"method":"tools/call","params":{"name":"read_memory","arguments":{"memoryType":"snesMemory","a
[10:24:58.413] [mcp] <- {"jsonrpc":"2.0","id":631,"method":"tools/call","params":{"name":"read_memory","arguments":{"memoryType":"snesMemory","a
[10:24:58.413] [mcp] <- {"jsonrpc":"2.0","id":632,"method":"tools/call","params":{"name":"read_memory","arguments":{"memoryType":"snesMemory","a
[10:24:58.413] [mcp] <- {"jsonrpc":"2.0","id":633,"method":"tools/call","params":{"name":"read_memory","arguments":{"memoryType":"snesMemory","a
[10:24:58.414] [mcp] <- {"jsonrpc":"2.0","id":634,"method":"tools/call","params":{"name":"read_memory","arguments":{"memoryType":"snesMemory","a
[10:24:58.414] [mcp] <- {"jsonrpc":"2.0","id":635,"method":"tools/call","params":{"name":"read_memory","arguments":{"memoryType":"snesMemory","a
[10:24:58.414] [mcp] <- {"jsonrpc":"2.0","id":636,"method":"tools/call","params":{"name":"read_memory","arguments":{"memoryType":"snesMemory","a
[10:24:58.414] [mcp] <- {"jsonrpc":"2.0","id":637,"method":"tools/call","params":{"name":"read_memory","arguments":{"memoryType":"snesMemory","a
[10:24:58.414] [mcp] <- {"jsonrpc":"2.0","id":638,"method":"tools/call","params":{"name":"resume","arguments":{}}}
[10:24:58.414] [mcp] <- {"jsonrpc":"2.0","id":639,"method":"tools/call","params":{"name":"run_frames","arguments":{"count":1}}}
[10:24:58.436] [mcp] <- {"jsonrpc":"2.0","id":640,"method":"tools/call","params":{"name":"read_memory","arguments":{"memoryType":"snesMemory","a
[10:24:58.436] [mcp] <- {"jsonrpc":"2.0","id":641,"method":"tools/call","params":{"name":"read_memory","arguments":{"memoryType":"snesMemory","a
[10:24:58.436] [mcp] <- {"jsonrpc":"2.0","id":642,"method":"tools/call","params":{"name":"read_memory","arguments":{"memoryType":"snesMemory","a
[10:24:58.437] [mcp] <- {"jsonrpc":"2.0","id":643,"method":"tools/call","params":{"name":"read_memory","arguments":{"memoryType":"snesMemory","a
[10:24:58.437] [mcp] <- {"jsonrpc":"2.0","id":644,"method":"tools/call","params":{"name":"read_memory","arguments":{"memoryType":"snesMemory","a
[10:24:58.437] [mcp] <- {"jsonrpc":"2.0","id":645,"method":"tools/call","params":{"name":"read_memory","arguments":{"memoryType":"snesMemory","a
[10:24:58.438] [mcp] <- {"jsonrpc":"2.0","id":646,"method":"tools/call","params":{"name":"read_memory","arguments":{"memoryType":"snesMemory","a
[10:24:58.438] [mcp] <- {"jsonrpc":"2.0","id":647,"method":"tools/call","params":{"name":"read_memory","arguments":{"memoryType":"snesMemory","a
[10:24:58.438] [mcp] <- {"jsonrpc":"2.0","id":648,"method":"tools/call","params":{"name":"read_memory","arguments":{"memoryType":"snesMemory","a
[10:24:58.438] [mcp] <- {"jsonrpc":"2.0","id":649,"method":"tools/call","params":{"name":"read_memory","arguments":{"memoryType":"snesMemory","a
[10:24:58.439] [mcp] <- {"jsonrpc":"2.0","id":650,"method":"tools/call","params":{"name":"read_memory","arguments":{"memoryType":"snesMemory","a
[10:24:58.439] [mcp] <- {"jsonrpc":"2.0","id":651,"method":"tools/call","params":{"name":"read_memory","arguments":{"memoryType":"snesMemory","a
[10:24:58.439] [mcp] <- {"jsonrpc":"2.0","id":652,"method":"tools/call","params":{"name":"read_memory","arguments":{"memoryType":"snesMemory","a
[10:24:58.439] [mcp] <- {"jsonrpc":"2.0","id":653,"method":"tools/call","params":{"name":"read_memory","arguments":{"memoryType":"snesMemory","a
[10:24:58.440] [mcp] <- {"jsonrpc":"2.0","id":654,"method":"tools/call","params":{"name":"resume","arguments":{}}}
[10:24:58.440] [mcp] <- {"jsonrpc":"2.0","id":655,"method":"tools/call","params":{"name":"run_frames","arguments":{"count":1}}}
[10:24:58.464] [mcp] <- {"jsonrpc":"2.0","id":656,"method":"tools/call","params":{"name":"read_memory","arguments":{"memoryType":"snesMemory","a
[10:24:58.465] [mcp] <- {"jsonrpc":"2.0","id":657,"method":"tools/call","params":{"name":"read_memory","arguments":{"memoryType":"snesMemory","a
[10:24:58.465] [mcp] <- {"jsonrpc":"2.0","id":658,"method":"tools/call","params":{"name":"read_memory","arguments":{"memoryType":"snesMemory","a
[10:24:58.465] [mcp] <- {"jsonrpc":"2.0","id":659,"method":"tools/call","params":{"name":"read_memory","arguments":{"memoryType":"snesMemory","a
[10:24:58.466] [mcp] <- {"jsonrpc":"2.0","id":660,"method":"tools/call","params":{"name":"read_memory","arguments":{"memoryType":"snesMemory","a
[10:24:58.466] [mcp] <- {"jsonrpc":"2.0","id":661,"method":"tools/call","params":{"name":"read_memory","arguments":{"memoryType":"snesMemory","a
[10:24:58.466] [mcp] <- {"jsonrpc":"2.0","id":662,"method":"tools/call","params":{"name":"read_memory","arguments":{"memoryType":"snesMemory","a
[10:24:58.466] [mcp] <- {"jsonrpc":"2.0","id":663,"method":"tools/call","params":{"name":"read_memory","arguments":{"memoryType":"snesMemory","a
[10:24:58.467] [mcp] <- {"jsonrpc":"2.0","id":664,"method":"tools/call","params":{"name":"read_memory","arguments":{"memoryType":"snesMemory","a
[10:24:58.467] [mcp] <- {"jsonrpc":"2.0","id":665,"method":"tools/call","params":{"name":"read_memory","arguments":{"memoryType":"snesMemory","a
[10:24:58.467] [mcp] <- {"jsonrpc":"2.0","id":666,"method":"tools/call","params":{"name":"read_memory","arguments":{"memoryType":"snesMemory","a
[10:24:58.467] [mcp] <- {"jsonrpc":"2.0","id":667,"method":"tools/call","params":{"name":"read_memory","arguments":{"memoryType":"snesMemory","a
[10:24:58.468] [mcp] <- {"jsonrpc":"2.0","id":668,"method":"tools/call","params":{"name":"read_memory","arguments":{"memoryType":"snesMemory","a
[10:24:58.468] [mcp] <- {"jsonrpc":"2.0","id":669,"method":"tools/call","params":{"name":"read_memory","arguments":{"memoryType":"snesMemory","a
[10:24:58.468] [mcp] <- {"jsonrpc":"2.0","id":670,"method":"tools/call","params":{"name":"resume","arguments":{}}}
[10:24:58.468] [mcp] <- {"jsonrpc":"2.0","id":671,"method":"tools/call","params":{"name":"run_frames","arguments":{"count":1}}}
[10:24:58.489] [mcp] <- {"jsonrpc":"2.0","id":672,"method":"tools/call","params":{"name":"read_memory","arguments":{"memoryType":"snesMemory","a
[10:24:58.490] [mcp] <- {"jsonrpc":"2.0","id":673,"method":"tools/call","params":{"name":"read_memory","arguments":{"memoryType":"snesMemory","a
[10:24:58.490] [mcp] <- {"jsonrpc":"2.0","id":674,"method":"tools/call","params":{"name":"read_memory","arguments":{"memoryType":"snesMemory","a
[10:24:58.490] [mcp] <- {"jsonrpc":"2.0","id":675,"method":"tools/call","params":{"name":"read_memory","arguments":{"memoryType":"snesMemory","a
[10:24:58.490] [mcp] <- {"jsonrpc":"2.0","id":676,"method":"tools/call","params":{"name":"read_memory","arguments":{"memoryType":"snesMemory","a
[10:24:58.491] [mcp] <- {"jsonrpc":"2.0","id":677,"method":"tools/call","params":{"name":"read_memory","arguments":{"memoryType":"snesMemory","a
[10:24:58.491] [mcp] <- {"jsonrpc":"2.0","id":678,"method":"tools/call","params":{"name":"read_memory","arguments":{"memoryType":"snesMemory","a
[10:24:58.491] [mcp] <- {"jsonrpc":"2.0","id":679,"method":"tools/call","params":{"name":"read_memory","arguments":{"memoryType":"snesMemory","a
[10:24:58.491] [mcp] <- {"jsonrpc":"2.0","id":680,"method":"tools/call","params":{"name":"read_memory","arguments":{"memoryType":"snesMemory","a
[10:24:58.492] [mcp] <- {"jsonrpc":"2.0","id":681,"method":"tools/call","params":{"name":"read_memory","arguments":{"memoryType":"snesMemory","a
[10:24:58.492] [mcp] <- {"jsonrpc":"2.0","id":682,"method":"tools/call","params":{"name":"read_memory","arguments":{"memoryType":"snesMemory","a
[10:24:58.492] [mcp] <- {"jsonrpc":"2.0","id":683,"method":"tools/call","params":{"name":"read_memory","arguments":{"memoryType":"snesMemory","a
[10:24:58.492] [mcp] <- {"jsonrpc":"2.0","id":684,"method":"tools/call","params":{"name":"read_memory","arguments":{"memoryType":"snesMemory","a
[10:24:58.493] [mcp] <- {"jsonrpc":"2.0","id":685,"method":"tools/call","params":{"name":"read_memory","arguments":{"memoryType":"snesMemory","a
[10:24:58.493] [mcp] <- {"jsonrpc":"2.0","id":686,"method":"tools/call","params":{"name":"resume","arguments":{}}}
[10:24:58.493] [mcp] <- {"jsonrpc":"2.0","id":687,"method":"tools/call","params":{"name":"run_frames","arguments":{"count":1}}}
[10:24:58.513] [mcp] <- {"jsonrpc":"2.0","id":688,"method":"tools/call","params":{"name":"read_memory","arguments":{"memoryType":"snesMemory","a
[10:24:58.513] [mcp] <- {"jsonrpc":"2.0","id":689,"method":"tools/call","params":{"name":"read_memory","arguments":{"memoryType":"snesMemory","a
[10:24:58.514] [mcp] <- {"jsonrpc":"2.0","id":690,"method":"tools/call","params":{"name":"read_memory","arguments":{"memoryType":"snesMemory","a
[10:24:58.514] [mcp] <- {"jsonrpc":"2.0","id":691,"method":"tools/call","params":{"name":"read_memory","arguments":{"memoryType":"snesMemory","a
[10:24:58.514] [mcp] <- {"jsonrpc":"2.0","id":692,"method":"tools/call","params":{"name":"read_memory","arguments":{"memoryType":"snesMemory","a
[10:24:58.514] [mcp] <- {"jsonrpc":"2.0","id":693,"method":"tools/call","params":{"name":"read_memory","arguments":{"memoryType":"snesMemory","a
[10:24:58.515] [mcp] <- {"jsonrpc":"2.0","id":694,"method":"tools/call","params":{"name":"read_memory","arguments":{"memoryType":"snesMemory","a
[10:24:58.515] [mcp] <- {"jsonrpc":"2.0","id":695,"method":"tools/call","params":{"name":"read_memory","arguments":{"memoryType":"snesMemory","a
[10:24:58.515] [mcp] <- {"jsonrpc":"2.0","id":696,"method":"tools/call","params":{"name":"read_memory","arguments":{"memoryType":"snesMemory","a
[10:24:58.515] [mcp] <- {"jsonrpc":"2.0","id":697,"method":"tools/call","params":{"name":"read_memory","arguments":{"memoryType":"snesMemory","a
[10:24:58.516] [mcp] <- {"jsonrpc":"2.0","id":698,"method":"tools/call","params":{"name":"read_memory","arguments":{"memoryType":"snesMemory","a
[10:24:58.516] [mcp] <- {"jsonrpc":"2.0","id":699,"method":"tools/call","params":{"name":"read_memory","arguments":{"memoryType":"snesMemory","a
[10:24:58.516] [mcp] <- {"jsonrpc":"2.0","id":700,"method":"tools/call","params":{"name":"read_memory","arguments":{"memoryType":"snesMemory","a
[10:24:58.516] [mcp] <- {"jsonrpc":"2.0","id":701,"method":"tools/call","params":{"name":"read_memory","arguments":{"memoryType":"snesMemory","a
[10:24:58.517] [mcp] <- {"jsonrpc":"2.0","id":702,"method":"tools/call","params":{"name":"resume","arguments":{}}}
[10:24:58.517] [mcp] <- {"jsonrpc":"2.0","id":703,"method":"tools/call","params":{"name":"run_frames","arguments":{"count":1}}}
[10:24:58.554] [mcp] <- {"jsonrpc":"2.0","id":704,"method":"tools/call","params":{"name":"read_memory","arguments":{"memoryType":"snesMemory","a
[10:24:58.555] [mcp] <- {"jsonrpc":"2.0","id":705,"method":"tools/call","params":{"name":"read_memory","arguments":{"memoryType":"snesMemory","a
[10:24:58.555] [mcp] <- {"jsonrpc":"2.0","id":706,"method":"tools/call","params":{"name":"read_memory","arguments":{"memoryType":"snesMemory","a
[10:24:58.555] [mcp] <- {"jsonrpc":"2.0","id":707,"method":"tools/call","params":{"name":"read_memory","arguments":{"memoryType":"snesMemory","a
[10:24:58.555] [mcp] <- {"jsonrpc":"2.0","id":708,"method":"tools/call","params":{"name":"read_memory","arguments":{"memoryType":"snesMemory","a
[10:24:58.556] [mcp] <- {"jsonrpc":"2.0","id":709,"method":"tools/call","params":{"name":"read_memory","arguments":{"memoryType":"snesMemory","a
[10:24:58.556] [mcp] <- {"jsonrpc":"2.0","id":710,"method":"tools/call","params":{"name":"read_memory","arguments":{"memoryType":"snesMemory","a
[10:24:58.556] [mcp] <- {"jsonrpc":"2.0","id":711,"method":"tools/call","params":{"name":"read_memory","arguments":{"memoryType":"snesMemory","a
[10:24:58.556] [mcp] <- {"jsonrpc":"2.0","id":712,"method":"tools/call","params":{"name":"read_memory","arguments":{"memoryType":"snesMemory","a
[10:24:58.557] [mcp] <- {"jsonrpc":"2.0","id":713,"method":"tools/call","params":{"name":"read_memory","arguments":{"memoryType":"snesMemory","a
[10:24:58.557] [mcp] <- {"jsonrpc":"2.0","id":714,"method":"tools/call","params":{"name":"read_memory","arguments":{"memoryType":"snesMemory","a
[10:24:58.557] [mcp] <- {"jsonrpc":"2.0","id":715,"method":"tools/call","params":{"name":"read_memory","arguments":{"memoryType":"snesMemory","a
[10:24:58.557] [mcp] <- {"jsonrpc":"2.0","id":716,"method":"tools/call","params":{"name":"read_memory","arguments":{"memoryType":"snesMemory","a
[10:24:58.558] [mcp] <- {"jsonrpc":"2.0","id":717,"method":"tools/call","params":{"name":"read_memory","arguments":{"memoryType":"snesMemory","a
[10:24:58.558] [mcp] <- {"jsonrpc":"2.0","id":718,"method":"tools/call","params":{"name":"resume","arguments":{}}}
[10:24:58.558] [mcp] <- {"jsonrpc":"2.0","id":719,"method":"tools/call","params":{"name":"run_frames","arguments":{"count":1}}}
[10:24:58.582] [mcp] <- {"jsonrpc":"2.0","id":720,"method":"tools/call","params":{"name":"read_memory","arguments":{"memoryType":"snesMemory","a
[10:24:58.583] [mcp] <- {"jsonrpc":"2.0","id":721,"method":"tools/call","params":{"name":"read_memory","arguments":{"memoryType":"snesMemory","a
[10:24:58.583] [mcp] <- {"jsonrpc":"2.0","id":722,"method":"tools/call","params":{"name":"read_memory","arguments":{"memoryType":"snesMemory","a
[10:24:58.583] [mcp] <- {"jsonrpc":"2.0","id":723,"method":"tools/call","params":{"name":"read_memory","arguments":{"memoryType":"snesMemory","a
[10:24:58.584] [mcp] <- {"jsonrpc":"2.0","id":724,"method":"tools/call","params":{"name":"read_memory","arguments":{"memoryType":"snesMemory","a
[10:24:58.584] [mcp] <- {"jsonrpc":"2.0","id":725,"method":"tools/call","params":{"name":"read_memory","arguments":{"memoryType":"snesMemory","a
[10:24:58.584] [mcp] <- {"jsonrpc":"2.0","id":726,"method":"tools/call","params":{"name":"read_memory","arguments":{"memoryType":"snesMemory","a
[10:24:58.584] [mcp] <- {"jsonrpc":"2.0","id":727,"method":"tools/call","params":{"name":"read_memory","arguments":{"memoryType":"snesMemory","a
[10:24:58.585] [mcp] <- {"jsonrpc":"2.0","id":728,"method":"tools/call","params":{"name":"read_memory","arguments":{"memoryType":"snesMemory","a
[10:24:58.585] [mcp] <- {"jsonrpc":"2.0","id":729,"method":"tools/call","params":{"name":"read_memory","arguments":{"memoryType":"snesMemory","a
[10:24:58.585] [mcp] <- {"jsonrpc":"2.0","id":730,"method":"tools/call","params":{"name":"read_memory","arguments":{"memoryType":"snesMemory","a
[10:24:58.585] [mcp] <- {"jsonrpc":"2.0","id":731,"method":"tools/call","params":{"name":"read_memory","arguments":{"memoryType":"snesMemory","a
[10:24:58.586] [mcp] <- {"jsonrpc":"2.0","id":732,"method":"tools/call","params":{"name":"read_memory","arguments":{"memoryType":"snesMemory","a
[10:24:58.586] [mcp] <- {"jsonrpc":"2.0","id":733,"method":"tools/call","params":{"name":"read_memory","arguments":{"memoryType":"snesMemory","a
[10:24:58.586] [mcp] <- {"jsonrpc":"2.0","id":734,"method":"tools/call","params":{"name":"resume","arguments":{}}}
[10:24:58.586] [mcp] <- {"jsonrpc":"2.0","id":735,"method":"tools/call","params":{"name":"run_frames","arguments":{"count":1}}}
[10:24:58.611] [mcp] <- {"jsonrpc":"2.0","id":736,"method":"tools/call","params":{"name":"read_memory","arguments":{"memoryType":"snesMemory","a
[10:24:58.612] [mcp] <- {"jsonrpc":"2.0","id":737,"method":"tools/call","params":{"name":"read_memory","arguments":{"memoryType":"snesMemory","a
[10:24:58.612] [mcp] <- {"jsonrpc":"2.0","id":738,"method":"tools/call","params":{"name":"read_memory","arguments":{"memoryType":"snesMemory","a
[10:24:58.612] [mcp] <- {"jsonrpc":"2.0","id":739,"method":"tools/call","params":{"name":"read_memory","arguments":{"memoryType":"snesMemory","a
[10:24:58.612] [mcp] <- {"jsonrpc":"2.0","id":740,"method":"tools/call","params":{"name":"read_memory","arguments":{"memoryType":"snesMemory","a
[10:24:58.613] [mcp] <- {"jsonrpc":"2.0","id":741,"method":"tools/call","params":{"name":"read_memory","arguments":{"memoryType":"snesMemory","a
[10:24:58.613] [mcp] <- {"jsonrpc":"2.0","id":742,"method":"tools/call","params":{"name":"read_memory","arguments":{"memoryType":"snesMemory","a
[10:24:58.613] [mcp] <- {"jsonrpc":"2.0","id":743,"method":"tools/call","params":{"name":"read_memory","arguments":{"memoryType":"snesMemory","a
[10:24:58.614] [mcp] <- {"jsonrpc":"2.0","id":744,"method":"tools/call","params":{"name":"read_memory","arguments":{"memoryType":"snesMemory","a
[10:24:58.614] [mcp] <- {"jsonrpc":"2.0","id":745,"method":"tools/call","params":{"name":"read_memory","arguments":{"memoryType":"snesMemory","a
[10:24:58.614] [mcp] <- {"jsonrpc":"2.0","id":746,"method":"tools/call","params":{"name":"read_memory","arguments":{"memoryType":"snesMemory","a
[10:24:58.615] [mcp] <- {"jsonrpc":"2.0","id":747,"method":"tools/call","params":{"name":"read_memory","arguments":{"memoryType":"snesMemory","a
[10:24:58.615] [mcp] <- {"jsonrpc":"2.0","id":748,"method":"tools/call","params":{"name":"read_memory","arguments":{"memoryType":"snesMemory","a
[10:24:58.615] [mcp] <- {"jsonrpc":"2.0","id":749,"method":"tools/call","params":{"name":"read_memory","arguments":{"memoryType":"snesMemory","a
[10:24:58.616] [mcp] <- {"jsonrpc":"2.0","id":750,"method":"tools/call","params":{"name":"resume","arguments":{}}}
[10:24:58.616] [mcp] <- {"jsonrpc":"2.0","id":751,"method":"tools/call","params":{"name":"run_frames","arguments":{"count":1}}}
[10:24:58.643] [mcp] <- {"jsonrpc":"2.0","id":752,"method":"tools/call","params":{"name":"read_memory","arguments":{"memoryType":"snesMemory","a
[10:24:58.643] [mcp] <- {"jsonrpc":"2.0","id":753,"method":"tools/call","params":{"name":"read_memory","arguments":{"memoryType":"snesMemory","a
[10:24:58.644] [mcp] <- {"jsonrpc":"2.0","id":754,"method":"tools/call","params":{"name":"read_memory","arguments":{"memoryType":"snesMemory","a
[10:24:58.644] [mcp] <- {"jsonrpc":"2.0","id":755,"method":"tools/call","params":{"name":"read_memory","arguments":{"memoryType":"snesMemory","a
[10:24:58.644] [mcp] <- {"jsonrpc":"2.0","id":756,"method":"tools/call","params":{"name":"read_memory","arguments":{"memoryType":"snesMemory","a
[10:24:58.644] [mcp] <- {"jsonrpc":"2.0","id":757,"method":"tools/call","params":{"name":"read_memory","arguments":{"memoryType":"snesMemory","a
[10:24:58.645] [mcp] <- {"jsonrpc":"2.0","id":758,"method":"tools/call","params":{"name":"read_memory","arguments":{"memoryType":"snesMemory","a
[10:24:58.645] [mcp] <- {"jsonrpc":"2.0","id":759,"method":"tools/call","params":{"name":"read_memory","arguments":{"memoryType":"snesMemory","a
[10:24:58.645] [mcp] <- {"jsonrpc":"2.0","id":760,"method":"tools/call","params":{"name":"read_memory","arguments":{"memoryType":"snesMemory","a
[10:24:58.645] [mcp] <- {"jsonrpc":"2.0","id":761,"method":"tools/call","params":{"name":"read_memory","arguments":{"memoryType":"snesMemory","a
[10:24:58.646] [mcp] <- {"jsonrpc":"2.0","id":762,"method":"tools/call","params":{"name":"read_memory","arguments":{"memoryType":"snesMemory","a
[10:24:58.646] [mcp] <- {"jsonrpc":"2.0","id":763,"method":"tools/call","params":{"name":"read_memory","arguments":{"memoryType":"snesMemory","a
[10:24:58.646] [mcp] <- {"jsonrpc":"2.0","id":764,"method":"tools/call","params":{"name":"read_memory","arguments":{"memoryType":"snesMemory","a
[10:24:58.647] [mcp] <- {"jsonrpc":"2.0","id":765,"method":"tools/call","params":{"name":"read_memory","arguments":{"memoryType":"snesMemory","a
[10:24:58.647] [mcp] <- {"jsonrpc":"2.0","id":766,"method":"tools/call","params":{"name":"resume","arguments":{}}}
[10:24:58.647] [mcp] <- {"jsonrpc":"2.0","id":767,"method":"tools/call","params":{"name":"run_frames","arguments":{"count":1}}}
[10:24:58.667] [mcp] <- {"jsonrpc":"2.0","id":768,"method":"tools/call","params":{"name":"read_memory","arguments":{"memoryType":"snesMemory","a
[10:24:58.668] [mcp] <- {"jsonrpc":"2.0","id":769,"method":"tools/call","params":{"name":"read_memory","arguments":{"memoryType":"snesMemory","a
[10:24:58.668] [mcp] <- {"jsonrpc":"2.0","id":770,"method":"tools/call","params":{"name":"read_memory","arguments":{"memoryType":"snesMemory","a
[10:24:58.668] [mcp] <- {"jsonrpc":"2.0","id":771,"method":"tools/call","params":{"name":"read_memory","arguments":{"memoryType":"snesMemory","a
[10:24:58.669] [mcp] <- {"jsonrpc":"2.0","id":772,"method":"tools/call","params":{"name":"read_memory","arguments":{"memoryType":"snesMemory","a
[10:24:58.669] [mcp] <- {"jsonrpc":"2.0","id":773,"method":"tools/call","params":{"name":"read_memory","arguments":{"memoryType":"snesMemory","a
[10:24:58.669] [mcp] <- {"jsonrpc":"2.0","id":774,"method":"tools/call","params":{"name":"read_memory","arguments":{"memoryType":"snesMemory","a
[10:24:58.669] [mcp] <- {"jsonrpc":"2.0","id":775,"method":"tools/call","params":{"name":"read_memory","arguments":{"memoryType":"snesMemory","a
[10:24:58.670] [mcp] <- {"jsonrpc":"2.0","id":776,"method":"tools/call","params":{"name":"read_memory","arguments":{"memoryType":"snesMemory","a
[10:24:58.670] [mcp] <- {"jsonrpc":"2.0","id":777,"method":"tools/call","params":{"name":"read_memory","arguments":{"memoryType":"snesMemory","a
[10:24:58.670] [mcp] <- {"jsonrpc":"2.0","id":778,"method":"tools/call","params":{"name":"read_memory","arguments":{"memoryType":"snesMemory","a
[10:24:58.671] [mcp] <- {"jsonrpc":"2.0","id":779,"method":"tools/call","params":{"name":"read_memory","arguments":{"memoryType":"snesMemory","a
[10:24:58.671] [mcp] <- {"jsonrpc":"2.0","id":780,"method":"tools/call","params":{"name":"read_memory","arguments":{"memoryType":"snesMemory","a
[10:24:58.671] [mcp] <- {"jsonrpc":"2.0","id":781,"method":"tools/call","params":{"name":"read_memory","arguments":{"memoryType":"snesMemory","a
[10:24:58.672] [mcp] <- {"jsonrpc":"2.0","id":782,"method":"tools/call","params":{"name":"resume","arguments":{}}}
[10:24:58.672] [mcp] <- {"jsonrpc":"2.0","id":783,"method":"tools/call","params":{"name":"run_frames","arguments":{"count":1}}}
[10:24:58.691] [mcp] <- {"jsonrpc":"2.0","id":784,"method":"tools/call","params":{"name":"read_memory","arguments":{"memoryType":"snesMemory","a
[10:24:58.692] [mcp] <- {"jsonrpc":"2.0","id":785,"method":"tools/call","params":{"name":"read_memory","arguments":{"memoryType":"snesMemory","a
[10:24:58.692] [mcp] <- {"jsonrpc":"2.0","id":786,"method":"tools/call","params":{"name":"read_memory","arguments":{"memoryType":"snesMemory","a
[10:24:58.692] [mcp] <- {"jsonrpc":"2.0","id":787,"method":"tools/call","params":{"name":"read_memory","arguments":{"memoryType":"snesMemory","a
[10:24:58.692] [mcp] <- {"jsonrpc":"2.0","id":788,"method":"tools/call","params":{"name":"read_memory","arguments":{"memoryType":"snesMemory","a
[10:24:58.693] [mcp] <- {"jsonrpc":"2.0","id":789,"method":"tools/call","params":{"name":"read_memory","arguments":{"memoryType":"snesMemory","a
[10:24:58.693] [mcp] <- {"jsonrpc":"2.0","id":790,"method":"tools/call","params":{"name":"read_memory","arguments":{"memoryType":"snesMemory","a
[10:24:58.693] [mcp] <- {"jsonrpc":"2.0","id":791,"method":"tools/call","params":{"name":"read_memory","arguments":{"memoryType":"snesMemory","a
[10:24:58.694] [mcp] <- {"jsonrpc":"2.0","id":792,"method":"tools/call","params":{"name":"read_memory","arguments":{"memoryType":"snesMemory","a
[10:24:58.694] [mcp] <- {"jsonrpc":"2.0","id":793,"method":"tools/call","params":{"name":"read_memory","arguments":{"memoryType":"snesMemory","a
[10:24:58.694] [mcp] <- {"jsonrpc":"2.0","id":794,"method":"tools/call","params":{"name":"read_memory","arguments":{"memoryType":"snesMemory","a
[10:24:58.695] [mcp] <- {"jsonrpc":"2.0","id":795,"method":"tools/call","params":{"name":"read_memory","arguments":{"memoryType":"snesMemory","a
[10:24:58.695] [mcp] <- {"jsonrpc":"2.0","id":796,"method":"tools/call","params":{"name":"read_memory","arguments":{"memoryType":"snesMemory","a
[10:24:58.695] [mcp] <- {"jsonrpc":"2.0","id":797,"method":"tools/call","params":{"name":"read_memory","arguments":{"memoryType":"snesMemory","a
[10:24:58.696] [mcp] <- {"jsonrpc":"2.0","id":798,"method":"tools/call","params":{"name":"resume","arguments":{}}}
[10:24:58.696] [mcp] <- {"jsonrpc":"2.0","id":799,"method":"tools/call","params":{"name":"run_frames","arguments":{"count":1}}}
[10:24:58.715] [mcp] <- {"jsonrpc":"2.0","id":800,"method":"tools/call","params":{"name":"read_memory","arguments":{"memoryType":"snesMemory","a
[10:24:58.715] [mcp] <- {"jsonrpc":"2.0","id":801,"method":"tools/call","params":{"name":"read_memory","arguments":{"memoryType":"snesMemory","a
[10:24:58.715] [mcp] <- {"jsonrpc":"2.0","id":802,"method":"tools/call","params":{"name":"read_memory","arguments":{"memoryType":"snesMemory","a
[10:24:58.716] [mcp] <- {"jsonrpc":"2.0","id":803,"method":"tools/call","params":{"name":"read_memory","arguments":{"memoryType":"snesMemory","a
[10:24:58.716] [mcp] <- {"jsonrpc":"2.0","id":804,"method":"tools/call","params":{"name":"read_memory","arguments":{"memoryType":"snesMemory","a
[10:24:58.716] [mcp] <- {"jsonrpc":"2.0","id":805,"method":"tools/call","params":{"name":"read_memory","arguments":{"memoryType":"snesMemory","a
[10:24:58.717] [mcp] <- {"jsonrpc":"2.0","id":806,"method":"tools/call","params":{"name":"read_memory","arguments":{"memoryType":"snesMemory","a
[10:24:58.717] [mcp] <- {"jsonrpc":"2.0","id":807,"method":"tools/call","params":{"name":"read_memory","arguments":{"memoryType":"snesMemory","a
[10:24:58.717] [mcp] <- {"jsonrpc":"2.0","id":808,"method":"tools/call","params":{"name":"read_memory","arguments":{"memoryType":"snesMemory","a
[10:24:58.718] [mcp] <- {"jsonrpc":"2.0","id":809,"method":"tools/call","params":{"name":"read_memory","arguments":{"memoryType":"snesMemory","a
[10:24:58.718] [mcp] <- {"jsonrpc":"2.0","id":810,"method":"tools/call","params":{"name":"read_memory","arguments":{"memoryType":"snesMemory","a
[10:24:58.718] [mcp] <- {"jsonrpc":"2.0","id":811,"method":"tools/call","params":{"name":"read_memory","arguments":{"memoryType":"snesMemory","a
[10:24:58.719] [mcp] <- {"jsonrpc":"2.0","id":812,"method":"tools/call","params":{"name":"read_memory","arguments":{"memoryType":"snesMemory","a
[10:24:58.719] [mcp] <- {"jsonrpc":"2.0","id":813,"method":"tools/call","params":{"name":"read_memory","arguments":{"memoryType":"snesMemory","a
[10:24:58.719] [mcp] <- {"jsonrpc":"2.0","id":814,"method":"tools/call","params":{"name":"resume","arguments":{}}}
[10:24:58.719] [mcp] <- {"jsonrpc":"2.0","id":815,"method":"tools/call","params":{"name":"run_frames","arguments":{"count":1}}}
[10:24:58.739] [mcp] <- {"jsonrpc":"2.0","id":816,"method":"tools/call","params":{"name":"read_memory","arguments":{"memoryType":"snesMemory","a
[10:24:58.740] [mcp] <- {"jsonrpc":"2.0","id":817,"method":"tools/call","params":{"name":"read_memory","arguments":{"memoryType":"snesMemory","a
[10:24:58.740] [mcp] <- {"jsonrpc":"2.0","id":818,"method":"tools/call","params":{"name":"read_memory","arguments":{"memoryType":"snesMemory","a
[10:24:58.740] [mcp] <- {"jsonrpc":"2.0","id":819,"method":"tools/call","params":{"name":"read_memory","arguments":{"memoryType":"snesMemory","a
[10:24:58.740] [mcp] <- {"jsonrpc":"2.0","id":820,"method":"tools/call","params":{"name":"read_memory","arguments":{"memoryType":"snesMemory","a
[10:24:58.741] [mcp] <- {"jsonrpc":"2.0","id":821,"method":"tools/call","params":{"name":"read_memory","arguments":{"memoryType":"snesMemory","a
[10:24:58.741] [mcp] <- {"jsonrpc":"2.0","id":822,"method":"tools/call","params":{"name":"read_memory","arguments":{"memoryType":"snesMemory","a
[10:24:58.741] [mcp] <- {"jsonrpc":"2.0","id":823,"method":"tools/call","params":{"name":"read_memory","arguments":{"memoryType":"snesMemory","a
[10:24:58.742] [mcp] <- {"jsonrpc":"2.0","id":824,"method":"tools/call","params":{"name":"read_memory","arguments":{"memoryType":"snesMemory","a
[10:24:58.742] [mcp] <- {"jsonrpc":"2.0","id":825,"method":"tools/call","params":{"name":"read_memory","arguments":{"memoryType":"snesMemory","a
[10:24:58.742] [mcp] <- {"jsonrpc":"2.0","id":826,"method":"tools/call","params":{"name":"read_memory","arguments":{"memoryType":"snesMemory","a
[10:24:58.743] [mcp] <- {"jsonrpc":"2.0","id":827,"method":"tools/call","params":{"name":"read_memory","arguments":{"memoryType":"snesMemory","a
[10:24:58.743] [mcp] <- {"jsonrpc":"2.0","id":828,"method":"tools/call","params":{"name":"read_memory","arguments":{"memoryType":"snesMemory","a
[10:24:58.743] [mcp] <- {"jsonrpc":"2.0","id":829,"method":"tools/call","params":{"name":"read_memory","arguments":{"memoryType":"snesMemory","a
[10:24:58.744] [mcp] <- {"jsonrpc":"2.0","id":830,"method":"tools/call","params":{"name":"resume","arguments":{}}}
[10:24:58.744] [mcp] <- {"jsonrpc":"2.0","id":831,"method":"tools/call","params":{"name":"run_frames","arguments":{"count":1}}}
[10:24:58.763] [mcp] <- {"jsonrpc":"2.0","id":832,"method":"tools/call","params":{"name":"read_memory","arguments":{"memoryType":"snesMemory","a
[10:24:58.763] [mcp] <- {"jsonrpc":"2.0","id":833,"method":"tools/call","params":{"name":"read_memory","arguments":{"memoryType":"snesMemory","a
[10:24:58.763] [mcp] <- {"jsonrpc":"2.0","id":834,"method":"tools/call","params":{"name":"read_memory","arguments":{"memoryType":"snesMemory","a
[10:24:58.764] [mcp] <- {"jsonrpc":"2.0","id":835,"method":"tools/call","params":{"name":"read_memory","arguments":{"memoryType":"snesMemory","a
[10:24:58.764] [mcp] <- {"jsonrpc":"2.0","id":836,"method":"tools/call","params":{"name":"read_memory","arguments":{"memoryType":"snesMemory","a
[10:24:58.764] [mcp] <- {"jsonrpc":"2.0","id":837,"method":"tools/call","params":{"name":"read_memory","arguments":{"memoryType":"snesMemory","a
[10:24:58.765] [mcp] <- {"jsonrpc":"2.0","id":838,"method":"tools/call","params":{"name":"read_memory","arguments":{"memoryType":"snesMemory","a
[10:24:58.765] [mcp] <- {"jsonrpc":"2.0","id":839,"method":"tools/call","params":{"name":"read_memory","arguments":{"memoryType":"snesMemory","a
[10:24:58.765] [mcp] <- {"jsonrpc":"2.0","id":840,"method":"tools/call","params":{"name":"read_memory","arguments":{"memoryType":"snesMemory","a
[10:24:58.766] [mcp] <- {"jsonrpc":"2.0","id":841,"method":"tools/call","params":{"name":"read_memory","arguments":{"memoryType":"snesMemory","a
[10:24:58.766] [mcp] <- {"jsonrpc":"2.0","id":842,"method":"tools/call","params":{"name":"read_memory","arguments":{"memoryType":"snesMemory","a
[10:24:58.766] [mcp] <- {"jsonrpc":"2.0","id":843,"method":"tools/call","params":{"name":"read_memory","arguments":{"memoryType":"snesMemory","a
[10:24:58.767] [mcp] <- {"jsonrpc":"2.0","id":844,"method":"tools/call","params":{"name":"read_memory","arguments":{"memoryType":"snesMemory","a
[10:24:58.767] [mcp] <- {"jsonrpc":"2.0","id":845,"method":"tools/call","params":{"name":"read_memory","arguments":{"memoryType":"snesMemory","a
[10:24:58.767] [mcp] <- {"jsonrpc":"2.0","id":846,"method":"tools/call","params":{"name":"resume","arguments":{}}}
[10:24:58.767] [mcp] <- {"jsonrpc":"2.0","id":847,"method":"tools/call","params":{"name":"run_frames","arguments":{"count":1}}}
[10:24:58.804] [mcp] <- {"jsonrpc":"2.0","id":848,"method":"tools/call","params":{"name":"read_memory","arguments":{"memoryType":"snesMemory","a
[10:24:58.804] [mcp] <- {"jsonrpc":"2.0","id":849,"method":"tools/call","params":{"name":"read_memory","arguments":{"memoryType":"snesMemory","a
[10:24:58.805] [mcp] <- {"jsonrpc":"2.0","id":850,"method":"tools/call","params":{"name":"read_memory","arguments":{"memoryType":"snesMemory","a
[10:24:58.805] [mcp] <- {"jsonrpc":"2.0","id":851,"method":"tools/call","params":{"name":"read_memory","arguments":{"memoryType":"snesMemory","a
[10:24:58.805] [mcp] <- {"jsonrpc":"2.0","id":852,"method":"tools/call","params":{"name":"read_memory","arguments":{"memoryType":"snesMemory","a
[10:24:58.806] [mcp] <- {"jsonrpc":"2.0","id":853,"method":"tools/call","params":{"name":"read_memory","arguments":{"memoryType":"snesMemory","a
[10:24:58.806] [mcp] <- {"jsonrpc":"2.0","id":854,"method":"tools/call","params":{"name":"read_memory","arguments":{"memoryType":"snesMemory","a
[10:24:58.806] [mcp] <- {"jsonrpc":"2.0","id":855,"method":"tools/call","params":{"name":"read_memory","arguments":{"memoryType":"snesMemory","a
[10:24:58.807] [mcp] <- {"jsonrpc":"2.0","id":856,"method":"tools/call","params":{"name":"read_memory","arguments":{"memoryType":"snesMemory","a
[10:24:58.807] [mcp] <- {"jsonrpc":"2.0","id":857,"method":"tools/call","params":{"name":"read_memory","arguments":{"memoryType":"snesMemory","a
[10:24:58.807] [mcp] <- {"jsonrpc":"2.0","id":858,"method":"tools/call","params":{"name":"read_memory","arguments":{"memoryType":"snesMemory","a
[10:24:58.808] [mcp] <- {"jsonrpc":"2.0","id":859,"method":"tools/call","params":{"name":"read_memory","arguments":{"memoryType":"snesMemory","a
[10:24:58.808] [mcp] <- {"jsonrpc":"2.0","id":860,"method":"tools/call","params":{"name":"read_memory","arguments":{"memoryType":"snesMemory","a
[10:24:58.808] [mcp] <- {"jsonrpc":"2.0","id":861,"method":"tools/call","params":{"name":"read_memory","arguments":{"memoryType":"snesMemory","a
[10:24:58.809] [mcp] <- {"jsonrpc":"2.0","id":862,"method":"tools/call","params":{"name":"resume","arguments":{}}}
[10:24:58.809] [mcp] <- {"jsonrpc":"2.0","id":863,"method":"tools/call","params":{"name":"run_frames","arguments":{"count":1}}}
[10:24:58.833] [mcp] <- {"jsonrpc":"2.0","id":864,"method":"tools/call","params":{"name":"read_memory","arguments":{"memoryType":"snesMemory","a
[10:24:58.833] [mcp] <- {"jsonrpc":"2.0","id":865,"method":"tools/call","params":{"name":"read_memory","arguments":{"memoryType":"snesMemory","a
[10:24:58.833] [mcp] <- {"jsonrpc":"2.0","id":866,"method":"tools/call","params":{"name":"read_memory","arguments":{"memoryType":"snesMemory","a
[10:24:58.834] [mcp] <- {"jsonrpc":"2.0","id":867,"method":"tools/call","params":{"name":"read_memory","arguments":{"memoryType":"snesMemory","a
[10:24:58.834] [mcp] <- {"jsonrpc":"2.0","id":868,"method":"tools/call","params":{"name":"read_memory","arguments":{"memoryType":"snesMemory","a
[10:24:58.834] [mcp] <- {"jsonrpc":"2.0","id":869,"method":"tools/call","params":{"name":"read_memory","arguments":{"memoryType":"snesMemory","a
[10:24:58.835] [mcp] <- {"jsonrpc":"2.0","id":870,"method":"tools/call","params":{"name":"read_memory","arguments":{"memoryType":"snesMemory","a
[10:24:58.835] [mcp] <- {"jsonrpc":"2.0","id":871,"method":"tools/call","params":{"name":"read_memory","arguments":{"memoryType":"snesMemory","a
[10:24:58.835] [mcp] <- {"jsonrpc":"2.0","id":872,"method":"tools/call","params":{"name":"read_memory","arguments":{"memoryType":"snesMemory","a
[10:24:58.835] [mcp] <- {"jsonrpc":"2.0","id":873,"method":"tools/call","params":{"name":"read_memory","arguments":{"memoryType":"snesMemory","a
[10:24:58.836] [mcp] <- {"jsonrpc":"2.0","id":874,"method":"tools/call","params":{"name":"read_memory","arguments":{"memoryType":"snesMemory","a
[10:24:58.836] [mcp] <- {"jsonrpc":"2.0","id":875,"method":"tools/call","params":{"name":"read_memory","arguments":{"memoryType":"snesMemory","a
[10:24:58.836] [mcp] <- {"jsonrpc":"2.0","id":876,"method":"tools/call","params":{"name":"read_memory","arguments":{"memoryType":"snesMemory","a
[10:24:58.837] [mcp] <- {"jsonrpc":"2.0","id":877,"method":"tools/call","params":{"name":"read_memory","arguments":{"memoryType":"snesMemory","a
[10:24:58.837] [mcp] <- {"jsonrpc":"2.0","id":878,"method":"tools/call","params":{"name":"resume","arguments":{}}}
[10:24:58.837] [mcp] <- {"jsonrpc":"2.0","id":879,"method":"tools/call","params":{"name":"run_frames","arguments":{"count":1}}}
[10:24:58.861] [mcp] <- {"jsonrpc":"2.0","id":880,"method":"tools/call","params":{"name":"read_memory","arguments":{"memoryType":"snesMemory","a
[10:24:58.861] [mcp] <- {"jsonrpc":"2.0","id":881,"method":"tools/call","params":{"name":"read_memory","arguments":{"memoryType":"snesMemory","a
[10:24:58.862] [mcp] <- {"jsonrpc":"2.0","id":882,"method":"tools/call","params":{"name":"read_memory","arguments":{"memoryType":"snesMemory","a
[10:24:58.862] [mcp] <- {"jsonrpc":"2.0","id":883,"method":"tools/call","params":{"name":"read_memory","arguments":{"memoryType":"snesMemory","a
[10:24:58.862] [mcp] <- {"jsonrpc":"2.0","id":884,"method":"tools/call","params":{"name":"read_memory","arguments":{"memoryType":"snesMemory","a
[10:24:58.863] [mcp] <- {"jsonrpc":"2.0","id":885,"method":"tools/call","params":{"name":"read_memory","arguments":{"memoryType":"snesMemory","a
[10:24:58.863] [mcp] <- {"jsonrpc":"2.0","id":886,"method":"tools/call","params":{"name":"read_memory","arguments":{"memoryType":"snesMemory","a
[10:24:58.863] [mcp] <- {"jsonrpc":"2.0","id":887,"method":"tools/call","params":{"name":"read_memory","arguments":{"memoryType":"snesMemory","a
[10:24:58.864] [mcp] <- {"jsonrpc":"2.0","id":888,"method":"tools/call","params":{"name":"read_memory","arguments":{"memoryType":"snesMemory","a
[10:24:58.864] [mcp] <- {"jsonrpc":"2.0","id":889,"method":"tools/call","params":{"name":"read_memory","arguments":{"memoryType":"snesMemory","a
[10:24:58.864] [mcp] <- {"jsonrpc":"2.0","id":890,"method":"tools/call","params":{"name":"read_memory","arguments":{"memoryType":"snesMemory","a
[10:24:58.864] [mcp] <- {"jsonrpc":"2.0","id":891,"method":"tools/call","params":{"name":"read_memory","arguments":{"memoryType":"snesMemory","a
[10:24:58.865] [mcp] <- {"jsonrpc":"2.0","id":892,"method":"tools/call","params":{"name":"read_memory","arguments":{"memoryType":"snesMemory","a
[10:24:58.865] [mcp] <- {"jsonrpc":"2.0","id":893,"method":"tools/call","params":{"name":"read_memory","arguments":{"memoryType":"snesMemory","a
[10:24:58.865] [mcp] <- {"jsonrpc":"2.0","id":894,"method":"tools/call","params":{"name":"resume","arguments":{}}}
[10:24:58.866] [mcp] <- {"jsonrpc":"2.0","id":895,"method":"tools/call","params":{"name":"run_frames","arguments":{"count":1}}}
[10:24:58.893] [mcp] <- {"jsonrpc":"2.0","id":896,"method":"tools/call","params":{"name":"read_memory","arguments":{"memoryType":"snesMemory","a
[10:24:58.893] [mcp] <- {"jsonrpc":"2.0","id":897,"method":"tools/call","params":{"name":"read_memory","arguments":{"memoryType":"snesMemory","a
[10:24:58.894] [mcp] <- {"jsonrpc":"2.0","id":898,"method":"tools/call","params":{"name":"read_memory","arguments":{"memoryType":"snesMemory","a
[10:24:58.894] [mcp] <- {"jsonrpc":"2.0","id":899,"method":"tools/call","params":{"name":"read_memory","arguments":{"memoryType":"snesMemory","a
[10:24:58.894] [mcp] <- {"jsonrpc":"2.0","id":900,"method":"tools/call","params":{"name":"read_memory","arguments":{"memoryType":"snesMemory","a
[10:24:58.894] [mcp] <- {"jsonrpc":"2.0","id":901,"method":"tools/call","params":{"name":"read_memory","arguments":{"memoryType":"snesMemory","a
[10:24:58.895] [mcp] <- {"jsonrpc":"2.0","id":902,"method":"tools/call","params":{"name":"read_memory","arguments":{"memoryType":"snesMemory","a
[10:24:58.895] [mcp] <- {"jsonrpc":"2.0","id":903,"method":"tools/call","params":{"name":"read_memory","arguments":{"memoryType":"snesMemory","a
[10:24:58.895] [mcp] <- {"jsonrpc":"2.0","id":904,"method":"tools/call","params":{"name":"read_memory","arguments":{"memoryType":"snesMemory","a
[10:24:58.895] [mcp] <- {"jsonrpc":"2.0","id":905,"method":"tools/call","params":{"name":"read_memory","arguments":{"memoryType":"snesMemory","a
[10:24:58.895] [mcp] <- {"jsonrpc":"2.0","id":906,"method":"tools/call","params":{"name":"read_memory","arguments":{"memoryType":"snesMemory","a
[10:24:58.896] [mcp] <- {"jsonrpc":"2.0","id":907,"method":"tools/call","params":{"name":"read_memory","arguments":{"memoryType":"snesMemory","a
[10:24:58.896] [mcp] <- {"jsonrpc":"2.0","id":908,"method":"tools/call","params":{"name":"read_memory","arguments":{"memoryType":"snesMemory","a
[10:24:58.896] [mcp] <- {"jsonrpc":"2.0","id":909,"method":"tools/call","params":{"name":"read_memory","arguments":{"memoryType":"snesMemory","a
[10:24:58.896] [mcp] <- {"jsonrpc":"2.0","id":910,"method":"tools/call","params":{"name":"resume","arguments":{}}}
[10:24:58.896] [mcp] <- {"jsonrpc":"2.0","id":911,"method":"tools/call","params":{"name":"run_frames","arguments":{"count":1}}}
[10:24:58.918] [mcp] <- {"jsonrpc":"2.0","id":912,"method":"tools/call","params":{"name":"read_memory","arguments":{"memoryType":"snesMemory","a
[10:24:58.918] [mcp] <- {"jsonrpc":"2.0","id":913,"method":"tools/call","params":{"name":"read_memory","arguments":{"memoryType":"snesMemory","a
[10:24:58.918] [mcp] <- {"jsonrpc":"2.0","id":914,"method":"tools/call","params":{"name":"read_memory","arguments":{"memoryType":"snesMemory","a
[10:24:58.919] [mcp] <- {"jsonrpc":"2.0","id":915,"method":"tools/call","params":{"name":"read_memory","arguments":{"memoryType":"snesMemory","a
[10:24:58.919] [mcp] <- {"jsonrpc":"2.0","id":916,"method":"tools/call","params":{"name":"read_memory","arguments":{"memoryType":"snesMemory","a
[10:24:58.919] [mcp] <- {"jsonrpc":"2.0","id":917,"method":"tools/call","params":{"name":"read_memory","arguments":{"memoryType":"snesMemory","a
[10:24:58.919] [mcp] <- {"jsonrpc":"2.0","id":918,"method":"tools/call","params":{"name":"read_memory","arguments":{"memoryType":"snesMemory","a
[10:24:58.919] [mcp] <- {"jsonrpc":"2.0","id":919,"method":"tools/call","params":{"name":"read_memory","arguments":{"memoryType":"snesMemory","a
[10:24:58.920] [mcp] <- {"jsonrpc":"2.0","id":920,"method":"tools/call","params":{"name":"read_memory","arguments":{"memoryType":"snesMemory","a
[10:24:58.920] [mcp] <- {"jsonrpc":"2.0","id":921,"method":"tools/call","params":{"name":"read_memory","arguments":{"memoryType":"snesMemory","a
[10:24:58.920] [mcp] <- {"jsonrpc":"2.0","id":922,"method":"tools/call","params":{"name":"read_memory","arguments":{"memoryType":"snesMemory","a
[10:24:58.920] [mcp] <- {"jsonrpc":"2.0","id":923,"method":"tools/call","params":{"name":"read_memory","arguments":{"memoryType":"snesMemory","a
[10:24:58.920] [mcp] <- {"jsonrpc":"2.0","id":924,"method":"tools/call","params":{"name":"read_memory","arguments":{"memoryType":"snesMemory","a
[10:24:58.921] [mcp] <- {"jsonrpc":"2.0","id":925,"method":"tools/call","params":{"name":"read_memory","arguments":{"memoryType":"snesMemory","a
[10:24:58.921] [mcp] <- {"jsonrpc":"2.0","id":926,"method":"tools/call","params":{"name":"resume","arguments":{}}}
[10:24:58.921] [mcp] <- {"jsonrpc":"2.0","id":927,"method":"tools/call","params":{"name":"run_frames","arguments":{"count":1}}}
[10:24:58.946] [mcp] <- {"jsonrpc":"2.0","id":928,"method":"tools/call","params":{"name":"read_memory","arguments":{"memoryType":"snesMemory","a
[10:24:58.947] [mcp] <- {"jsonrpc":"2.0","id":929,"method":"tools/call","params":{"name":"read_memory","arguments":{"memoryType":"snesMemory","a
[10:24:58.947] [mcp] <- {"jsonrpc":"2.0","id":930,"method":"tools/call","params":{"name":"read_memory","arguments":{"memoryType":"snesMemory","a
[10:24:58.947] [mcp] <- {"jsonrpc":"2.0","id":931,"method":"tools/call","params":{"name":"read_memory","arguments":{"memoryType":"snesMemory","a
[10:24:58.947] [mcp] <- {"jsonrpc":"2.0","id":932,"method":"tools/call","params":{"name":"read_memory","arguments":{"memoryType":"snesMemory","a
[10:24:58.947] [mcp] <- {"jsonrpc":"2.0","id":933,"method":"tools/call","params":{"name":"read_memory","arguments":{"memoryType":"snesMemory","a
[10:24:58.948] [mcp] <- {"jsonrpc":"2.0","id":934,"method":"tools/call","params":{"name":"read_memory","arguments":{"memoryType":"snesMemory","a
[10:24:58.948] [mcp] <- {"jsonrpc":"2.0","id":935,"method":"tools/call","params":{"name":"read_memory","arguments":{"memoryType":"snesMemory","a
[10:24:58.948] [mcp] <- {"jsonrpc":"2.0","id":936,"method":"tools/call","params":{"name":"read_memory","arguments":{"memoryType":"snesMemory","a
[10:24:58.948] [mcp] <- {"jsonrpc":"2.0","id":937,"method":"tools/call","params":{"name":"read_memory","arguments":{"memoryType":"snesMemory","a
[10:24:58.948] [mcp] <- {"jsonrpc":"2.0","id":938,"method":"tools/call","params":{"name":"read_memory","arguments":{"memoryType":"snesMemory","a
[10:24:58.949] [mcp] <- {"jsonrpc":"2.0","id":939,"method":"tools/call","params":{"name":"read_memory","arguments":{"memoryType":"snesMemory","a
[10:24:58.949] [mcp] <- {"jsonrpc":"2.0","id":940,"method":"tools/call","params":{"name":"read_memory","arguments":{"memoryType":"snesMemory","a
[10:24:58.949] [mcp] <- {"jsonrpc":"2.0","id":941,"method":"tools/call","params":{"name":"read_memory","arguments":{"memoryType":"snesMemory","a
[10:24:58.949] [mcp] <- {"jsonrpc":"2.0","id":942,"method":"tools/call","params":{"name":"resume","arguments":{}}}
[10:24:58.949] [mcp] <- {"jsonrpc":"2.0","id":943,"method":"tools/call","params":{"name":"run_frames","arguments":{"count":1}}}
[10:24:58.970] [mcp] <- {"jsonrpc":"2.0","id":944,"method":"tools/call","params":{"name":"read_memory","arguments":{"memoryType":"snesMemory","a
[10:24:58.970] [mcp] <- {"jsonrpc":"2.0","id":945,"method":"tools/call","params":{"name":"read_memory","arguments":{"memoryType":"snesMemory","a
[10:24:58.971] [mcp] <- {"jsonrpc":"2.0","id":946,"method":"tools/call","params":{"name":"read_memory","arguments":{"memoryType":"snesMemory","a
[10:24:58.971] [mcp] <- {"jsonrpc":"2.0","id":947,"method":"tools/call","params":{"name":"read_memory","arguments":{"memoryType":"snesMemory","a
[10:24:58.971] [mcp] <- {"jsonrpc":"2.0","id":948,"method":"tools/call","params":{"name":"read_memory","arguments":{"memoryType":"snesMemory","a
[10:24:58.971] [mcp] <- {"jsonrpc":"2.0","id":949,"method":"tools/call","params":{"name":"read_memory","arguments":{"memoryType":"snesMemory","a
[10:24:58.972] [mcp] <- {"jsonrpc":"2.0","id":950,"method":"tools/call","params":{"name":"read_memory","arguments":{"memoryType":"snesMemory","a
[10:24:58.972] [mcp] <- {"jsonrpc":"2.0","id":951,"method":"tools/call","params":{"name":"read_memory","arguments":{"memoryType":"snesMemory","a
[10:24:58.972] [mcp] <- {"jsonrpc":"2.0","id":952,"method":"tools/call","params":{"name":"read_memory","arguments":{"memoryType":"snesMemory","a
[10:24:58.972] [mcp] <- {"jsonrpc":"2.0","id":953,"method":"tools/call","params":{"name":"read_memory","arguments":{"memoryType":"snesMemory","a
[10:24:58.972] [mcp] <- {"jsonrpc":"2.0","id":954,"method":"tools/call","params":{"name":"read_memory","arguments":{"memoryType":"snesMemory","a
[10:24:58.973] [mcp] <- {"jsonrpc":"2.0","id":955,"method":"tools/call","params":{"name":"read_memory","arguments":{"memoryType":"snesMemory","a
[10:24:58.973] [mcp] <- {"jsonrpc":"2.0","id":956,"method":"tools/call","params":{"name":"read_memory","arguments":{"memoryType":"snesMemory","a
[10:24:58.973] [mcp] <- {"jsonrpc":"2.0","id":957,"method":"tools/call","params":{"name":"read_memory","arguments":{"memoryType":"snesMemory","a
[10:24:58.973] [mcp] <- {"jsonrpc":"2.0","id":958,"method":"tools/call","params":{"name":"resume","arguments":{}}}
[10:24:58.973] [mcp] <- {"jsonrpc":"2.0","id":959,"method":"tools/call","params":{"name":"run_frames","arguments":{"count":1}}}
[10:24:58.998] [mcp] <- {"jsonrpc":"2.0","id":960,"method":"tools/call","params":{"name":"read_memory","arguments":{"memoryType":"snesMemory","a
[10:24:58.998] [mcp] <- {"jsonrpc":"2.0","id":961,"method":"tools/call","params":{"name":"read_memory","arguments":{"memoryType":"snesMemory","a
[10:24:58.999] [mcp] <- {"jsonrpc":"2.0","id":962,"method":"tools/call","params":{"name":"read_memory","arguments":{"memoryType":"snesMemory","a
[10:24:58.999] [mcp] <- {"jsonrpc":"2.0","id":963,"method":"tools/call","params":{"name":"read_memory","arguments":{"memoryType":"snesMemory","a
[10:24:58.999] [mcp] <- {"jsonrpc":"2.0","id":964,"method":"tools/call","params":{"name":"read_memory","arguments":{"memoryType":"snesMemory","a
[10:24:58.999] [mcp] <- {"jsonrpc":"2.0","id":965,"method":"tools/call","params":{"name":"read_memory","arguments":{"memoryType":"snesMemory","a
[10:24:59.000] [mcp] <- {"jsonrpc":"2.0","id":966,"method":"tools/call","params":{"name":"read_memory","arguments":{"memoryType":"snesMemory","a
[10:24:59.000] [mcp] <- {"jsonrpc":"2.0","id":967,"method":"tools/call","params":{"name":"read_memory","arguments":{"memoryType":"snesMemory","a
[10:24:59.000] [mcp] <- {"jsonrpc":"2.0","id":968,"method":"tools/call","params":{"name":"read_memory","arguments":{"memoryType":"snesMemory","a
[10:24:59.001] [mcp] <- {"jsonrpc":"2.0","id":969,"method":"tools/call","params":{"name":"read_memory","arguments":{"memoryType":"snesMemory","a
[10:24:59.001] [mcp] <- {"jsonrpc":"2.0","id":970,"method":"tools/call","params":{"name":"read_memory","arguments":{"memoryType":"snesMemory","a
[10:24:59.001] [mcp] <- {"jsonrpc":"2.0","id":971,"method":"tools/call","params":{"name":"read_memory","arguments":{"memoryType":"snesMemory","a
[10:24:59.001] [mcp] <- {"jsonrpc":"2.0","id":972,"method":"tools/call","params":{"name":"read_memory","arguments":{"memoryType":"snesMemory","a
[10:24:59.001] [mcp] <- {"jsonrpc":"2.0","id":973,"method":"tools/call","params":{"name":"read_memory","arguments":{"memoryType":"snesMemory","a
[10:24:59.002] [mcp] <- {"jsonrpc":"2.0","id":974,"method":"tools/call","params":{"name":"resume","arguments":{}}}
[10:24:59.002] [mcp] <- {"jsonrpc":"2.0","id":975,"method":"tools/call","params":{"name":"run_frames","arguments":{"count":1}}}
[10:24:59.038] [mcp] <- {"jsonrpc":"2.0","id":976,"method":"tools/call","params":{"name":"read_memory","arguments":{"memoryType":"snesMemory","a
[10:24:59.038] [mcp] <- {"jsonrpc":"2.0","id":977,"method":"tools/call","params":{"name":"read_memory","arguments":{"memoryType":"snesMemory","a
[10:24:59.038] [mcp] <- {"jsonrpc":"2.0","id":978,"method":"tools/call","params":{"name":"read_memory","arguments":{"memoryType":"snesMemory","a
[10:24:59.039] [mcp] <- {"jsonrpc":"2.0","id":979,"method":"tools/call","params":{"name":"read_memory","arguments":{"memoryType":"snesMemory","a
[10:24:59.039] [mcp] <- {"jsonrpc":"2.0","id":980,"method":"tools/call","params":{"name":"read_memory","arguments":{"memoryType":"snesMemory","a
[10:24:59.039] [mcp] <- {"jsonrpc":"2.0","id":981,"method":"tools/call","params":{"name":"read_memory","arguments":{"memoryType":"snesMemory","a
[10:24:59.039] [mcp] <- {"jsonrpc":"2.0","id":982,"method":"tools/call","params":{"name":"read_memory","arguments":{"memoryType":"snesMemory","a
[10:24:59.040] [mcp] <- {"jsonrpc":"2.0","id":983,"method":"tools/call","params":{"name":"read_memory","arguments":{"memoryType":"snesMemory","a
[10:24:59.040] [mcp] <- {"jsonrpc":"2.0","id":984,"method":"tools/call","params":{"name":"read_memory","arguments":{"memoryType":"snesMemory","a
[10:24:59.040] [mcp] <- {"jsonrpc":"2.0","id":985,"method":"tools/call","params":{"name":"read_memory","arguments":{"memoryType":"snesMemory","a
[10:24:59.040] [mcp] <- {"jsonrpc":"2.0","id":986,"method":"tools/call","params":{"name":"read_memory","arguments":{"memoryType":"snesMemory","a
[10:24:59.040] [mcp] <- {"jsonrpc":"2.0","id":987,"method":"tools/call","params":{"name":"read_memory","arguments":{"memoryType":"snesMemory","a
[10:24:59.041] [mcp] <- {"jsonrpc":"2.0","id":988,"method":"tools/call","params":{"name":"read_memory","arguments":{"memoryType":"snesMemory","a
[10:24:59.041] [mcp] <- {"jsonrpc":"2.0","id":989,"method":"tools/call","params":{"name":"read_memory","arguments":{"memoryType":"snesMemory","a
[10:24:59.041] [mcp] <- {"jsonrpc":"2.0","id":990,"method":"tools/call","params":{"name":"resume","arguments":{}}}
[10:24:59.041] [mcp] <- {"jsonrpc":"2.0","id":991,"method":"tools/call","params":{"name":"run_frames","arguments":{"count":1}}}
[10:24:59.083] [mcp] <- {"jsonrpc":"2.0","id":992,"method":"tools/call","params":{"name":"read_memory","arguments":{"memoryType":"snesMemory","a
[10:24:59.083] [mcp] <- {"jsonrpc":"2.0","id":993,"method":"tools/call","params":{"name":"read_memory","arguments":{"memoryType":"snesMemory","a
[10:24:59.083] [mcp] <- {"jsonrpc":"2.0","id":994,"method":"tools/call","params":{"name":"read_memory","arguments":{"memoryType":"snesMemory","a
[10:24:59.084] [mcp] <- {"jsonrpc":"2.0","id":995,"method":"tools/call","params":{"name":"read_memory","arguments":{"memoryType":"snesMemory","a
[10:24:59.084] [mcp] <- {"jsonrpc":"2.0","id":996,"method":"tools/call","params":{"name":"read_memory","arguments":{"memoryType":"snesMemory","a
[10:24:59.084] [mcp] <- {"jsonrpc":"2.0","id":997,"method":"tools/call","params":{"name":"read_memory","arguments":{"memoryType":"snesMemory","a
[10:24:59.085] [mcp] <- {"jsonrpc":"2.0","id":998,"method":"tools/call","params":{"name":"read_memory","arguments":{"memoryType":"snesMemory","a
[10:24:59.085] [mcp] <- {"jsonrpc":"2.0","id":999,"method":"tools/call","params":{"name":"read_memory","arguments":{"memoryType":"snesMemory","a
[10:24:59.085] [mcp] <- {"jsonrpc":"2.0","id":1000,"method":"tools/call","params":{"name":"read_memory","arguments":{"memoryType":"snesMemory","
[10:24:59.085] [mcp] <- {"jsonrpc":"2.0","id":1001,"method":"tools/call","params":{"name":"read_memory","arguments":{"memoryType":"snesMemory","
[10:24:59.086] [mcp] <- {"jsonrpc":"2.0","id":1002,"method":"tools/call","params":{"name":"read_memory","arguments":{"memoryType":"snesMemory","
[10:24:59.086] [mcp] <- {"jsonrpc":"2.0","id":1003,"method":"tools/call","params":{"name":"read_memory","arguments":{"memoryType":"snesMemory","
[10:24:59.086] [mcp] <- {"jsonrpc":"2.0","id":1004,"method":"tools/call","params":{"name":"read_memory","arguments":{"memoryType":"snesMemory","
[10:24:59.086] [mcp] <- {"jsonrpc":"2.0","id":1005,"method":"tools/call","params":{"name":"read_memory","arguments":{"memoryType":"snesMemory","
[10:24:59.087] [mcp] <- {"jsonrpc":"2.0","id":1006,"method":"tools/call","params":{"name":"resume","arguments":{}}}
[10:24:59.087] [mcp] <- {"jsonrpc":"2.0","id":1007,"method":"tools/call","params":{"name":"run_frames","arguments":{"count":1}}}
[10:24:59.108] [mcp] <- {"jsonrpc":"2.0","id":1008,"method":"tools/call","params":{"name":"read_memory","arguments":{"memoryType":"snesMemory","
[10:24:59.108] [mcp] <- {"jsonrpc":"2.0","id":1009,"method":"tools/call","params":{"name":"read_memory","arguments":{"memoryType":"snesMemory","
[10:24:59.108] [mcp] <- {"jsonrpc":"2.0","id":1010,"method":"tools/call","params":{"name":"read_memory","arguments":{"memoryType":"snesMemory","
[10:24:59.109] [mcp] <- {"jsonrpc":"2.0","id":1011,"method":"tools/call","params":{"name":"read_memory","arguments":{"memoryType":"snesMemory","
[10:24:59.109] [mcp] <- {"jsonrpc":"2.0","id":1012,"method":"tools/call","params":{"name":"read_memory","arguments":{"memoryType":"snesMemory","
[10:24:59.109] [mcp] <- {"jsonrpc":"2.0","id":1013,"method":"tools/call","params":{"name":"read_memory","arguments":{"memoryType":"snesMemory","
[10:24:59.109] [mcp] <- {"jsonrpc":"2.0","id":1014,"method":"tools/call","params":{"name":"read_memory","arguments":{"memoryType":"snesMemory","
[10:24:59.109] [mcp] <- {"jsonrpc":"2.0","id":1015,"method":"tools/call","params":{"name":"read_memory","arguments":{"memoryType":"snesMemory","
[10:24:59.110] [mcp] <- {"jsonrpc":"2.0","id":1016,"method":"tools/call","params":{"name":"read_memory","arguments":{"memoryType":"snesMemory","
[10:24:59.110] [mcp] <- {"jsonrpc":"2.0","id":1017,"method":"tools/call","params":{"name":"read_memory","arguments":{"memoryType":"snesMemory","
[10:24:59.110] [mcp] <- {"jsonrpc":"2.0","id":1018,"method":"tools/call","params":{"name":"read_memory","arguments":{"memoryType":"snesMemory","
[10:24:59.110] [mcp] <- {"jsonrpc":"2.0","id":1019,"method":"tools/call","params":{"name":"read_memory","arguments":{"memoryType":"snesMemory","
[10:24:59.110] [mcp] <- {"jsonrpc":"2.0","id":1020,"method":"tools/call","params":{"name":"read_memory","arguments":{"memoryType":"snesMemory","
[10:24:59.111] [mcp] <- {"jsonrpc":"2.0","id":1021,"method":"tools/call","params":{"name":"read_memory","arguments":{"memoryType":"snesMemory","
[10:24:59.111] [mcp] <- {"jsonrpc":"2.0","id":1022,"method":"tools/call","params":{"name":"resume","arguments":{}}}
[10:24:59.111] [mcp] <- {"jsonrpc":"2.0","id":1023,"method":"tools/call","params":{"name":"run_frames","arguments":{"count":1}}}
[10:24:59.132] [mcp] <- {"jsonrpc":"2.0","id":1024,"method":"tools/call","params":{"name":"read_memory","arguments":{"memoryType":"snesMemory","
[10:24:59.132] [mcp] <- {"jsonrpc":"2.0","id":1025,"method":"tools/call","params":{"name":"read_memory","arguments":{"memoryType":"snesMemory","
[10:24:59.133] [mcp] <- {"jsonrpc":"2.0","id":1026,"method":"tools/call","params":{"name":"read_memory","arguments":{"memoryType":"snesMemory","
[10:24:59.133] [mcp] <- {"jsonrpc":"2.0","id":1027,"method":"tools/call","params":{"name":"read_memory","arguments":{"memoryType":"snesMemory","
[10:24:59.133] [mcp] <- {"jsonrpc":"2.0","id":1028,"method":"tools/call","params":{"name":"read_memory","arguments":{"memoryType":"snesMemory","
[10:24:59.134] [mcp] <- {"jsonrpc":"2.0","id":1029,"method":"tools/call","params":{"name":"read_memory","arguments":{"memoryType":"snesMemory","
[10:24:59.134] [mcp] <- {"jsonrpc":"2.0","id":1030,"method":"tools/call","params":{"name":"read_memory","arguments":{"memoryType":"snesMemory","
[10:24:59.134] [mcp] <- {"jsonrpc":"2.0","id":1031,"method":"tools/call","params":{"name":"read_memory","arguments":{"memoryType":"snesMemory","
[10:24:59.135] [mcp] <- {"jsonrpc":"2.0","id":1032,"method":"tools/call","params":{"name":"read_memory","arguments":{"memoryType":"snesMemory","
[10:24:59.135] [mcp] <- {"jsonrpc":"2.0","id":1033,"method":"tools/call","params":{"name":"read_memory","arguments":{"memoryType":"snesMemory","
[10:24:59.135] [mcp] <- {"jsonrpc":"2.0","id":1034,"method":"tools/call","params":{"name":"read_memory","arguments":{"memoryType":"snesMemory","
[10:24:59.136] [mcp] <- {"jsonrpc":"2.0","id":1035,"method":"tools/call","params":{"name":"read_memory","arguments":{"memoryType":"snesMemory","
[10:24:59.136] [mcp] <- {"jsonrpc":"2.0","id":1036,"method":"tools/call","params":{"name":"read_memory","arguments":{"memoryType":"snesMemory","
[10:24:59.136] [mcp] <- {"jsonrpc":"2.0","id":1037,"method":"tools/call","params":{"name":"read_memory","arguments":{"memoryType":"snesMemory","
[10:24:59.137] [mcp] <- {"jsonrpc":"2.0","id":1038,"method":"tools/call","params":{"name":"resume","arguments":{}}}
[10:24:59.137] [mcp] <- {"jsonrpc":"2.0","id":1039,"method":"tools/call","params":{"name":"run_frames","arguments":{"count":1}}}
[10:24:59.155] [mcp] <- {"jsonrpc":"2.0","id":1040,"method":"tools/call","params":{"name":"read_memory","arguments":{"memoryType":"snesMemory","
[10:24:59.156] [mcp] <- {"jsonrpc":"2.0","id":1041,"method":"tools/call","params":{"name":"read_memory","arguments":{"memoryType":"snesMemory","
[10:24:59.156] [mcp] <- {"jsonrpc":"2.0","id":1042,"method":"tools/call","params":{"name":"read_memory","arguments":{"memoryType":"snesMemory","
[10:24:59.156] [mcp] <- {"jsonrpc":"2.0","id":1043,"method":"tools/call","params":{"name":"read_memory","arguments":{"memoryType":"snesMemory","
[10:24:59.157] [mcp] <- {"jsonrpc":"2.0","id":1044,"method":"tools/call","params":{"name":"read_memory","arguments":{"memoryType":"snesMemory","
[10:24:59.157] [mcp] <- {"jsonrpc":"2.0","id":1045,"method":"tools/call","params":{"name":"read_memory","arguments":{"memoryType":"snesMemory","
[10:24:59.157] [mcp] <- {"jsonrpc":"2.0","id":1046,"method":"tools/call","params":{"name":"read_memory","arguments":{"memoryType":"snesMemory","
[10:24:59.158] [mcp] <- {"jsonrpc":"2.0","id":1047,"method":"tools/call","params":{"name":"read_memory","arguments":{"memoryType":"snesMemory","
[10:24:59.158] [mcp] <- {"jsonrpc":"2.0","id":1048,"method":"tools/call","params":{"name":"read_memory","arguments":{"memoryType":"snesMemory","
[10:24:59.158] [mcp] <- {"jsonrpc":"2.0","id":1049,"method":"tools/call","params":{"name":"read_memory","arguments":{"memoryType":"snesMemory","
[10:24:59.158] [mcp] <- {"jsonrpc":"2.0","id":1050,"method":"tools/call","params":{"name":"read_memory","arguments":{"memoryType":"snesMemory","
[10:24:59.159] [mcp] <- {"jsonrpc":"2.0","id":1051,"method":"tools/call","params":{"name":"read_memory","arguments":{"memoryType":"snesMemory","
[10:24:59.159] [mcp] <- {"jsonrpc":"2.0","id":1052,"method":"tools/call","params":{"name":"read_memory","arguments":{"memoryType":"snesMemory","
[10:24:59.159] [mcp] <- {"jsonrpc":"2.0","id":1053,"method":"tools/call","params":{"name":"read_memory","arguments":{"memoryType":"snesMemory","
[10:24:59.160] [mcp] <- {"jsonrpc":"2.0","id":1054,"method":"tools/call","params":{"name":"resume","arguments":{}}}
[10:24:59.160] [mcp] <- {"jsonrpc":"2.0","id":1055,"method":"tools/call","params":{"name":"run_frames","arguments":{"count":1}}}
[10:24:59.184] [mcp] <- {"jsonrpc":"2.0","id":1056,"method":"tools/call","params":{"name":"read_memory","arguments":{"memoryType":"snesMemory","
[10:24:59.184] [mcp] <- {"jsonrpc":"2.0","id":1057,"method":"tools/call","params":{"name":"read_memory","arguments":{"memoryType":"snesMemory","
[10:24:59.184] [mcp] <- {"jsonrpc":"2.0","id":1058,"method":"tools/call","params":{"name":"read_memory","arguments":{"memoryType":"snesMemory","
[10:24:59.185] [mcp] <- {"jsonrpc":"2.0","id":1059,"method":"tools/call","params":{"name":"read_memory","arguments":{"memoryType":"snesMemory","
[10:24:59.185] [mcp] <- {"jsonrpc":"2.0","id":1060,"method":"tools/call","params":{"name":"read_memory","arguments":{"memoryType":"snesMemory","
[10:24:59.185] [mcp] <- {"jsonrpc":"2.0","id":1061,"method":"tools/call","params":{"name":"read_memory","arguments":{"memoryType":"snesMemory","
[10:24:59.186] [mcp] <- {"jsonrpc":"2.0","id":1062,"method":"tools/call","params":{"name":"read_memory","arguments":{"memoryType":"snesMemory","
[10:24:59.186] [mcp] <- {"jsonrpc":"2.0","id":1063,"method":"tools/call","params":{"name":"read_memory","arguments":{"memoryType":"snesMemory","
[10:24:59.186] [mcp] <- {"jsonrpc":"2.0","id":1064,"method":"tools/call","params":{"name":"read_memory","arguments":{"memoryType":"snesMemory","
[10:24:59.187] [mcp] <- {"jsonrpc":"2.0","id":1065,"method":"tools/call","params":{"name":"read_memory","arguments":{"memoryType":"snesMemory","
[10:24:59.187] [mcp] <- {"jsonrpc":"2.0","id":1066,"method":"tools/call","params":{"name":"read_memory","arguments":{"memoryType":"snesMemory","
[10:24:59.187] [mcp] <- {"jsonrpc":"2.0","id":1067,"method":"tools/call","params":{"name":"read_memory","arguments":{"memoryType":"snesMemory","
[10:24:59.187] [mcp] <- {"jsonrpc":"2.0","id":1068,"method":"tools/call","params":{"name":"read_memory","arguments":{"memoryType":"snesMemory","
[10:24:59.188] [mcp] <- {"jsonrpc":"2.0","id":1069,"method":"tools/call","params":{"name":"read_memory","arguments":{"memoryType":"snesMemory","
[10:24:59.188] [mcp] <- {"jsonrpc":"2.0","id":1070,"method":"tools/call","params":{"name":"resume","arguments":{}}}
[10:24:59.188] [mcp] <- {"jsonrpc":"2.0","id":1071,"method":"tools/call","params":{"name":"run_frames","arguments":{"count":1}}}
[10:24:59.208] [mcp] <- {"jsonrpc":"2.0","id":1072,"method":"tools/call","params":{"name":"read_memory","arguments":{"memoryType":"snesMemory","
[10:24:59.209] [mcp] <- {"jsonrpc":"2.0","id":1073,"method":"tools/call","params":{"name":"read_memory","arguments":{"memoryType":"snesMemory","
[10:24:59.209] [mcp] <- {"jsonrpc":"2.0","id":1074,"method":"tools/call","params":{"name":"read_memory","arguments":{"memoryType":"snesMemory","
[10:24:59.209] [mcp] <- {"jsonrpc":"2.0","id":1075,"method":"tools/call","params":{"name":"read_memory","arguments":{"memoryType":"snesMemory","
[10:24:59.210] [mcp] <- {"jsonrpc":"2.0","id":1076,"method":"tools/call","params":{"name":"read_memory","arguments":{"memoryType":"snesMemory","
[10:24:59.210] [mcp] <- {"jsonrpc":"2.0","id":1077,"method":"tools/call","params":{"name":"read_memory","arguments":{"memoryType":"snesMemory","
[10:24:59.210] [mcp] <- {"jsonrpc":"2.0","id":1078,"method":"tools/call","params":{"name":"read_memory","arguments":{"memoryType":"snesMemory","
[10:24:59.211] [mcp] <- {"jsonrpc":"2.0","id":1079,"method":"tools/call","params":{"name":"read_memory","arguments":{"memoryType":"snesMemory","
[10:24:59.211] [mcp] <- {"jsonrpc":"2.0","id":1080,"method":"tools/call","params":{"name":"read_memory","arguments":{"memoryType":"snesMemory","
[10:24:59.211] [mcp] <- {"jsonrpc":"2.0","id":1081,"method":"tools/call","params":{"name":"read_memory","arguments":{"memoryType":"snesMemory","
[10:24:59.211] [mcp] <- {"jsonrpc":"2.0","id":1082,"method":"tools/call","params":{"name":"read_memory","arguments":{"memoryType":"snesMemory","
[10:24:59.212] [mcp] <- {"jsonrpc":"2.0","id":1083,"method":"tools/call","params":{"name":"read_memory","arguments":{"memoryType":"snesMemory","
[10:24:59.212] [mcp] <- {"jsonrpc":"2.0","id":1084,"method":"tools/call","params":{"name":"read_memory","arguments":{"memoryType":"snesMemory","
[10:24:59.212] [mcp] <- {"jsonrpc":"2.0","id":1085,"method":"tools/call","params":{"name":"read_memory","arguments":{"memoryType":"snesMemory","
[10:24:59.213] [mcp] <- {"jsonrpc":"2.0","id":1086,"method":"tools/call","params":{"name":"resume","arguments":{}}}
[10:24:59.213] [mcp] <- {"jsonrpc":"2.0","id":1087,"method":"tools/call","params":{"name":"run_frames","arguments":{"count":1}}}
[10:24:59.232] [mcp] <- {"jsonrpc":"2.0","id":1088,"method":"tools/call","params":{"name":"read_memory","arguments":{"memoryType":"snesMemory","
[10:24:59.232] [mcp] <- {"jsonrpc":"2.0","id":1089,"method":"tools/call","params":{"name":"read_memory","arguments":{"memoryType":"snesMemory","
[10:24:59.232] [mcp] <- {"jsonrpc":"2.0","id":1090,"method":"tools/call","params":{"name":"read_memory","arguments":{"memoryType":"snesMemory","
[10:24:59.233] [mcp] <- {"jsonrpc":"2.0","id":1091,"method":"tools/call","params":{"name":"read_memory","arguments":{"memoryType":"snesMemory","
[10:24:59.233] [mcp] <- {"jsonrpc":"2.0","id":1092,"method":"tools/call","params":{"name":"read_memory","arguments":{"memoryType":"snesMemory","
[10:24:59.233] [mcp] <- {"jsonrpc":"2.0","id":1093,"method":"tools/call","params":{"name":"read_memory","arguments":{"memoryType":"snesMemory","
[10:24:59.234] [mcp] <- {"jsonrpc":"2.0","id":1094,"method":"tools/call","params":{"name":"read_memory","arguments":{"memoryType":"snesMemory","
[10:24:59.234] [mcp] <- {"jsonrpc":"2.0","id":1095,"method":"tools/call","params":{"name":"read_memory","arguments":{"memoryType":"snesMemory","
[10:24:59.234] [mcp] <- {"jsonrpc":"2.0","id":1096,"method":"tools/call","params":{"name":"read_memory","arguments":{"memoryType":"snesMemory","
[10:24:59.235] [mcp] <- {"jsonrpc":"2.0","id":1097,"method":"tools/call","params":{"name":"read_memory","arguments":{"memoryType":"snesMemory","
[10:24:59.235] [mcp] <- {"jsonrpc":"2.0","id":1098,"method":"tools/call","params":{"name":"read_memory","arguments":{"memoryType":"snesMemory","
[10:24:59.235] [mcp] <- {"jsonrpc":"2.0","id":1099,"method":"tools/call","params":{"name":"read_memory","arguments":{"memoryType":"snesMemory","
[10:24:59.235] [mcp] <- {"jsonrpc":"2.0","id":1100,"method":"tools/call","params":{"name":"read_memory","arguments":{"memoryType":"snesMemory","
[10:24:59.236] [mcp] <- {"jsonrpc":"2.0","id":1101,"method":"tools/call","params":{"name":"read_memory","arguments":{"memoryType":"snesMemory","
[10:24:59.236] [mcp] <- {"jsonrpc":"2.0","id":1102,"method":"tools/call","params":{"name":"resume","arguments":{}}}
[10:24:59.236] [mcp] <- {"jsonrpc":"2.0","id":1103,"method":"tools/call","params":{"name":"run_frames","arguments":{"count":1}}}
[10:24:59.272] [mcp] <- {"jsonrpc":"2.0","id":1104,"method":"tools/call","params":{"name":"read_memory","arguments":{"memoryType":"snesMemory","
[10:24:59.272] [mcp] <- {"jsonrpc":"2.0","id":1105,"method":"tools/call","params":{"name":"read_memory","arguments":{"memoryType":"snesMemory","
[10:24:59.273] [mcp] <- {"jsonrpc":"2.0","id":1106,"method":"tools/call","params":{"name":"read_memory","arguments":{"memoryType":"snesMemory","
[10:24:59.273] [mcp] <- {"jsonrpc":"2.0","id":1107,"method":"tools/call","params":{"name":"read_memory","arguments":{"memoryType":"snesMemory","
[10:24:59.273] [mcp] <- {"jsonrpc":"2.0","id":1108,"method":"tools/call","params":{"name":"read_memory","arguments":{"memoryType":"snesMemory","
[10:24:59.274] [mcp] <- {"jsonrpc":"2.0","id":1109,"method":"tools/call","params":{"name":"read_memory","arguments":{"memoryType":"snesMemory","
[10:24:59.274] [mcp] <- {"jsonrpc":"2.0","id":1110,"method":"tools/call","params":{"name":"read_memory","arguments":{"memoryType":"snesMemory","
[10:24:59.274] [mcp] <- {"jsonrpc":"2.0","id":1111,"method":"tools/call","params":{"name":"read_memory","arguments":{"memoryType":"snesMemory","
[10:24:59.275] [mcp] <- {"jsonrpc":"2.0","id":1112,"method":"tools/call","params":{"name":"read_memory","arguments":{"memoryType":"snesMemory","
[10:24:59.275] [mcp] <- {"jsonrpc":"2.0","id":1113,"method":"tools/call","params":{"name":"read_memory","arguments":{"memoryType":"snesMemory","
[10:24:59.275] [mcp] <- {"jsonrpc":"2.0","id":1114,"method":"tools/call","params":{"name":"read_memory","arguments":{"memoryType":"snesMemory","
[10:24:59.276] [mcp] <- {"jsonrpc":"2.0","id":1115,"method":"tools/call","params":{"name":"read_memory","arguments":{"memoryType":"snesMemory","
[10:24:59.276] [mcp] <- {"jsonrpc":"2.0","id":1116,"method":"tools/call","params":{"name":"read_memory","arguments":{"memoryType":"snesMemory","
[10:24:59.276] [mcp] <- {"jsonrpc":"2.0","id":1117,"method":"tools/call","params":{"name":"read_memory","arguments":{"memoryType":"snesMemory","
[10:24:59.276] [mcp] <- {"jsonrpc":"2.0","id":1118,"method":"tools/call","params":{"name":"resume","arguments":{}}}
[10:24:59.277] [mcp] <- {"jsonrpc":"2.0","id":1119,"method":"tools/call","params":{"name":"run_frames","arguments":{"count":1}}}
[10:24:59.300] [mcp] <- {"jsonrpc":"2.0","id":1120,"method":"tools/call","params":{"name":"read_memory","arguments":{"memoryType":"snesMemory","
[10:24:59.301] [mcp] <- {"jsonrpc":"2.0","id":1121,"method":"tools/call","params":{"name":"read_memory","arguments":{"memoryType":"snesMemory","
[10:24:59.303] [mcp] <- {"jsonrpc":"2.0","id":1122,"method":"tools/call","params":{"name":"read_memory","arguments":{"memoryType":"snesMemory","
[10:24:59.303] [mcp] <- {"jsonrpc":"2.0","id":1123,"method":"tools/call","params":{"name":"read_memory","arguments":{"memoryType":"snesMemory","
[10:24:59.304] [mcp] <- {"jsonrpc":"2.0","id":1124,"method":"tools/call","params":{"name":"read_memory","arguments":{"memoryType":"snesMemory","
[10:24:59.304] [mcp] <- {"jsonrpc":"2.0","id":1125,"method":"tools/call","params":{"name":"read_memory","arguments":{"memoryType":"snesMemory","
[10:24:59.304] [mcp] <- {"jsonrpc":"2.0","id":1126,"method":"tools/call","params":{"name":"read_memory","arguments":{"memoryType":"snesMemory","
[10:24:59.305] [mcp] <- {"jsonrpc":"2.0","id":1127,"method":"tools/call","params":{"name":"read_memory","arguments":{"memoryType":"snesMemory","
[10:24:59.305] [mcp] <- {"jsonrpc":"2.0","id":1128,"method":"tools/call","params":{"name":"read_memory","arguments":{"memoryType":"snesMemory","
[10:24:59.305] [mcp] <- {"jsonrpc":"2.0","id":1129,"method":"tools/call","params":{"name":"read_memory","arguments":{"memoryType":"snesMemory","
[10:24:59.305] [mcp] <- {"jsonrpc":"2.0","id":1130,"method":"tools/call","params":{"name":"read_memory","arguments":{"memoryType":"snesMemory","
[10:24:59.306] [mcp] <- {"jsonrpc":"2.0","id":1131,"method":"tools/call","params":{"name":"read_memory","arguments":{"memoryType":"snesMemory","
[10:24:59.306] [mcp] <- {"jsonrpc":"2.0","id":1132,"method":"tools/call","params":{"name":"read_memory","arguments":{"memoryType":"snesMemory","
[10:24:59.306] [mcp] <- {"jsonrpc":"2.0","id":1133,"method":"tools/call","params":{"name":"read_memory","arguments":{"memoryType":"snesMemory","
[10:24:59.307] [mcp] <- {"jsonrpc":"2.0","id":1134,"method":"tools/call","params":{"name":"resume","arguments":{}}}
[10:24:59.307] [mcp] <- {"jsonrpc":"2.0","id":1135,"method":"tools/call","params":{"name":"run_frames","arguments":{"count":1}}}
[10:24:59.342] [mcp] <- {"jsonrpc":"2.0","id":1136,"method":"tools/call","params":{"name":"read_memory","arguments":{"memoryType":"snesMemory","
[10:24:59.343] [mcp] <- {"jsonrpc":"2.0","id":1137,"method":"tools/call","params":{"name":"read_memory","arguments":{"memoryType":"snesMemory","
[10:24:59.343] [mcp] <- {"jsonrpc":"2.0","id":1138,"method":"tools/call","params":{"name":"read_memory","arguments":{"memoryType":"snesMemory","
[10:24:59.343] [mcp] <- {"jsonrpc":"2.0","id":1139,"method":"tools/call","params":{"name":"read_memory","arguments":{"memoryType":"snesMemory","
[10:24:59.344] [mcp] <- {"jsonrpc":"2.0","id":1140,"method":"tools/call","params":{"name":"read_memory","arguments":{"memoryType":"snesMemory","
[10:24:59.344] [mcp] <- {"jsonrpc":"2.0","id":1141,"method":"tools/call","params":{"name":"read_memory","arguments":{"memoryType":"snesMemory","
[10:24:59.344] [mcp] <- {"jsonrpc":"2.0","id":1142,"method":"tools/call","params":{"name":"read_memory","arguments":{"memoryType":"snesMemory","
[10:24:59.345] [mcp] <- {"jsonrpc":"2.0","id":1143,"method":"tools/call","params":{"name":"read_memory","arguments":{"memoryType":"snesMemory","
[10:24:59.345] [mcp] <- {"jsonrpc":"2.0","id":1144,"method":"tools/call","params":{"name":"read_memory","arguments":{"memoryType":"snesMemory","
[10:24:59.345] [mcp] <- {"jsonrpc":"2.0","id":1145,"method":"tools/call","params":{"name":"read_memory","arguments":{"memoryType":"snesMemory","
[10:24:59.346] [mcp] <- {"jsonrpc":"2.0","id":1146,"method":"tools/call","params":{"name":"read_memory","arguments":{"memoryType":"snesMemory","
[10:24:59.346] [mcp] <- {"jsonrpc":"2.0","id":1147,"method":"tools/call","params":{"name":"read_memory","arguments":{"memoryType":"snesMemory","
[10:24:59.346] [mcp] <- {"jsonrpc":"2.0","id":1148,"method":"tools/call","params":{"name":"read_memory","arguments":{"memoryType":"snesMemory","
[10:24:59.346] [mcp] <- {"jsonrpc":"2.0","id":1149,"method":"tools/call","params":{"name":"read_memory","arguments":{"memoryType":"snesMemory","
[10:24:59.347] [mcp] <- {"jsonrpc":"2.0","id":1150,"method":"tools/call","params":{"name":"resume","arguments":{}}}
[10:24:59.347] [mcp] <- {"jsonrpc":"2.0","id":1151,"method":"tools/call","params":{"name":"run_frames","arguments":{"count":1}}}
[10:24:59.375] [mcp] <- {"jsonrpc":"2.0","id":1152,"method":"tools/call","params":{"name":"read_memory","arguments":{"memoryType":"snesMemory","
[10:24:59.375] [mcp] <- {"jsonrpc":"2.0","id":1153,"method":"tools/call","params":{"name":"read_memory","arguments":{"memoryType":"snesMemory","
[10:24:59.375] [mcp] <- {"jsonrpc":"2.0","id":1154,"method":"tools/call","params":{"name":"read_memory","arguments":{"memoryType":"snesMemory","
[10:24:59.376] [mcp] <- {"jsonrpc":"2.0","id":1155,"method":"tools/call","params":{"name":"read_memory","arguments":{"memoryType":"snesMemory","
[10:24:59.376] [mcp] <- {"jsonrpc":"2.0","id":1156,"method":"tools/call","params":{"name":"read_memory","arguments":{"memoryType":"snesMemory","
[10:24:59.376] [mcp] <- {"jsonrpc":"2.0","id":1157,"method":"tools/call","params":{"name":"read_memory","arguments":{"memoryType":"snesMemory","
[10:24:59.377] [mcp] <- {"jsonrpc":"2.0","id":1158,"method":"tools/call","params":{"name":"read_memory","arguments":{"memoryType":"snesMemory","
[10:24:59.377] [mcp] <- {"jsonrpc":"2.0","id":1159,"method":"tools/call","params":{"name":"read_memory","arguments":{"memoryType":"snesMemory","
[10:24:59.377] [mcp] <- {"jsonrpc":"2.0","id":1160,"method":"tools/call","params":{"name":"read_memory","arguments":{"memoryType":"snesMemory","
[10:24:59.378] [mcp] <- {"jsonrpc":"2.0","id":1161,"method":"tools/call","params":{"name":"read_memory","arguments":{"memoryType":"snesMemory","
[10:24:59.378] [mcp] <- {"jsonrpc":"2.0","id":1162,"method":"tools/call","params":{"name":"read_memory","arguments":{"memoryType":"snesMemory","
[10:24:59.378] [mcp] <- {"jsonrpc":"2.0","id":1163,"method":"tools/call","params":{"name":"read_memory","arguments":{"memoryType":"snesMemory","
[10:24:59.378] [mcp] <- {"jsonrpc":"2.0","id":1164,"method":"tools/call","params":{"name":"read_memory","arguments":{"memoryType":"snesMemory","
[10:24:59.379] [mcp] <- {"jsonrpc":"2.0","id":1165,"method":"tools/call","params":{"name":"read_memory","arguments":{"memoryType":"snesMemory","
[10:24:59.379] [mcp] <- {"jsonrpc":"2.0","id":1166,"method":"tools/call","params":{"name":"resume","arguments":{}}}
[10:24:59.379] [mcp] <- {"jsonrpc":"2.0","id":1167,"method":"tools/call","params":{"name":"run_frames","arguments":{"count":1}}}
[10:24:59.398] [mcp] <- {"jsonrpc":"2.0","id":1168,"method":"tools/call","params":{"name":"read_memory","arguments":{"memoryType":"snesMemory","
[10:24:59.399] [mcp] <- {"jsonrpc":"2.0","id":1169,"method":"tools/call","params":{"name":"read_memory","arguments":{"memoryType":"snesMemory","
[10:24:59.399] [mcp] <- {"jsonrpc":"2.0","id":1170,"method":"tools/call","params":{"name":"read_memory","arguments":{"memoryType":"snesMemory","
[10:24:59.399] [mcp] <- {"jsonrpc":"2.0","id":1171,"method":"tools/call","params":{"name":"read_memory","arguments":{"memoryType":"snesMemory","
[10:24:59.400] [mcp] <- {"jsonrpc":"2.0","id":1172,"method":"tools/call","params":{"name":"read_memory","arguments":{"memoryType":"snesMemory","
[10:24:59.400] [mcp] <- {"jsonrpc":"2.0","id":1173,"method":"tools/call","params":{"name":"read_memory","arguments":{"memoryType":"snesMemory","
[10:24:59.400] [mcp] <- {"jsonrpc":"2.0","id":1174,"method":"tools/call","params":{"name":"read_memory","arguments":{"memoryType":"snesMemory","
[10:24:59.401] [mcp] <- {"jsonrpc":"2.0","id":1175,"method":"tools/call","params":{"name":"read_memory","arguments":{"memoryType":"snesMemory","
[10:24:59.401] [mcp] <- {"jsonrpc":"2.0","id":1176,"method":"tools/call","params":{"name":"read_memory","arguments":{"memoryType":"snesMemory","
[10:24:59.401] [mcp] <- {"jsonrpc":"2.0","id":1177,"method":"tools/call","params":{"name":"read_memory","arguments":{"memoryType":"snesMemory","
[10:24:59.402] [mcp] <- {"jsonrpc":"2.0","id":1178,"method":"tools/call","params":{"name":"read_memory","arguments":{"memoryType":"snesMemory","
[10:24:59.402] [mcp] <- {"jsonrpc":"2.0","id":1179,"method":"tools/call","params":{"name":"read_memory","arguments":{"memoryType":"snesMemory","
[10:24:59.402] [mcp] <- {"jsonrpc":"2.0","id":1180,"method":"tools/call","params":{"name":"read_memory","arguments":{"memoryType":"snesMemory","
[10:24:59.402] [mcp] <- {"jsonrpc":"2.0","id":1181,"method":"tools/call","params":{"name":"read_memory","arguments":{"memoryType":"snesMemory","
[10:24:59.403] [mcp] <- {"jsonrpc":"2.0","id":1182,"method":"tools/call","params":{"name":"resume","arguments":{}}}
[10:24:59.403] [mcp] <- {"jsonrpc":"2.0","id":1183,"method":"tools/call","params":{"name":"run_frames","arguments":{"count":1}}}
[10:24:59.423] [mcp] <- {"jsonrpc":"2.0","id":1184,"method":"tools/call","params":{"name":"read_memory","arguments":{"memoryType":"snesMemory","
[10:24:59.423] [mcp] <- {"jsonrpc":"2.0","id":1185,"method":"tools/call","params":{"name":"read_memory","arguments":{"memoryType":"snesMemory","
[10:24:59.423] [mcp] <- {"jsonrpc":"2.0","id":1186,"method":"tools/call","params":{"name":"read_memory","arguments":{"memoryType":"snesMemory","
[10:24:59.424] [mcp] <- {"jsonrpc":"2.0","id":1187,"method":"tools/call","params":{"name":"read_memory","arguments":{"memoryType":"snesMemory","
[10:24:59.424] [mcp] <- {"jsonrpc":"2.0","id":1188,"method":"tools/call","params":{"name":"read_memory","arguments":{"memoryType":"snesMemory","
[10:24:59.424] [mcp] <- {"jsonrpc":"2.0","id":1189,"method":"tools/call","params":{"name":"read_memory","arguments":{"memoryType":"snesMemory","
[10:24:59.424] [mcp] <- {"jsonrpc":"2.0","id":1190,"method":"tools/call","params":{"name":"read_memory","arguments":{"memoryType":"snesMemory","
[10:24:59.425] [mcp] <- {"jsonrpc":"2.0","id":1191,"method":"tools/call","params":{"name":"read_memory","arguments":{"memoryType":"snesMemory","
[10:24:59.425] [mcp] <- {"jsonrpc":"2.0","id":1192,"method":"tools/call","params":{"name":"read_memory","arguments":{"memoryType":"snesMemory","
[10:24:59.425] [mcp] <- {"jsonrpc":"2.0","id":1193,"method":"tools/call","params":{"name":"read_memory","arguments":{"memoryType":"snesMemory","
[10:24:59.426] [mcp] <- {"jsonrpc":"2.0","id":1194,"method":"tools/call","params":{"name":"read_memory","arguments":{"memoryType":"snesMemory","
[10:24:59.426] [mcp] <- {"jsonrpc":"2.0","id":1195,"method":"tools/call","params":{"name":"read_memory","arguments":{"memoryType":"snesMemory","
[10:24:59.426] [mcp] <- {"jsonrpc":"2.0","id":1196,"method":"tools/call","params":{"name":"read_memory","arguments":{"memoryType":"snesMemory","
[10:24:59.427] [mcp] <- {"jsonrpc":"2.0","id":1197,"method":"tools/call","params":{"name":"read_memory","arguments":{"memoryType":"snesMemory","
[10:24:59.427] [mcp] <- {"jsonrpc":"2.0","id":1198,"method":"tools/call","params":{"name":"resume","arguments":{}}}
[10:24:59.427] [mcp] <- {"jsonrpc":"2.0","id":1199,"method":"tools/call","params":{"name":"run_frames","arguments":{"count":1}}}
[10:24:59.447] [mcp] <- {"jsonrpc":"2.0","id":1200,"method":"tools/call","params":{"name":"read_memory","arguments":{"memoryType":"snesMemory","
[10:24:59.447] [mcp] <- {"jsonrpc":"2.0","id":1201,"method":"tools/call","params":{"name":"read_memory","arguments":{"memoryType":"snesMemory","
[10:24:59.448] [mcp] <- {"jsonrpc":"2.0","id":1202,"method":"tools/call","params":{"name":"read_memory","arguments":{"memoryType":"snesMemory","
[10:24:59.448] [mcp] <- {"jsonrpc":"2.0","id":1203,"method":"tools/call","params":{"name":"read_memory","arguments":{"memoryType":"snesMemory","
[10:24:59.448] [mcp] <- {"jsonrpc":"2.0","id":1204,"method":"tools/call","params":{"name":"read_memory","arguments":{"memoryType":"snesMemory","
[10:24:59.449] [mcp] <- {"jsonrpc":"2.0","id":1205,"method":"tools/call","params":{"name":"read_memory","arguments":{"memoryType":"snesMemory","
[10:24:59.449] [mcp] <- {"jsonrpc":"2.0","id":1206,"method":"tools/call","params":{"name":"read_memory","arguments":{"memoryType":"snesMemory","
[10:24:59.449] [mcp] <- {"jsonrpc":"2.0","id":1207,"method":"tools/call","params":{"name":"read_memory","arguments":{"memoryType":"snesMemory","
[10:24:59.450] [mcp] <- {"jsonrpc":"2.0","id":1208,"method":"tools/call","params":{"name":"read_memory","arguments":{"memoryType":"snesMemory","
[10:24:59.450] [mcp] <- {"jsonrpc":"2.0","id":1209,"method":"tools/call","params":{"name":"read_memory","arguments":{"memoryType":"snesMemory","
[10:24:59.450] [mcp] <- {"jsonrpc":"2.0","id":1210,"method":"tools/call","params":{"name":"read_memory","arguments":{"memoryType":"snesMemory","
[10:24:59.451] [mcp] <- {"jsonrpc":"2.0","id":1211,"method":"tools/call","params":{"name":"read_memory","arguments":{"memoryType":"snesMemory","
[10:24:59.451] [mcp] <- {"jsonrpc":"2.0","id":1212,"method":"tools/call","params":{"name":"read_memory","arguments":{"memoryType":"snesMemory","
[10:24:59.451] [mcp] <- {"jsonrpc":"2.0","id":1213,"method":"tools/call","params":{"name":"read_memory","arguments":{"memoryType":"snesMemory","
[10:24:59.452] [mcp] <- {"jsonrpc":"2.0","id":1214,"method":"tools/call","params":{"name":"resume","arguments":{}}}
[10:24:59.452] [mcp] <- {"jsonrpc":"2.0","id":1215,"method":"tools/call","params":{"name":"run_frames","arguments":{"count":1}}}
[10:24:59.471] [mcp] <- {"jsonrpc":"2.0","id":1216,"method":"tools/call","params":{"name":"read_memory","arguments":{"memoryType":"snesMemory","
[10:24:59.471] [mcp] <- {"jsonrpc":"2.0","id":1217,"method":"tools/call","params":{"name":"read_memory","arguments":{"memoryType":"snesMemory","
[10:24:59.472] [mcp] <- {"jsonrpc":"2.0","id":1218,"method":"tools/call","params":{"name":"read_memory","arguments":{"memoryType":"snesMemory","
[10:24:59.472] [mcp] <- {"jsonrpc":"2.0","id":1219,"method":"tools/call","params":{"name":"read_memory","arguments":{"memoryType":"snesMemory","
[10:24:59.472] [mcp] <- {"jsonrpc":"2.0","id":1220,"method":"tools/call","params":{"name":"read_memory","arguments":{"memoryType":"snesMemory","
[10:24:59.473] [mcp] <- {"jsonrpc":"2.0","id":1221,"method":"tools/call","params":{"name":"read_memory","arguments":{"memoryType":"snesMemory","
[10:24:59.473] [mcp] <- {"jsonrpc":"2.0","id":1222,"method":"tools/call","params":{"name":"read_memory","arguments":{"memoryType":"snesMemory","
[10:24:59.473] [mcp] <- {"jsonrpc":"2.0","id":1223,"method":"tools/call","params":{"name":"read_memory","arguments":{"memoryType":"snesMemory","
[10:24:59.474] [mcp] <- {"jsonrpc":"2.0","id":1224,"method":"tools/call","params":{"name":"read_memory","arguments":{"memoryType":"snesMemory","
[10:24:59.474] [mcp] <- {"jsonrpc":"2.0","id":1225,"method":"tools/call","params":{"name":"read_memory","arguments":{"memoryType":"snesMemory","
[10:24:59.474] [mcp] <- {"jsonrpc":"2.0","id":1226,"method":"tools/call","params":{"name":"read_memory","arguments":{"memoryType":"snesMemory","
[10:24:59.475] [mcp] <- {"jsonrpc":"2.0","id":1227,"method":"tools/call","params":{"name":"read_memory","arguments":{"memoryType":"snesMemory","
[10:24:59.475] [mcp] <- {"jsonrpc":"2.0","id":1228,"method":"tools/call","params":{"name":"read_memory","arguments":{"memoryType":"snesMemory","
[10:24:59.475] [mcp] <- {"jsonrpc":"2.0","id":1229,"method":"tools/call","params":{"name":"read_memory","arguments":{"memoryType":"snesMemory","
[10:24:59.476] [mcp] <- {"jsonrpc":"2.0","id":1230,"method":"tools/call","params":{"name":"resume","arguments":{}}}
[10:24:59.476] [mcp] <- {"jsonrpc":"2.0","id":1231,"method":"tools/call","params":{"name":"run_frames","arguments":{"count":1}}}
[10:24:59.511] [mcp] <- {"jsonrpc":"2.0","id":1232,"method":"tools/call","params":{"name":"read_memory","arguments":{"memoryType":"snesMemory","
[10:24:59.511] [mcp] <- {"jsonrpc":"2.0","id":1233,"method":"tools/call","params":{"name":"read_memory","arguments":{"memoryType":"snesMemory","
[10:24:59.512] [mcp] <- {"jsonrpc":"2.0","id":1234,"method":"tools/call","params":{"name":"read_memory","arguments":{"memoryType":"snesMemory","
[10:24:59.512] [mcp] <- {"jsonrpc":"2.0","id":1235,"method":"tools/call","params":{"name":"read_memory","arguments":{"memoryType":"snesMemory","
[10:24:59.512] [mcp] <- {"jsonrpc":"2.0","id":1236,"method":"tools/call","params":{"name":"read_memory","arguments":{"memoryType":"snesMemory","
[10:24:59.512] [mcp] <- {"jsonrpc":"2.0","id":1237,"method":"tools/call","params":{"name":"read_memory","arguments":{"memoryType":"snesMemory","
[10:24:59.513] [mcp] <- {"jsonrpc":"2.0","id":1238,"method":"tools/call","params":{"name":"read_memory","arguments":{"memoryType":"snesMemory","
[10:24:59.513] [mcp] <- {"jsonrpc":"2.0","id":1239,"method":"tools/call","params":{"name":"read_memory","arguments":{"memoryType":"snesMemory","
[10:24:59.513] [mcp] <- {"jsonrpc":"2.0","id":1240,"method":"tools/call","params":{"name":"read_memory","arguments":{"memoryType":"snesMemory","
[10:24:59.513] [mcp] <- {"jsonrpc":"2.0","id":1241,"method":"tools/call","params":{"name":"read_memory","arguments":{"memoryType":"snesMemory","
[10:24:59.513] [mcp] <- {"jsonrpc":"2.0","id":1242,"method":"tools/call","params":{"name":"read_memory","arguments":{"memoryType":"snesMemory","
[10:24:59.514] [mcp] <- {"jsonrpc":"2.0","id":1243,"method":"tools/call","params":{"name":"read_memory","arguments":{"memoryType":"snesMemory","
[10:24:59.514] [mcp] <- {"jsonrpc":"2.0","id":1244,"method":"tools/call","params":{"name":"read_memory","arguments":{"memoryType":"snesMemory","
[10:24:59.514] [mcp] <- {"jsonrpc":"2.0","id":1245,"method":"tools/call","params":{"name":"read_memory","arguments":{"memoryType":"snesMemory","
[10:24:59.514] [mcp] <- {"jsonrpc":"2.0","id":1246,"method":"tools/call","params":{"name":"resume","arguments":{}}}
[10:24:59.515] [mcp] <- {"jsonrpc":"2.0","id":1247,"method":"tools/call","params":{"name":"run_frames","arguments":{"count":1}}}
[10:24:59.550] [mcp] <- {"jsonrpc":"2.0","id":1248,"method":"tools/call","params":{"name":"read_memory","arguments":{"memoryType":"snesMemory","
[10:24:59.550] [mcp] <- {"jsonrpc":"2.0","id":1249,"method":"tools/call","params":{"name":"read_memory","arguments":{"memoryType":"snesMemory","
[10:24:59.550] [mcp] <- {"jsonrpc":"2.0","id":1250,"method":"tools/call","params":{"name":"read_memory","arguments":{"memoryType":"snesMemory","
[10:24:59.551] [mcp] <- {"jsonrpc":"2.0","id":1251,"method":"tools/call","params":{"name":"read_memory","arguments":{"memoryType":"snesMemory","
[10:24:59.551] [mcp] <- {"jsonrpc":"2.0","id":1252,"method":"tools/call","params":{"name":"read_memory","arguments":{"memoryType":"snesMemory","
[10:24:59.551] [mcp] <- {"jsonrpc":"2.0","id":1253,"method":"tools/call","params":{"name":"read_memory","arguments":{"memoryType":"snesMemory","
[10:24:59.552] [mcp] <- {"jsonrpc":"2.0","id":1254,"method":"tools/call","params":{"name":"read_memory","arguments":{"memoryType":"snesMemory","
[10:24:59.552] [mcp] <- {"jsonrpc":"2.0","id":1255,"method":"tools/call","params":{"name":"read_memory","arguments":{"memoryType":"snesMemory","
[10:24:59.552] [mcp] <- {"jsonrpc":"2.0","id":1256,"method":"tools/call","params":{"name":"read_memory","arguments":{"memoryType":"snesMemory","
[10:24:59.553] [mcp] <- {"jsonrpc":"2.0","id":1257,"method":"tools/call","params":{"name":"read_memory","arguments":{"memoryType":"snesMemory","
[10:24:59.553] [mcp] <- {"jsonrpc":"2.0","id":1258,"method":"tools/call","params":{"name":"read_memory","arguments":{"memoryType":"snesMemory","
[10:24:59.553] [mcp] <- {"jsonrpc":"2.0","id":1259,"method":"tools/call","params":{"name":"read_memory","arguments":{"memoryType":"snesMemory","
[10:24:59.554] [mcp] <- {"jsonrpc":"2.0","id":1260,"method":"tools/call","params":{"name":"read_memory","arguments":{"memoryType":"snesMemory","
[10:24:59.554] [mcp] <- {"jsonrpc":"2.0","id":1261,"method":"tools/call","params":{"name":"read_memory","arguments":{"memoryType":"snesMemory","
[10:24:59.554] [mcp] <- {"jsonrpc":"2.0","id":1262,"method":"tools/call","params":{"name":"resume","arguments":{}}}
[10:24:59.554] [mcp] <- {"jsonrpc":"2.0","id":1263,"method":"tools/call","params":{"name":"run_frames","arguments":{"count":1}}}
[10:24:59.585] [mcp] <- {"jsonrpc":"2.0","id":1264,"method":"tools/call","params":{"name":"read_memory","arguments":{"memoryType":"snesMemory","
[10:24:59.585] [mcp] <- {"jsonrpc":"2.0","id":1265,"method":"tools/call","params":{"name":"read_memory","arguments":{"memoryType":"snesMemory","
[10:24:59.586] [mcp] <- {"jsonrpc":"2.0","id":1266,"method":"tools/call","params":{"name":"read_memory","arguments":{"memoryType":"snesMemory","
[10:24:59.586] [mcp] <- {"jsonrpc":"2.0","id":1267,"method":"tools/call","params":{"name":"read_memory","arguments":{"memoryType":"snesMemory","
[10:24:59.586] [mcp] <- {"jsonrpc":"2.0","id":1268,"method":"tools/call","params":{"name":"read_memory","arguments":{"memoryType":"snesMemory","
[10:24:59.587] [mcp] <- {"jsonrpc":"2.0","id":1269,"method":"tools/call","params":{"name":"read_memory","arguments":{"memoryType":"snesMemory","
[10:24:59.587] [mcp] <- {"jsonrpc":"2.0","id":1270,"method":"tools/call","params":{"name":"read_memory","arguments":{"memoryType":"snesMemory","
[10:24:59.587] [mcp] <- {"jsonrpc":"2.0","id":1271,"method":"tools/call","params":{"name":"read_memory","arguments":{"memoryType":"snesMemory","
[10:24:59.588] [mcp] <- {"jsonrpc":"2.0","id":1272,"method":"tools/call","params":{"name":"read_memory","arguments":{"memoryType":"snesMemory","
[10:24:59.588] [mcp] <- {"jsonrpc":"2.0","id":1273,"method":"tools/call","params":{"name":"read_memory","arguments":{"memoryType":"snesMemory","
[10:24:59.588] [mcp] <- {"jsonrpc":"2.0","id":1274,"method":"tools/call","params":{"name":"read_memory","arguments":{"memoryType":"snesMemory","
[10:24:59.588] [mcp] <- {"jsonrpc":"2.0","id":1275,"method":"tools/call","params":{"name":"read_memory","arguments":{"memoryType":"snesMemory","
[10:24:59.589] [mcp] <- {"jsonrpc":"2.0","id":1276,"method":"tools/call","params":{"name":"read_memory","arguments":{"memoryType":"snesMemory","
[10:24:59.589] [mcp] <- {"jsonrpc":"2.0","id":1277,"method":"tools/call","params":{"name":"read_memory","arguments":{"memoryType":"snesMemory","
[10:24:59.589] [mcp] <- {"jsonrpc":"2.0","id":1278,"method":"tools/call","params":{"name":"resume","arguments":{}}}
[10:24:59.590] [mcp] <- {"jsonrpc":"2.0","id":1279,"method":"tools/call","params":{"name":"run_frames","arguments":{"count":1}}}
[10:24:59.608] [mcp] <- {"jsonrpc":"2.0","id":1280,"method":"tools/call","params":{"name":"read_memory","arguments":{"memoryType":"snesMemory","
[10:24:59.609] [mcp] <- {"jsonrpc":"2.0","id":1281,"method":"tools/call","params":{"name":"read_memory","arguments":{"memoryType":"snesMemory","
[10:24:59.609] [mcp] <- {"jsonrpc":"2.0","id":1282,"method":"tools/call","params":{"name":"read_memory","arguments":{"memoryType":"snesMemory","
[10:24:59.609] [mcp] <- {"jsonrpc":"2.0","id":1283,"method":"tools/call","params":{"name":"read_memory","arguments":{"memoryType":"snesMemory","
[10:24:59.610] [mcp] <- {"jsonrpc":"2.0","id":1284,"method":"tools/call","params":{"name":"read_memory","arguments":{"memoryType":"snesMemory","
[10:24:59.610] [mcp] <- {"jsonrpc":"2.0","id":1285,"method":"tools/call","params":{"name":"read_memory","arguments":{"memoryType":"snesMemory","
[10:24:59.610] [mcp] <- {"jsonrpc":"2.0","id":1286,"method":"tools/call","params":{"name":"read_memory","arguments":{"memoryType":"snesMemory","
[10:24:59.611] [mcp] <- {"jsonrpc":"2.0","id":1287,"method":"tools/call","params":{"name":"read_memory","arguments":{"memoryType":"snesMemory","
[10:24:59.611] [mcp] <- {"jsonrpc":"2.0","id":1288,"method":"tools/call","params":{"name":"read_memory","arguments":{"memoryType":"snesMemory","
[10:24:59.611] [mcp] <- {"jsonrpc":"2.0","id":1289,"method":"tools/call","params":{"name":"read_memory","arguments":{"memoryType":"snesMemory","
[10:24:59.612] [mcp] <- {"jsonrpc":"2.0","id":1290,"method":"tools/call","params":{"name":"read_memory","arguments":{"memoryType":"snesMemory","
[10:24:59.612] [mcp] <- {"jsonrpc":"2.0","id":1291,"method":"tools/call","params":{"name":"read_memory","arguments":{"memoryType":"snesMemory","
[10:24:59.612] [mcp] <- {"jsonrpc":"2.0","id":1292,"method":"tools/call","params":{"name":"read_memory","arguments":{"memoryType":"snesMemory","
[10:24:59.613] [mcp] <- {"jsonrpc":"2.0","id":1293,"method":"tools/call","params":{"name":"read_memory","arguments":{"memoryType":"snesMemory","
[10:24:59.613] [mcp] <- {"jsonrpc":"2.0","id":1294,"method":"tools/call","params":{"name":"resume","arguments":{}}}
[10:24:59.613] [mcp] <- {"jsonrpc":"2.0","id":1295,"method":"tools/call","params":{"name":"run_frames","arguments":{"count":1}}}
[10:24:59.635] [mcp] <- {"jsonrpc":"2.0","id":1296,"method":"tools/call","params":{"name":"read_memory","arguments":{"memoryType":"snesMemory","
[10:24:59.635] [mcp] <- {"jsonrpc":"2.0","id":1297,"method":"tools/call","params":{"name":"read_memory","arguments":{"memoryType":"snesMemory","
[10:24:59.636] [mcp] <- {"jsonrpc":"2.0","id":1298,"method":"tools/call","params":{"name":"read_memory","arguments":{"memoryType":"snesMemory","
[10:24:59.636] [mcp] <- {"jsonrpc":"2.0","id":1299,"method":"tools/call","params":{"name":"read_memory","arguments":{"memoryType":"snesMemory","
[10:24:59.636] [mcp] <- {"jsonrpc":"2.0","id":1300,"method":"tools/call","params":{"name":"read_memory","arguments":{"memoryType":"snesMemory","
[10:24:59.637] [mcp] <- {"jsonrpc":"2.0","id":1301,"method":"tools/call","params":{"name":"read_memory","arguments":{"memoryType":"snesMemory","
[10:24:59.637] [mcp] <- {"jsonrpc":"2.0","id":1302,"method":"tools/call","params":{"name":"read_memory","arguments":{"memoryType":"snesMemory","
[10:24:59.637] [mcp] <- {"jsonrpc":"2.0","id":1303,"method":"tools/call","params":{"name":"read_memory","arguments":{"memoryType":"snesMemory","
[10:24:59.638] [mcp] <- {"jsonrpc":"2.0","id":1304,"method":"tools/call","params":{"name":"read_memory","arguments":{"memoryType":"snesMemory","
[10:24:59.638] [mcp] <- {"jsonrpc":"2.0","id":1305,"method":"tools/call","params":{"name":"read_memory","arguments":{"memoryType":"snesMemory","
[10:24:59.638] [mcp] <- {"jsonrpc":"2.0","id":1306,"method":"tools/call","params":{"name":"read_memory","arguments":{"memoryType":"snesMemory","
[10:24:59.638] [mcp] <- {"jsonrpc":"2.0","id":1307,"method":"tools/call","params":{"name":"read_memory","arguments":{"memoryType":"snesMemory","
[10:24:59.639] [mcp] <- {"jsonrpc":"2.0","id":1308,"method":"tools/call","params":{"name":"read_memory","arguments":{"memoryType":"snesMemory","
[10:24:59.639] [mcp] <- {"jsonrpc":"2.0","id":1309,"method":"tools/call","params":{"name":"read_memory","arguments":{"memoryType":"snesMemory","
[10:24:59.639] [mcp] <- {"jsonrpc":"2.0","id":1310,"method":"tools/call","params":{"name":"resume","arguments":{}}}
[10:24:59.640] [mcp] <- {"jsonrpc":"2.0","id":1311,"method":"tools/call","params":{"name":"run_frames","arguments":{"count":1}}}
[10:24:59.660] [mcp] <- {"jsonrpc":"2.0","id":1312,"method":"tools/call","params":{"name":"read_memory","arguments":{"memoryType":"snesMemory","
[10:24:59.661] [mcp] <- {"jsonrpc":"2.0","id":1313,"method":"tools/call","params":{"name":"read_memory","arguments":{"memoryType":"snesMemory","
[10:24:59.661] [mcp] <- {"jsonrpc":"2.0","id":1314,"method":"tools/call","params":{"name":"read_memory","arguments":{"memoryType":"snesMemory","
[10:24:59.661] [mcp] <- {"jsonrpc":"2.0","id":1315,"method":"tools/call","params":{"name":"read_memory","arguments":{"memoryType":"snesMemory","
[10:24:59.662] [mcp] <- {"jsonrpc":"2.0","id":1316,"method":"tools/call","params":{"name":"read_memory","arguments":{"memoryType":"snesMemory","
[10:24:59.662] [mcp] <- {"jsonrpc":"2.0","id":1317,"method":"tools/call","params":{"name":"read_memory","arguments":{"memoryType":"snesMemory","
[10:24:59.662] [mcp] <- {"jsonrpc":"2.0","id":1318,"method":"tools/call","params":{"name":"read_memory","arguments":{"memoryType":"snesMemory","
[10:24:59.663] [mcp] <- {"jsonrpc":"2.0","id":1319,"method":"tools/call","params":{"name":"read_memory","arguments":{"memoryType":"snesMemory","
[10:24:59.663] [mcp] <- {"jsonrpc":"2.0","id":1320,"method":"tools/call","params":{"name":"read_memory","arguments":{"memoryType":"snesMemory","
[10:24:59.663] [mcp] <- {"jsonrpc":"2.0","id":1321,"method":"tools/call","params":{"name":"read_memory","arguments":{"memoryType":"snesMemory","
[10:24:59.663] [mcp] <- {"jsonrpc":"2.0","id":1322,"method":"tools/call","params":{"name":"read_memory","arguments":{"memoryType":"snesMemory","
[10:24:59.664] [mcp] <- {"jsonrpc":"2.0","id":1323,"method":"tools/call","params":{"name":"read_memory","arguments":{"memoryType":"snesMemory","
[10:24:59.664] [mcp] <- {"jsonrpc":"2.0","id":1324,"method":"tools/call","params":{"name":"read_memory","arguments":{"memoryType":"snesMemory","
[10:24:59.664] [mcp] <- {"jsonrpc":"2.0","id":1325,"method":"tools/call","params":{"name":"read_memory","arguments":{"memoryType":"snesMemory","
[10:24:59.665] [mcp] <- {"jsonrpc":"2.0","id":1326,"method":"tools/call","params":{"name":"resume","arguments":{}}}
[10:24:59.665] [mcp] <- {"jsonrpc":"2.0","id":1327,"method":"tools/call","params":{"name":"run_frames","arguments":{"count":1}}}
[10:24:59.686] [mcp] <- {"jsonrpc":"2.0","id":1328,"method":"tools/call","params":{"name":"read_memory","arguments":{"memoryType":"snesMemory","
[10:24:59.686] [mcp] <- {"jsonrpc":"2.0","id":1329,"method":"tools/call","params":{"name":"read_memory","arguments":{"memoryType":"snesMemory","
[10:24:59.686] [mcp] <- {"jsonrpc":"2.0","id":1330,"method":"tools/call","params":{"name":"read_memory","arguments":{"memoryType":"snesMemory","
[10:24:59.687] [mcp] <- {"jsonrpc":"2.0","id":1331,"method":"tools/call","params":{"name":"read_memory","arguments":{"memoryType":"snesMemory","
[10:24:59.687] [mcp] <- {"jsonrpc":"2.0","id":1332,"method":"tools/call","params":{"name":"read_memory","arguments":{"memoryType":"snesMemory","
[10:24:59.687] [mcp] <- {"jsonrpc":"2.0","id":1333,"method":"tools/call","params":{"name":"read_memory","arguments":{"memoryType":"snesMemory","
[10:24:59.688] [mcp] <- {"jsonrpc":"2.0","id":1334,"method":"tools/call","params":{"name":"read_memory","arguments":{"memoryType":"snesMemory","
[10:24:59.688] [mcp] <- {"jsonrpc":"2.0","id":1335,"method":"tools/call","params":{"name":"read_memory","arguments":{"memoryType":"snesMemory","
[10:24:59.688] [mcp] <- {"jsonrpc":"2.0","id":1336,"method":"tools/call","params":{"name":"read_memory","arguments":{"memoryType":"snesMemory","
[10:24:59.689] [mcp] <- {"jsonrpc":"2.0","id":1337,"method":"tools/call","params":{"name":"read_memory","arguments":{"memoryType":"snesMemory","
[10:24:59.689] [mcp] <- {"jsonrpc":"2.0","id":1338,"method":"tools/call","params":{"name":"read_memory","arguments":{"memoryType":"snesMemory","
[10:24:59.689] [mcp] <- {"jsonrpc":"2.0","id":1339,"method":"tools/call","params":{"name":"read_memory","arguments":{"memoryType":"snesMemory","
[10:24:59.689] [mcp] <- {"jsonrpc":"2.0","id":1340,"method":"tools/call","params":{"name":"read_memory","arguments":{"memoryType":"snesMemory","
[10:24:59.690] [mcp] <- {"jsonrpc":"2.0","id":1341,"method":"tools/call","params":{"name":"read_memory","arguments":{"memoryType":"snesMemory","
[10:24:59.690] [mcp] <- {"jsonrpc":"2.0","id":1342,"method":"tools/call","params":{"name":"resume","arguments":{}}}
[10:24:59.690] [mcp] <- {"jsonrpc":"2.0","id":1343,"method":"tools/call","params":{"name":"run_frames","arguments":{"count":1}}}
[10:24:59.710] [mcp] <- {"jsonrpc":"2.0","id":1344,"method":"tools/call","params":{"name":"read_memory","arguments":{"memoryType":"snesMemory","
[10:24:59.711] [mcp] <- {"jsonrpc":"2.0","id":1345,"method":"tools/call","params":{"name":"read_memory","arguments":{"memoryType":"snesMemory","
[10:24:59.711] [mcp] <- {"jsonrpc":"2.0","id":1346,"method":"tools/call","params":{"name":"read_memory","arguments":{"memoryType":"snesMemory","
[10:24:59.711] [mcp] <- {"jsonrpc":"2.0","id":1347,"method":"tools/call","params":{"name":"read_memory","arguments":{"memoryType":"snesMemory","
[10:24:59.712] [mcp] <- {"jsonrpc":"2.0","id":1348,"method":"tools/call","params":{"name":"read_memory","arguments":{"memoryType":"snesMemory","
[10:24:59.712] [mcp] <- {"jsonrpc":"2.0","id":1349,"method":"tools/call","params":{"name":"read_memory","arguments":{"memoryType":"snesMemory","
[10:24:59.712] [mcp] <- {"jsonrpc":"2.0","id":1350,"method":"tools/call","params":{"name":"read_memory","arguments":{"memoryType":"snesMemory","
[10:24:59.713] [mcp] <- {"jsonrpc":"2.0","id":1351,"method":"tools/call","params":{"name":"read_memory","arguments":{"memoryType":"snesMemory","
[10:24:59.713] [mcp] <- {"jsonrpc":"2.0","id":1352,"method":"tools/call","params":{"name":"read_memory","arguments":{"memoryType":"snesMemory","
[10:24:59.713] [mcp] <- {"jsonrpc":"2.0","id":1353,"method":"tools/call","params":{"name":"read_memory","arguments":{"memoryType":"snesMemory","
[10:24:59.714] [mcp] <- {"jsonrpc":"2.0","id":1354,"method":"tools/call","params":{"name":"read_memory","arguments":{"memoryType":"snesMemory","
[10:24:59.714] [mcp] <- {"jsonrpc":"2.0","id":1355,"method":"tools/call","params":{"name":"read_memory","arguments":{"memoryType":"snesMemory","
[10:24:59.714] [mcp] <- {"jsonrpc":"2.0","id":1356,"method":"tools/call","params":{"name":"read_memory","arguments":{"memoryType":"snesMemory","
[10:24:59.714] [mcp] <- {"jsonrpc":"2.0","id":1357,"method":"tools/call","params":{"name":"read_memory","arguments":{"memoryType":"snesMemory","
[10:24:59.715] [mcp] <- {"jsonrpc":"2.0","id":1358,"method":"tools/call","params":{"name":"resume","arguments":{}}}
[10:24:59.715] [mcp] <- {"jsonrpc":"2.0","id":1359,"method":"tools/call","params":{"name":"run_frames","arguments":{"count":1}}}
[10:24:59.755] [mcp] <- {"jsonrpc":"2.0","id":1360,"method":"tools/call","params":{"name":"read_memory","arguments":{"memoryType":"snesMemory","
[10:24:59.755] [mcp] <- {"jsonrpc":"2.0","id":1361,"method":"tools/call","params":{"name":"read_memory","arguments":{"memoryType":"snesMemory","
[10:24:59.755] [mcp] <- {"jsonrpc":"2.0","id":1362,"method":"tools/call","params":{"name":"read_memory","arguments":{"memoryType":"snesMemory","
[10:24:59.756] [mcp] <- {"jsonrpc":"2.0","id":1363,"method":"tools/call","params":{"name":"read_memory","arguments":{"memoryType":"snesMemory","
[10:24:59.756] [mcp] <- {"jsonrpc":"2.0","id":1364,"method":"tools/call","params":{"name":"read_memory","arguments":{"memoryType":"snesMemory","
[10:24:59.756] [mcp] <- {"jsonrpc":"2.0","id":1365,"method":"tools/call","params":{"name":"read_memory","arguments":{"memoryType":"snesMemory","
[10:24:59.757] [mcp] <- {"jsonrpc":"2.0","id":1366,"method":"tools/call","params":{"name":"read_memory","arguments":{"memoryType":"snesMemory","
[10:24:59.757] [mcp] <- {"jsonrpc":"2.0","id":1367,"method":"tools/call","params":{"name":"read_memory","arguments":{"memoryType":"snesMemory","
[10:24:59.757] [mcp] <- {"jsonrpc":"2.0","id":1368,"method":"tools/call","params":{"name":"read_memory","arguments":{"memoryType":"snesMemory","
[10:24:59.758] [mcp] <- {"jsonrpc":"2.0","id":1369,"method":"tools/call","params":{"name":"read_memory","arguments":{"memoryType":"snesMemory","
[10:24:59.758] [mcp] <- {"jsonrpc":"2.0","id":1370,"method":"tools/call","params":{"name":"read_memory","arguments":{"memoryType":"snesMemory","
[10:24:59.758] [mcp] <- {"jsonrpc":"2.0","id":1371,"method":"tools/call","params":{"name":"read_memory","arguments":{"memoryType":"snesMemory","
[10:24:59.759] [mcp] <- {"jsonrpc":"2.0","id":1372,"method":"tools/call","params":{"name":"read_memory","arguments":{"memoryType":"snesMemory","
[10:24:59.759] [mcp] <- {"jsonrpc":"2.0","id":1373,"method":"tools/call","params":{"name":"read_memory","arguments":{"memoryType":"snesMemory","
[10:24:59.759] [mcp] <- {"jsonrpc":"2.0","id":1374,"method":"tools/call","params":{"name":"resume","arguments":{}}}
[10:24:59.759] [mcp] <- {"jsonrpc":"2.0","id":1375,"method":"tools/call","params":{"name":"run_frames","arguments":{"count":1}}}
[10:24:59.792] [mcp] <- {"jsonrpc":"2.0","id":1376,"method":"tools/call","params":{"name":"read_memory","arguments":{"memoryType":"snesMemory","
[10:24:59.793] [mcp] <- {"jsonrpc":"2.0","id":1377,"method":"tools/call","params":{"name":"read_memory","arguments":{"memoryType":"snesMemory","
[10:24:59.793] [mcp] <- {"jsonrpc":"2.0","id":1378,"method":"tools/call","params":{"name":"read_memory","arguments":{"memoryType":"snesMemory","
[10:24:59.793] [mcp] <- {"jsonrpc":"2.0","id":1379,"method":"tools/call","params":{"name":"read_memory","arguments":{"memoryType":"snesMemory","
[10:24:59.794] [mcp] <- {"jsonrpc":"2.0","id":1380,"method":"tools/call","params":{"name":"read_memory","arguments":{"memoryType":"snesMemory","
[10:24:59.794] [mcp] <- {"jsonrpc":"2.0","id":1381,"method":"tools/call","params":{"name":"read_memory","arguments":{"memoryType":"snesMemory","
[10:24:59.794] [mcp] <- {"jsonrpc":"2.0","id":1382,"method":"tools/call","params":{"name":"read_memory","arguments":{"memoryType":"snesMemory","
[10:24:59.795] [mcp] <- {"jsonrpc":"2.0","id":1383,"method":"tools/call","params":{"name":"read_memory","arguments":{"memoryType":"snesMemory","
[10:24:59.795] [mcp] <- {"jsonrpc":"2.0","id":1384,"method":"tools/call","params":{"name":"read_memory","arguments":{"memoryType":"snesMemory","
[10:24:59.795] [mcp] <- {"jsonrpc":"2.0","id":1385,"method":"tools/call","params":{"name":"read_memory","arguments":{"memoryType":"snesMemory","
[10:24:59.796] [mcp] <- {"jsonrpc":"2.0","id":1386,"method":"tools/call","params":{"name":"read_memory","arguments":{"memoryType":"snesMemory","
[10:24:59.796] [mcp] <- {"jsonrpc":"2.0","id":1387,"method":"tools/call","params":{"name":"read_memory","arguments":{"memoryType":"snesMemory","
[10:24:59.796] [mcp] <- {"jsonrpc":"2.0","id":1388,"method":"tools/call","params":{"name":"read_memory","arguments":{"memoryType":"snesMemory","
[10:24:59.797] [mcp] <- {"jsonrpc":"2.0","id":1389,"method":"tools/call","params":{"name":"read_memory","arguments":{"memoryType":"snesMemory","
[10:24:59.797] [mcp] <- {"jsonrpc":"2.0","id":1390,"method":"tools/call","params":{"name":"resume","arguments":{}}}
[10:24:59.797] [mcp] <- {"jsonrpc":"2.0","id":1391,"method":"tools/call","params":{"name":"run_frames","arguments":{"count":1}}}
[10:24:59.827] [mcp] <- {"jsonrpc":"2.0","id":1392,"method":"tools/call","params":{"name":"read_memory","arguments":{"memoryType":"snesMemory","
[10:24:59.828] [mcp] <- {"jsonrpc":"2.0","id":1393,"method":"tools/call","params":{"name":"read_memory","arguments":{"memoryType":"snesMemory","
[10:24:59.828] [mcp] <- {"jsonrpc":"2.0","id":1394,"method":"tools/call","params":{"name":"read_memory","arguments":{"memoryType":"snesMemory","
[10:24:59.828] [mcp] <- {"jsonrpc":"2.0","id":1395,"method":"tools/call","params":{"name":"read_memory","arguments":{"memoryType":"snesMemory","
[10:24:59.829] [mcp] <- {"jsonrpc":"2.0","id":1396,"method":"tools/call","params":{"name":"read_memory","arguments":{"memoryType":"snesMemory","
[10:24:59.829] [mcp] <- {"jsonrpc":"2.0","id":1397,"method":"tools/call","params":{"name":"read_memory","arguments":{"memoryType":"snesMemory","
[10:24:59.829] [mcp] <- {"jsonrpc":"2.0","id":1398,"method":"tools/call","params":{"name":"read_memory","arguments":{"memoryType":"snesMemory","
[10:24:59.830] [mcp] <- {"jsonrpc":"2.0","id":1399,"method":"tools/call","params":{"name":"read_memory","arguments":{"memoryType":"snesMemory","
[10:24:59.830] [mcp] <- {"jsonrpc":"2.0","id":1400,"method":"tools/call","params":{"name":"read_memory","arguments":{"memoryType":"snesMemory","
[10:24:59.830] [mcp] <- {"jsonrpc":"2.0","id":1401,"method":"tools/call","params":{"name":"read_memory","arguments":{"memoryType":"snesMemory","
[10:24:59.831] [mcp] <- {"jsonrpc":"2.0","id":1402,"method":"tools/call","params":{"name":"read_memory","arguments":{"memoryType":"snesMemory","
[10:24:59.831] [mcp] <- {"jsonrpc":"2.0","id":1403,"method":"tools/call","params":{"name":"read_memory","arguments":{"memoryType":"snesMemory","
[10:24:59.831] [mcp] <- {"jsonrpc":"2.0","id":1404,"method":"tools/call","params":{"name":"read_memory","arguments":{"memoryType":"snesMemory","
[10:24:59.832] [mcp] <- {"jsonrpc":"2.0","id":1405,"method":"tools/call","params":{"name":"read_memory","arguments":{"memoryType":"snesMemory","
[10:24:59.832] [mcp] <- {"jsonrpc":"2.0","id":1406,"method":"tools/call","params":{"name":"resume","arguments":{}}}
[10:24:59.832] [mcp] <- {"jsonrpc":"2.0","id":1407,"method":"tools/call","params":{"name":"run_frames","arguments":{"count":1}}}
[10:24:59.855] [mcp] <- {"jsonrpc":"2.0","id":1408,"method":"tools/call","params":{"name":"read_memory","arguments":{"memoryType":"snesMemory","
[10:24:59.856] [mcp] <- {"jsonrpc":"2.0","id":1409,"method":"tools/call","params":{"name":"read_memory","arguments":{"memoryType":"snesMemory","
[10:24:59.856] [mcp] <- {"jsonrpc":"2.0","id":1410,"method":"tools/call","params":{"name":"read_memory","arguments":{"memoryType":"snesMemory","
[10:24:59.856] [mcp] <- {"jsonrpc":"2.0","id":1411,"method":"tools/call","params":{"name":"read_memory","arguments":{"memoryType":"snesMemory","
[10:24:59.857] [mcp] <- {"jsonrpc":"2.0","id":1412,"method":"tools/call","params":{"name":"read_memory","arguments":{"memoryType":"snesMemory","
[10:24:59.857] [mcp] <- {"jsonrpc":"2.0","id":1413,"method":"tools/call","params":{"name":"read_memory","arguments":{"memoryType":"snesMemory","
[10:24:59.857] [mcp] <- {"jsonrpc":"2.0","id":1414,"method":"tools/call","params":{"name":"read_memory","arguments":{"memoryType":"snesMemory","
[10:24:59.858] [mcp] <- {"jsonrpc":"2.0","id":1415,"method":"tools/call","params":{"name":"read_memory","arguments":{"memoryType":"snesMemory","
[10:24:59.858] [mcp] <- {"jsonrpc":"2.0","id":1416,"method":"tools/call","params":{"name":"read_memory","arguments":{"memoryType":"snesMemory","
[10:24:59.858] [mcp] <- {"jsonrpc":"2.0","id":1417,"method":"tools/call","params":{"name":"read_memory","arguments":{"memoryType":"snesMemory","
[10:24:59.858] [mcp] <- {"jsonrpc":"2.0","id":1418,"method":"tools/call","params":{"name":"read_memory","arguments":{"memoryType":"snesMemory","
[10:24:59.859] [mcp] <- {"jsonrpc":"2.0","id":1419,"method":"tools/call","params":{"name":"read_memory","arguments":{"memoryType":"snesMemory","
[10:24:59.859] [mcp] <- {"jsonrpc":"2.0","id":1420,"method":"tools/call","params":{"name":"read_memory","arguments":{"memoryType":"snesMemory","
[10:24:59.859] [mcp] <- {"jsonrpc":"2.0","id":1421,"method":"tools/call","params":{"name":"read_memory","arguments":{"memoryType":"snesMemory","
[10:24:59.860] [mcp] <- {"jsonrpc":"2.0","id":1422,"method":"tools/call","params":{"name":"resume","arguments":{}}}
[10:24:59.860] [mcp] <- {"jsonrpc":"2.0","id":1423,"method":"tools/call","params":{"name":"run_frames","arguments":{"count":1}}}
[10:24:59.880] [mcp] <- {"jsonrpc":"2.0","id":1424,"method":"tools/call","params":{"name":"read_memory","arguments":{"memoryType":"snesMemory","
[10:24:59.880] [mcp] <- {"jsonrpc":"2.0","id":1425,"method":"tools/call","params":{"name":"read_memory","arguments":{"memoryType":"snesMemory","
[10:24:59.881] [mcp] <- {"jsonrpc":"2.0","id":1426,"method":"tools/call","params":{"name":"read_memory","arguments":{"memoryType":"snesMemory","
[10:24:59.881] [mcp] <- {"jsonrpc":"2.0","id":1427,"method":"tools/call","params":{"name":"read_memory","arguments":{"memoryType":"snesMemory","
[10:24:59.881] [mcp] <- {"jsonrpc":"2.0","id":1428,"method":"tools/call","params":{"name":"read_memory","arguments":{"memoryType":"snesMemory","
[10:24:59.882] [mcp] <- {"jsonrpc":"2.0","id":1429,"method":"tools/call","params":{"name":"read_memory","arguments":{"memoryType":"snesMemory","
[10:24:59.882] [mcp] <- {"jsonrpc":"2.0","id":1430,"method":"tools/call","params":{"name":"read_memory","arguments":{"memoryType":"snesMemory","
[10:24:59.882] [mcp] <- {"jsonrpc":"2.0","id":1431,"method":"tools/call","params":{"name":"read_memory","arguments":{"memoryType":"snesMemory","
[10:24:59.883] [mcp] <- {"jsonrpc":"2.0","id":1432,"method":"tools/call","params":{"name":"read_memory","arguments":{"memoryType":"snesMemory","
[10:24:59.883] [mcp] <- {"jsonrpc":"2.0","id":1433,"method":"tools/call","params":{"name":"read_memory","arguments":{"memoryType":"snesMemory","
[10:24:59.883] [mcp] <- {"jsonrpc":"2.0","id":1434,"method":"tools/call","params":{"name":"read_memory","arguments":{"memoryType":"snesMemory","
[10:24:59.884] [mcp] <- {"jsonrpc":"2.0","id":1435,"method":"tools/call","params":{"name":"read_memory","arguments":{"memoryType":"snesMemory","
[10:24:59.884] [mcp] <- {"jsonrpc":"2.0","id":1436,"method":"tools/call","params":{"name":"read_memory","arguments":{"memoryType":"snesMemory","
[10:24:59.884] [mcp] <- {"jsonrpc":"2.0","id":1437,"method":"tools/call","params":{"name":"read_memory","arguments":{"memoryType":"snesMemory","
[10:24:59.885] [mcp] <- {"jsonrpc":"2.0","id":1438,"method":"tools/call","params":{"name":"resume","arguments":{}}}
[10:24:59.885] [mcp] <- {"jsonrpc":"2.0","id":1439,"method":"tools/call","params":{"name":"run_frames","arguments":{"count":1}}}
[10:24:59.905] [mcp] <- {"jsonrpc":"2.0","id":1440,"method":"tools/call","params":{"name":"read_memory","arguments":{"memoryType":"snesMemory","
[10:24:59.906] [mcp] <- {"jsonrpc":"2.0","id":1441,"method":"tools/call","params":{"name":"read_memory","arguments":{"memoryType":"snesMemory","
[10:24:59.906] [mcp] <- {"jsonrpc":"2.0","id":1442,"method":"tools/call","params":{"name":"read_memory","arguments":{"memoryType":"snesMemory","
[10:24:59.906] [mcp] <- {"jsonrpc":"2.0","id":1443,"method":"tools/call","params":{"name":"read_memory","arguments":{"memoryType":"snesMemory","
[10:24:59.907] [mcp] <- {"jsonrpc":"2.0","id":1444,"method":"tools/call","params":{"name":"read_memory","arguments":{"memoryType":"snesMemory","
[10:24:59.907] [mcp] <- {"jsonrpc":"2.0","id":1445,"method":"tools/call","params":{"name":"read_memory","arguments":{"memoryType":"snesMemory","
[10:24:59.907] [mcp] <- {"jsonrpc":"2.0","id":1446,"method":"tools/call","params":{"name":"read_memory","arguments":{"memoryType":"snesMemory","
[10:24:59.907] [mcp] <- {"jsonrpc":"2.0","id":1447,"method":"tools/call","params":{"name":"read_memory","arguments":{"memoryType":"snesMemory","
[10:24:59.908] [mcp] <- {"jsonrpc":"2.0","id":1448,"method":"tools/call","params":{"name":"read_memory","arguments":{"memoryType":"snesMemory","
[10:24:59.908] [mcp] <- {"jsonrpc":"2.0","id":1449,"method":"tools/call","params":{"name":"read_memory","arguments":{"memoryType":"snesMemory","
[10:24:59.908] [mcp] <- {"jsonrpc":"2.0","id":1450,"method":"tools/call","params":{"name":"read_memory","arguments":{"memoryType":"snesMemory","
[10:24:59.909] [mcp] <- {"jsonrpc":"2.0","id":1451,"method":"tools/call","params":{"name":"read_memory","arguments":{"memoryType":"snesMemory","
[10:24:59.909] [mcp] <- {"jsonrpc":"2.0","id":1452,"method":"tools/call","params":{"name":"read_memory","arguments":{"memoryType":"snesMemory","
[10:24:59.909] [mcp] <- {"jsonrpc":"2.0","id":1453,"method":"tools/call","params":{"name":"read_memory","arguments":{"memoryType":"snesMemory","
[10:24:59.910] [mcp] <- {"jsonrpc":"2.0","id":1454,"method":"tools/call","params":{"name":"resume","arguments":{}}}
[10:24:59.910] [mcp] <- {"jsonrpc":"2.0","id":1455,"method":"tools/call","params":{"name":"run_frames","arguments":{"count":1}}}
[10:24:59.930] [mcp] <- {"jsonrpc":"2.0","id":1456,"method":"tools/call","params":{"name":"read_memory","arguments":{"memoryType":"snesMemory","
[10:24:59.931] [mcp] <- {"jsonrpc":"2.0","id":1457,"method":"tools/call","params":{"name":"read_memory","arguments":{"memoryType":"snesMemory","
[10:24:59.931] [mcp] <- {"jsonrpc":"2.0","id":1458,"method":"tools/call","params":{"name":"read_memory","arguments":{"memoryType":"snesMemory","
[10:24:59.931] [mcp] <- {"jsonrpc":"2.0","id":1459,"method":"tools/call","params":{"name":"read_memory","arguments":{"memoryType":"snesMemory","
[10:24:59.932] [mcp] <- {"jsonrpc":"2.0","id":1460,"method":"tools/call","params":{"name":"read_memory","arguments":{"memoryType":"snesMemory","
[10:24:59.932] [mcp] <- {"jsonrpc":"2.0","id":1461,"method":"tools/call","params":{"name":"read_memory","arguments":{"memoryType":"snesMemory","
[10:24:59.932] [mcp] <- {"jsonrpc":"2.0","id":1462,"method":"tools/call","params":{"name":"read_memory","arguments":{"memoryType":"snesMemory","
[10:24:59.933] [mcp] <- {"jsonrpc":"2.0","id":1463,"method":"tools/call","params":{"name":"read_memory","arguments":{"memoryType":"snesMemory","
[10:24:59.933] [mcp] <- {"jsonrpc":"2.0","id":1464,"method":"tools/call","params":{"name":"read_memory","arguments":{"memoryType":"snesMemory","
[10:24:59.933] [mcp] <- {"jsonrpc":"2.0","id":1465,"method":"tools/call","params":{"name":"read_memory","arguments":{"memoryType":"snesMemory","
[10:24:59.933] [mcp] <- {"jsonrpc":"2.0","id":1466,"method":"tools/call","params":{"name":"read_memory","arguments":{"memoryType":"snesMemory","
[10:24:59.934] [mcp] <- {"jsonrpc":"2.0","id":1467,"method":"tools/call","params":{"name":"read_memory","arguments":{"memoryType":"snesMemory","
[10:24:59.934] [mcp] <- {"jsonrpc":"2.0","id":1468,"method":"tools/call","params":{"name":"read_memory","arguments":{"memoryType":"snesMemory","
[10:24:59.934] [mcp] <- {"jsonrpc":"2.0","id":1469,"method":"tools/call","params":{"name":"read_memory","arguments":{"memoryType":"snesMemory","
[10:24:59.935] [mcp] <- {"jsonrpc":"2.0","id":1470,"method":"tools/call","params":{"name":"resume","arguments":{}}}
[10:24:59.935] [mcp] <- {"jsonrpc":"2.0","id":1471,"method":"tools/call","params":{"name":"run_frames","arguments":{"count":1}}}
[10:24:59.975] [mcp] <- {"jsonrpc":"2.0","id":1472,"method":"tools/call","params":{"name":"read_memory","arguments":{"memoryType":"snesMemory","
[10:24:59.975] [mcp] <- {"jsonrpc":"2.0","id":1473,"method":"tools/call","params":{"name":"read_memory","arguments":{"memoryType":"snesMemory","
[10:24:59.975] [mcp] <- {"jsonrpc":"2.0","id":1474,"method":"tools/call","params":{"name":"read_memory","arguments":{"memoryType":"snesMemory","
[10:24:59.976] [mcp] <- {"jsonrpc":"2.0","id":1475,"method":"tools/call","params":{"name":"read_memory","arguments":{"memoryType":"snesMemory","
[10:24:59.976] [mcp] <- {"jsonrpc":"2.0","id":1476,"method":"tools/call","params":{"name":"read_memory","arguments":{"memoryType":"snesMemory","
[10:24:59.976] [mcp] <- {"jsonrpc":"2.0","id":1477,"method":"tools/call","params":{"name":"read_memory","arguments":{"memoryType":"snesMemory","
[10:24:59.976] [mcp] <- {"jsonrpc":"2.0","id":1478,"method":"tools/call","params":{"name":"read_memory","arguments":{"memoryType":"snesMemory","
[10:24:59.977] [mcp] <- {"jsonrpc":"2.0","id":1479,"method":"tools/call","params":{"name":"read_memory","arguments":{"memoryType":"snesMemory","
[10:24:59.977] [mcp] <- {"jsonrpc":"2.0","id":1480,"method":"tools/call","params":{"name":"read_memory","arguments":{"memoryType":"snesMemory","
[10:24:59.977] [mcp] <- {"jsonrpc":"2.0","id":1481,"method":"tools/call","params":{"name":"read_memory","arguments":{"memoryType":"snesMemory","
[10:24:59.978] [mcp] <- {"jsonrpc":"2.0","id":1482,"method":"tools/call","params":{"name":"read_memory","arguments":{"memoryType":"snesMemory","
[10:24:59.978] [mcp] <- {"jsonrpc":"2.0","id":1483,"method":"tools/call","params":{"name":"read_memory","arguments":{"memoryType":"snesMemory","
[10:24:59.978] [mcp] <- {"jsonrpc":"2.0","id":1484,"method":"tools/call","params":{"name":"read_memory","arguments":{"memoryType":"snesMemory","
[10:24:59.979] [mcp] <- {"jsonrpc":"2.0","id":1485,"method":"tools/call","params":{"name":"read_memory","arguments":{"memoryType":"snesMemory","
[10:24:59.979] [mcp] <- {"jsonrpc":"2.0","id":1486,"method":"tools/call","params":{"name":"resume","arguments":{}}}
[10:24:59.979] [mcp] <- {"jsonrpc":"2.0","id":1487,"method":"tools/call","params":{"name":"run_frames","arguments":{"count":1}}}
[10:25:00.007] [mcp] <- {"jsonrpc":"2.0","id":1488,"method":"tools/call","params":{"name":"read_memory","arguments":{"memoryType":"snesMemory","
[10:25:00.007] [mcp] <- {"jsonrpc":"2.0","id":1489,"method":"tools/call","params":{"name":"read_memory","arguments":{"memoryType":"snesMemory","
[10:25:00.008] [mcp] <- {"jsonrpc":"2.0","id":1490,"method":"tools/call","params":{"name":"read_memory","arguments":{"memoryType":"snesMemory","
[10:25:00.008] [mcp] <- {"jsonrpc":"2.0","id":1491,"method":"tools/call","params":{"name":"read_memory","arguments":{"memoryType":"snesMemory","
[10:25:00.008] [mcp] <- {"jsonrpc":"2.0","id":1492,"method":"tools/call","params":{"name":"read_memory","arguments":{"memoryType":"snesMemory","
[10:25:00.009] [mcp] <- {"jsonrpc":"2.0","id":1493,"method":"tools/call","params":{"name":"read_memory","arguments":{"memoryType":"snesMemory","
[10:25:00.009] [mcp] <- {"jsonrpc":"2.0","id":1494,"method":"tools/call","params":{"name":"read_memory","arguments":{"memoryType":"snesMemory","
[10:25:00.009] [mcp] <- {"jsonrpc":"2.0","id":1495,"method":"tools/call","params":{"name":"read_memory","arguments":{"memoryType":"snesMemory","
[10:25:00.009] [mcp] <- {"jsonrpc":"2.0","id":1496,"method":"tools/call","params":{"name":"read_memory","arguments":{"memoryType":"snesMemory","
[10:25:00.010] [mcp] <- {"jsonrpc":"2.0","id":1497,"method":"tools/call","params":{"name":"read_memory","arguments":{"memoryType":"snesMemory","
[10:25:00.010] [mcp] <- {"jsonrpc":"2.0","id":1498,"method":"tools/call","params":{"name":"read_memory","arguments":{"memoryType":"snesMemory","
[10:25:00.010] [mcp] <- {"jsonrpc":"2.0","id":1499,"method":"tools/call","params":{"name":"read_memory","arguments":{"memoryType":"snesMemory","
[10:25:00.011] [mcp] <- {"jsonrpc":"2.0","id":1500,"method":"tools/call","params":{"name":"read_memory","arguments":{"memoryType":"snesMemory","
[10:25:00.011] [mcp] <- {"jsonrpc":"2.0","id":1501,"method":"tools/call","params":{"name":"read_memory","arguments":{"memoryType":"snesMemory","
[10:25:00.011] [mcp] <- {"jsonrpc":"2.0","id":1502,"method":"tools/call","params":{"name":"resume","arguments":{}}}
[10:25:00.012] [mcp] <- {"jsonrpc":"2.0","id":1503,"method":"tools/call","params":{"name":"run_frames","arguments":{"count":1}}}
[10:25:00.043] [mcp] <- {"jsonrpc":"2.0","id":1504,"method":"tools/call","params":{"name":"read_memory","arguments":{"memoryType":"snesMemory","
[10:25:00.043] [mcp] <- {"jsonrpc":"2.0","id":1505,"method":"tools/call","params":{"name":"read_memory","arguments":{"memoryType":"snesMemory","
[10:25:00.043] [mcp] <- {"jsonrpc":"2.0","id":1506,"method":"tools/call","params":{"name":"read_memory","arguments":{"memoryType":"snesMemory","
[10:25:00.044] [mcp] <- {"jsonrpc":"2.0","id":1507,"method":"tools/call","params":{"name":"read_memory","arguments":{"memoryType":"snesMemory","
[10:25:00.044] [mcp] <- {"jsonrpc":"2.0","id":1508,"method":"tools/call","params":{"name":"read_memory","arguments":{"memoryType":"snesMemory","
[10:25:00.044] [mcp] <- {"jsonrpc":"2.0","id":1509,"method":"tools/call","params":{"name":"read_memory","arguments":{"memoryType":"snesMemory","
[10:25:00.045] [mcp] <- {"jsonrpc":"2.0","id":1510,"method":"tools/call","params":{"name":"read_memory","arguments":{"memoryType":"snesMemory","
[10:25:00.045] [mcp] <- {"jsonrpc":"2.0","id":1511,"method":"tools/call","params":{"name":"read_memory","arguments":{"memoryType":"snesMemory","
[10:25:00.045] [mcp] <- {"jsonrpc":"2.0","id":1512,"method":"tools/call","params":{"name":"read_memory","arguments":{"memoryType":"snesMemory","
[10:25:00.046] [mcp] <- {"jsonrpc":"2.0","id":1513,"method":"tools/call","params":{"name":"read_memory","arguments":{"memoryType":"snesMemory","
[10:25:00.046] [mcp] <- {"jsonrpc":"2.0","id":1514,"method":"tools/call","params":{"name":"read_memory","arguments":{"memoryType":"snesMemory","
[10:25:00.046] [mcp] <- {"jsonrpc":"2.0","id":1515,"method":"tools/call","params":{"name":"read_memory","arguments":{"memoryType":"snesMemory","
[10:25:00.047] [mcp] <- {"jsonrpc":"2.0","id":1516,"method":"tools/call","params":{"name":"read_memory","arguments":{"memoryType":"snesMemory","
[10:25:00.047] [mcp] <- {"jsonrpc":"2.0","id":1517,"method":"tools/call","params":{"name":"read_memory","arguments":{"memoryType":"snesMemory","
[10:25:00.047] [mcp] <- {"jsonrpc":"2.0","id":1518,"method":"tools/call","params":{"name":"resume","arguments":{}}}
[10:25:00.047] [mcp] <- {"jsonrpc":"2.0","id":1519,"method":"tools/call","params":{"name":"run_frames","arguments":{"count":1}}}
[10:25:00.067] [mcp] <- {"jsonrpc":"2.0","id":1520,"method":"tools/call","params":{"name":"read_memory","arguments":{"memoryType":"snesMemory","
[10:25:00.068] [mcp] <- {"jsonrpc":"2.0","id":1521,"method":"tools/call","params":{"name":"read_memory","arguments":{"memoryType":"snesMemory","
[10:25:00.068] [mcp] <- {"jsonrpc":"2.0","id":1522,"method":"tools/call","params":{"name":"read_memory","arguments":{"memoryType":"snesMemory","
[10:25:00.068] [mcp] <- {"jsonrpc":"2.0","id":1523,"method":"tools/call","params":{"name":"read_memory","arguments":{"memoryType":"snesMemory","
[10:25:00.069] [mcp] <- {"jsonrpc":"2.0","id":1524,"method":"tools/call","params":{"name":"read_memory","arguments":{"memoryType":"snesMemory","
[10:25:00.069] [mcp] <- {"jsonrpc":"2.0","id":1525,"method":"tools/call","params":{"name":"read_memory","arguments":{"memoryType":"snesMemory","
[10:25:00.069] [mcp] <- {"jsonrpc":"2.0","id":1526,"method":"tools/call","params":{"name":"read_memory","arguments":{"memoryType":"snesMemory","
[10:25:00.070] [mcp] <- {"jsonrpc":"2.0","id":1527,"method":"tools/call","params":{"name":"read_memory","arguments":{"memoryType":"snesMemory","
[10:25:00.070] [mcp] <- {"jsonrpc":"2.0","id":1528,"method":"tools/call","params":{"name":"read_memory","arguments":{"memoryType":"snesMemory","
[10:25:00.070] [mcp] <- {"jsonrpc":"2.0","id":1529,"method":"tools/call","params":{"name":"read_memory","arguments":{"memoryType":"snesMemory","
[10:25:00.071] [mcp] <- {"jsonrpc":"2.0","id":1530,"method":"tools/call","params":{"name":"read_memory","arguments":{"memoryType":"snesMemory","
[10:25:00.071] [mcp] <- {"jsonrpc":"2.0","id":1531,"method":"tools/call","params":{"name":"read_memory","arguments":{"memoryType":"snesMemory","
[10:25:00.071] [mcp] <- {"jsonrpc":"2.0","id":1532,"method":"tools/call","params":{"name":"read_memory","arguments":{"memoryType":"snesMemory","
[10:25:00.072] [mcp] <- {"jsonrpc":"2.0","id":1533,"method":"tools/call","params":{"name":"read_memory","arguments":{"memoryType":"snesMemory","
[10:25:00.072] [mcp] <- {"jsonrpc":"2.0","id":1534,"method":"tools/call","params":{"name":"resume","arguments":{}}}
[10:25:00.072] [mcp] <- {"jsonrpc":"2.0","id":1535,"method":"tools/call","params":{"name":"run_frames","arguments":{"count":1}}}
[10:25:00.092] [mcp] <- {"jsonrpc":"2.0","id":1536,"method":"tools/call","params":{"name":"read_memory","arguments":{"memoryType":"snesMemory","
[10:25:00.093] [mcp] <- {"jsonrpc":"2.0","id":1537,"method":"tools/call","params":{"name":"read_memory","arguments":{"memoryType":"snesMemory","
[10:25:00.093] [mcp] <- {"jsonrpc":"2.0","id":1538,"method":"tools/call","params":{"name":"read_memory","arguments":{"memoryType":"snesMemory","
[10:25:00.094] [mcp] <- {"jsonrpc":"2.0","id":1539,"method":"tools/call","params":{"name":"read_memory","arguments":{"memoryType":"snesMemory","
[10:25:00.094] [mcp] <- {"jsonrpc":"2.0","id":1540,"method":"tools/call","params":{"name":"read_memory","arguments":{"memoryType":"snesMemory","
[10:25:00.094] [mcp] <- {"jsonrpc":"2.0","id":1541,"method":"tools/call","params":{"name":"read_memory","arguments":{"memoryType":"snesMemory","
[10:25:00.094] [mcp] <- {"jsonrpc":"2.0","id":1542,"method":"tools/call","params":{"name":"read_memory","arguments":{"memoryType":"snesMemory","
[10:25:00.095] [mcp] <- {"jsonrpc":"2.0","id":1543,"method":"tools/call","params":{"name":"read_memory","arguments":{"memoryType":"snesMemory","
[10:25:00.095] [mcp] <- {"jsonrpc":"2.0","id":1544,"method":"tools/call","params":{"name":"read_memory","arguments":{"memoryType":"snesMemory","
[10:25:00.095] [mcp] <- {"jsonrpc":"2.0","id":1545,"method":"tools/call","params":{"name":"read_memory","arguments":{"memoryType":"snesMemory","
[10:25:00.096] [mcp] <- {"jsonrpc":"2.0","id":1546,"method":"tools/call","params":{"name":"read_memory","arguments":{"memoryType":"snesMemory","
[10:25:00.096] [mcp] <- {"jsonrpc":"2.0","id":1547,"method":"tools/call","params":{"name":"read_memory","arguments":{"memoryType":"snesMemory","
[10:25:00.096] [mcp] <- {"jsonrpc":"2.0","id":1548,"method":"tools/call","params":{"name":"read_memory","arguments":{"memoryType":"snesMemory","
[10:25:00.097] [mcp] <- {"jsonrpc":"2.0","id":1549,"method":"tools/call","params":{"name":"read_memory","arguments":{"memoryType":"snesMemory","
[10:25:00.097] [mcp] <- {"jsonrpc":"2.0","id":1550,"method":"tools/call","params":{"name":"resume","arguments":{}}}
[10:25:00.097] [mcp] <- {"jsonrpc":"2.0","id":1551,"method":"tools/call","params":{"name":"run_frames","arguments":{"count":1}}}
[10:25:00.118] [mcp] <- {"jsonrpc":"2.0","id":1552,"method":"tools/call","params":{"name":"read_memory","arguments":{"memoryType":"snesMemory","
[10:25:00.118] [mcp] <- {"jsonrpc":"2.0","id":1553,"method":"tools/call","params":{"name":"read_memory","arguments":{"memoryType":"snesMemory","
[10:25:00.118] [mcp] <- {"jsonrpc":"2.0","id":1554,"method":"tools/call","params":{"name":"read_memory","arguments":{"memoryType":"snesMemory","
[10:25:00.119] [mcp] <- {"jsonrpc":"2.0","id":1555,"method":"tools/call","params":{"name":"read_memory","arguments":{"memoryType":"snesMemory","
[10:25:00.119] [mcp] <- {"jsonrpc":"2.0","id":1556,"method":"tools/call","params":{"name":"read_memory","arguments":{"memoryType":"snesMemory","
[10:25:00.119] [mcp] <- {"jsonrpc":"2.0","id":1557,"method":"tools/call","params":{"name":"read_memory","arguments":{"memoryType":"snesMemory","
[10:25:00.120] [mcp] <- {"jsonrpc":"2.0","id":1558,"method":"tools/call","params":{"name":"read_memory","arguments":{"memoryType":"snesMemory","
[10:25:00.120] [mcp] <- {"jsonrpc":"2.0","id":1559,"method":"tools/call","params":{"name":"read_memory","arguments":{"memoryType":"snesMemory","
[10:25:00.120] [mcp] <- {"jsonrpc":"2.0","id":1560,"method":"tools/call","params":{"name":"read_memory","arguments":{"memoryType":"snesMemory","
[10:25:00.121] [mcp] <- {"jsonrpc":"2.0","id":1561,"method":"tools/call","params":{"name":"read_memory","arguments":{"memoryType":"snesMemory","
[10:25:00.121] [mcp] <- {"jsonrpc":"2.0","id":1562,"method":"tools/call","params":{"name":"read_memory","arguments":{"memoryType":"snesMemory","
[10:25:00.121] [mcp] <- {"jsonrpc":"2.0","id":1563,"method":"tools/call","params":{"name":"read_memory","arguments":{"memoryType":"snesMemory","
[10:25:00.122] [mcp] <- {"jsonrpc":"2.0","id":1564,"method":"tools/call","params":{"name":"read_memory","arguments":{"memoryType":"snesMemory","
[10:25:00.122] [mcp] <- {"jsonrpc":"2.0","id":1565,"method":"tools/call","params":{"name":"read_memory","arguments":{"memoryType":"snesMemory","
[10:25:00.122] [mcp] <- {"jsonrpc":"2.0","id":1566,"method":"tools/call","params":{"name":"resume","arguments":{}}}
[10:25:00.122] [mcp] <- {"jsonrpc":"2.0","id":1567,"method":"tools/call","params":{"name":"run_frames","arguments":{"count":1}}}
[10:25:00.146] [mcp] <- {"jsonrpc":"2.0","id":1568,"method":"tools/call","params":{"name":"read_memory","arguments":{"memoryType":"snesMemory","
[10:25:00.146] [mcp] <- {"jsonrpc":"2.0","id":1569,"method":"tools/call","params":{"name":"read_memory","arguments":{"memoryType":"snesMemory","
[10:25:00.146] [mcp] <- {"jsonrpc":"2.0","id":1570,"method":"tools/call","params":{"name":"read_memory","arguments":{"memoryType":"snesMemory","
[10:25:00.147] [mcp] <- {"jsonrpc":"2.0","id":1571,"method":"tools/call","params":{"name":"read_memory","arguments":{"memoryType":"snesMemory","
[10:25:00.147] [mcp] <- {"jsonrpc":"2.0","id":1572,"method":"tools/call","params":{"name":"read_memory","arguments":{"memoryType":"snesMemory","
[10:25:00.147] [mcp] <- {"jsonrpc":"2.0","id":1573,"method":"tools/call","params":{"name":"read_memory","arguments":{"memoryType":"snesMemory","
[10:25:00.148] [mcp] <- {"jsonrpc":"2.0","id":1574,"method":"tools/call","params":{"name":"read_memory","arguments":{"memoryType":"snesMemory","
[10:25:00.148] [mcp] <- {"jsonrpc":"2.0","id":1575,"method":"tools/call","params":{"name":"read_memory","arguments":{"memoryType":"snesMemory","
[10:25:00.148] [mcp] <- {"jsonrpc":"2.0","id":1576,"method":"tools/call","params":{"name":"read_memory","arguments":{"memoryType":"snesMemory","
[10:25:00.149] [mcp] <- {"jsonrpc":"2.0","id":1577,"method":"tools/call","params":{"name":"read_memory","arguments":{"memoryType":"snesMemory","
[10:25:00.149] [mcp] <- {"jsonrpc":"2.0","id":1578,"method":"tools/call","params":{"name":"read_memory","arguments":{"memoryType":"snesMemory","
[10:25:00.149] [mcp] <- {"jsonrpc":"2.0","id":1579,"method":"tools/call","params":{"name":"read_memory","arguments":{"memoryType":"snesMemory","
[10:25:00.150] [mcp] <- {"jsonrpc":"2.0","id":1580,"method":"tools/call","params":{"name":"read_memory","arguments":{"memoryType":"snesMemory","
[10:25:00.150] [mcp] <- {"jsonrpc":"2.0","id":1581,"method":"tools/call","params":{"name":"read_memory","arguments":{"memoryType":"snesMemory","
[10:25:00.150] [mcp] <- {"jsonrpc":"2.0","id":1582,"method":"tools/call","params":{"name":"resume","arguments":{}}}
[10:25:00.150] [mcp] <- {"jsonrpc":"2.0","id":1583,"method":"tools/call","params":{"name":"run_frames","arguments":{"count":1}}}
[10:25:00.171] [mcp] <- {"jsonrpc":"2.0","id":1584,"method":"tools/call","params":{"name":"read_memory","arguments":{"memoryType":"snesMemory","
[10:25:00.171] [mcp] <- {"jsonrpc":"2.0","id":1585,"method":"tools/call","params":{"name":"read_memory","arguments":{"memoryType":"snesMemory","
[10:25:00.172] [mcp] <- {"jsonrpc":"2.0","id":1586,"method":"tools/call","params":{"name":"read_memory","arguments":{"memoryType":"snesMemory","
[10:25:00.172] [mcp] <- {"jsonrpc":"2.0","id":1587,"method":"tools/call","params":{"name":"read_memory","arguments":{"memoryType":"snesMemory","
[10:25:00.172] [mcp] <- {"jsonrpc":"2.0","id":1588,"method":"tools/call","params":{"name":"read_memory","arguments":{"memoryType":"snesMemory","
[10:25:00.173] [mcp] <- {"jsonrpc":"2.0","id":1589,"method":"tools/call","params":{"name":"read_memory","arguments":{"memoryType":"snesMemory","
[10:25:00.173] [mcp] <- {"jsonrpc":"2.0","id":1590,"method":"tools/call","params":{"name":"read_memory","arguments":{"memoryType":"snesMemory","
[10:25:00.173] [mcp] <- {"jsonrpc":"2.0","id":1591,"method":"tools/call","params":{"name":"read_memory","arguments":{"memoryType":"snesMemory","
[10:25:00.174] [mcp] <- {"jsonrpc":"2.0","id":1592,"method":"tools/call","params":{"name":"read_memory","arguments":{"memoryType":"snesMemory","
[10:25:00.174] [mcp] <- {"jsonrpc":"2.0","id":1593,"method":"tools/call","params":{"name":"read_memory","arguments":{"memoryType":"snesMemory","
[10:25:00.174] [mcp] <- {"jsonrpc":"2.0","id":1594,"method":"tools/call","params":{"name":"read_memory","arguments":{"memoryType":"snesMemory","
[10:25:00.174] [mcp] <- {"jsonrpc":"2.0","id":1595,"method":"tools/call","params":{"name":"read_memory","arguments":{"memoryType":"snesMemory","
[10:25:00.175] [mcp] <- {"jsonrpc":"2.0","id":1596,"method":"tools/call","params":{"name":"read_memory","arguments":{"memoryType":"snesMemory","
[10:25:00.175] [mcp] <- {"jsonrpc":"2.0","id":1597,"method":"tools/call","params":{"name":"read_memory","arguments":{"memoryType":"snesMemory","
[10:25:00.175] [mcp] <- {"jsonrpc":"2.0","id":1598,"method":"tools/call","params":{"name":"resume","arguments":{}}}
[10:25:00.176] [mcp] <- {"jsonrpc":"2.0","id":1599,"method":"tools/call","params":{"name":"run_frames","arguments":{"count":1}}}
[10:25:00.212] [mcp] <- {"jsonrpc":"2.0","id":1600,"method":"tools/call","params":{"name":"read_memory","arguments":{"memoryType":"snesMemory","
[10:25:00.212] [mcp] <- {"jsonrpc":"2.0","id":1601,"method":"tools/call","params":{"name":"read_memory","arguments":{"memoryType":"snesMemory","
[10:25:00.212] [mcp] <- {"jsonrpc":"2.0","id":1602,"method":"tools/call","params":{"name":"read_memory","arguments":{"memoryType":"snesMemory","
[10:25:00.213] [mcp] <- {"jsonrpc":"2.0","id":1603,"method":"tools/call","params":{"name":"read_memory","arguments":{"memoryType":"snesMemory","
[10:25:00.213] [mcp] <- {"jsonrpc":"2.0","id":1604,"method":"tools/call","params":{"name":"read_memory","arguments":{"memoryType":"snesMemory","
[10:25:00.213] [mcp] <- {"jsonrpc":"2.0","id":1605,"method":"tools/call","params":{"name":"read_memory","arguments":{"memoryType":"snesMemory","
[10:25:00.214] [mcp] <- {"jsonrpc":"2.0","id":1606,"method":"tools/call","params":{"name":"read_memory","arguments":{"memoryType":"snesMemory","
[10:25:00.214] [mcp] <- {"jsonrpc":"2.0","id":1607,"method":"tools/call","params":{"name":"read_memory","arguments":{"memoryType":"snesMemory","
[10:25:00.214] [mcp] <- {"jsonrpc":"2.0","id":1608,"method":"tools/call","params":{"name":"read_memory","arguments":{"memoryType":"snesMemory","
[10:25:00.214] [mcp] <- {"jsonrpc":"2.0","id":1609,"method":"tools/call","params":{"name":"read_memory","arguments":{"memoryType":"snesMemory","
[10:25:00.215] [mcp] <- {"jsonrpc":"2.0","id":1610,"method":"tools/call","params":{"name":"read_memory","arguments":{"memoryType":"snesMemory","
[10:25:00.215] [mcp] <- {"jsonrpc":"2.0","id":1611,"method":"tools/call","params":{"name":"read_memory","arguments":{"memoryType":"snesMemory","
[10:25:00.215] [mcp] <- {"jsonrpc":"2.0","id":1612,"method":"tools/call","params":{"name":"read_memory","arguments":{"memoryType":"snesMemory","
[10:25:00.216] [mcp] <- {"jsonrpc":"2.0","id":1613,"method":"tools/call","params":{"name":"read_memory","arguments":{"memoryType":"snesMemory","
[10:25:00.216] [mcp] <- {"jsonrpc":"2.0","id":1614,"method":"tools/call","params":{"name":"resume","arguments":{}}}
[10:25:00.216] [mcp] <- {"jsonrpc":"2.0","id":1615,"method":"tools/call","params":{"name":"run_frames","arguments":{"count":1}}}
[10:25:00.250] [mcp] <- {"jsonrpc":"2.0","id":1616,"method":"tools/call","params":{"name":"read_memory","arguments":{"memoryType":"snesMemory","
[10:25:00.250] [mcp] <- {"jsonrpc":"2.0","id":1617,"method":"tools/call","params":{"name":"read_memory","arguments":{"memoryType":"snesMemory","
[10:25:00.250] [mcp] <- {"jsonrpc":"2.0","id":1618,"method":"tools/call","params":{"name":"read_memory","arguments":{"memoryType":"snesMemory","
[10:25:00.251] [mcp] <- {"jsonrpc":"2.0","id":1619,"method":"tools/call","params":{"name":"read_memory","arguments":{"memoryType":"snesMemory","
[10:25:00.251] [mcp] <- {"jsonrpc":"2.0","id":1620,"method":"tools/call","params":{"name":"read_memory","arguments":{"memoryType":"snesMemory","
[10:25:00.251] [mcp] <- {"jsonrpc":"2.0","id":1621,"method":"tools/call","params":{"name":"read_memory","arguments":{"memoryType":"snesMemory","
[10:25:00.252] [mcp] <- {"jsonrpc":"2.0","id":1622,"method":"tools/call","params":{"name":"read_memory","arguments":{"memoryType":"snesMemory","
[10:25:00.252] [mcp] <- {"jsonrpc":"2.0","id":1623,"method":"tools/call","params":{"name":"read_memory","arguments":{"memoryType":"snesMemory","
[10:25:00.252] [mcp] <- {"jsonrpc":"2.0","id":1624,"method":"tools/call","params":{"name":"read_memory","arguments":{"memoryType":"snesMemory","
[10:25:00.253] [mcp] <- {"jsonrpc":"2.0","id":1625,"method":"tools/call","params":{"name":"read_memory","arguments":{"memoryType":"snesMemory","
[10:25:00.253] [mcp] <- {"jsonrpc":"2.0","id":1626,"method":"tools/call","params":{"name":"read_memory","arguments":{"memoryType":"snesMemory","
[10:25:00.253] [mcp] <- {"jsonrpc":"2.0","id":1627,"method":"tools/call","params":{"name":"read_memory","arguments":{"memoryType":"snesMemory","
[10:25:00.253] [mcp] <- {"jsonrpc":"2.0","id":1628,"method":"tools/call","params":{"name":"read_memory","arguments":{"memoryType":"snesMemory","
[10:25:00.254] [mcp] <- {"jsonrpc":"2.0","id":1629,"method":"tools/call","params":{"name":"read_memory","arguments":{"memoryType":"snesMemory","
[10:25:00.254] [mcp] <- {"jsonrpc":"2.0","id":1630,"method":"tools/call","params":{"name":"resume","arguments":{}}}
[10:25:00.254] [mcp] <- {"jsonrpc":"2.0","id":1631,"method":"tools/call","params":{"name":"run_frames","arguments":{"count":1}}}
[10:25:00.284] [mcp] <- {"jsonrpc":"2.0","id":1632,"method":"tools/call","params":{"name":"read_memory","arguments":{"memoryType":"snesMemory","
[10:25:00.285] [mcp] <- {"jsonrpc":"2.0","id":1633,"method":"tools/call","params":{"name":"read_memory","arguments":{"memoryType":"snesMemory","
[10:25:00.285] [mcp] <- {"jsonrpc":"2.0","id":1634,"method":"tools/call","params":{"name":"read_memory","arguments":{"memoryType":"snesMemory","
[10:25:00.285] [mcp] <- {"jsonrpc":"2.0","id":1635,"method":"tools/call","params":{"name":"read_memory","arguments":{"memoryType":"snesMemory","
[10:25:00.286] [mcp] <- {"jsonrpc":"2.0","id":1636,"method":"tools/call","params":{"name":"read_memory","arguments":{"memoryType":"snesMemory","
[10:25:00.286] [mcp] <- {"jsonrpc":"2.0","id":1637,"method":"tools/call","params":{"name":"read_memory","arguments":{"memoryType":"snesMemory","
[10:25:00.286] [mcp] <- {"jsonrpc":"2.0","id":1638,"method":"tools/call","params":{"name":"read_memory","arguments":{"memoryType":"snesMemory","
[10:25:00.287] [mcp] <- {"jsonrpc":"2.0","id":1639,"method":"tools/call","params":{"name":"read_memory","arguments":{"memoryType":"snesMemory","
[10:25:00.287] [mcp] <- {"jsonrpc":"2.0","id":1640,"method":"tools/call","params":{"name":"read_memory","arguments":{"memoryType":"snesMemory","
[10:25:00.287] [mcp] <- {"jsonrpc":"2.0","id":1641,"method":"tools/call","params":{"name":"read_memory","arguments":{"memoryType":"snesMemory","
[10:25:00.288] [mcp] <- {"jsonrpc":"2.0","id":1642,"method":"tools/call","params":{"name":"read_memory","arguments":{"memoryType":"snesMemory","
[10:25:00.288] [mcp] <- {"jsonrpc":"2.0","id":1643,"method":"tools/call","params":{"name":"read_memory","arguments":{"memoryType":"snesMemory","
[10:25:00.288] [mcp] <- {"jsonrpc":"2.0","id":1644,"method":"tools/call","params":{"name":"read_memory","arguments":{"memoryType":"snesMemory","
[10:25:00.289] [mcp] <- {"jsonrpc":"2.0","id":1645,"method":"tools/call","params":{"name":"read_memory","arguments":{"memoryType":"snesMemory","
[10:25:00.289] [mcp] <- {"jsonrpc":"2.0","id":1646,"method":"tools/call","params":{"name":"resume","arguments":{}}}
[10:25:00.289] [mcp] <- {"jsonrpc":"2.0","id":1647,"method":"tools/call","params":{"name":"run_frames","arguments":{"count":1}}}
[10:25:00.309] [mcp] <- {"jsonrpc":"2.0","id":1648,"method":"tools/call","params":{"name":"read_memory","arguments":{"memoryType":"snesMemory","
[10:25:00.309] [mcp] <- {"jsonrpc":"2.0","id":1649,"method":"tools/call","params":{"name":"read_memory","arguments":{"memoryType":"snesMemory","
[10:25:00.309] [mcp] <- {"jsonrpc":"2.0","id":1650,"method":"tools/call","params":{"name":"read_memory","arguments":{"memoryType":"snesMemory","
[10:25:00.310] [mcp] <- {"jsonrpc":"2.0","id":1651,"method":"tools/call","params":{"name":"read_memory","arguments":{"memoryType":"snesMemory","
[10:25:00.310] [mcp] <- {"jsonrpc":"2.0","id":1652,"method":"tools/call","params":{"name":"read_memory","arguments":{"memoryType":"snesMemory","
[10:25:00.310] [mcp] <- {"jsonrpc":"2.0","id":1653,"method":"tools/call","params":{"name":"read_memory","arguments":{"memoryType":"snesMemory","
[10:25:00.311] [mcp] <- {"jsonrpc":"2.0","id":1654,"method":"tools/call","params":{"name":"read_memory","arguments":{"memoryType":"snesMemory","
[10:25:00.311] [mcp] <- {"jsonrpc":"2.0","id":1655,"method":"tools/call","params":{"name":"read_memory","arguments":{"memoryType":"snesMemory","
[10:25:00.311] [mcp] <- {"jsonrpc":"2.0","id":1656,"method":"tools/call","params":{"name":"read_memory","arguments":{"memoryType":"snesMemory","
[10:25:00.312] [mcp] <- {"jsonrpc":"2.0","id":1657,"method":"tools/call","params":{"name":"read_memory","arguments":{"memoryType":"snesMemory","
[10:25:00.312] [mcp] <- {"jsonrpc":"2.0","id":1658,"method":"tools/call","params":{"name":"read_memory","arguments":{"memoryType":"snesMemory","
[10:25:00.312] [mcp] <- {"jsonrpc":"2.0","id":1659,"method":"tools/call","params":{"name":"read_memory","arguments":{"memoryType":"snesMemory","
[10:25:00.313] [mcp] <- {"jsonrpc":"2.0","id":1660,"method":"tools/call","params":{"name":"read_memory","arguments":{"memoryType":"snesMemory","
[10:25:00.313] [mcp] <- {"jsonrpc":"2.0","id":1661,"method":"tools/call","params":{"name":"read_memory","arguments":{"memoryType":"snesMemory","
[10:25:00.313] [mcp] <- {"jsonrpc":"2.0","id":1662,"method":"tools/call","params":{"name":"resume","arguments":{}}}
[10:25:00.313] [mcp] <- {"jsonrpc":"2.0","id":1663,"method":"tools/call","params":{"name":"run_frames","arguments":{"count":1}}}
[10:25:00.334] [mcp] <- {"jsonrpc":"2.0","id":1664,"method":"tools/call","params":{"name":"read_memory","arguments":{"memoryType":"snesMemory","
[10:25:00.334] [mcp] <- {"jsonrpc":"2.0","id":1665,"method":"tools/call","params":{"name":"read_memory","arguments":{"memoryType":"snesMemory","
[10:25:00.335] [mcp] <- {"jsonrpc":"2.0","id":1666,"method":"tools/call","params":{"name":"read_memory","arguments":{"memoryType":"snesMemory","
[10:25:00.335] [mcp] <- {"jsonrpc":"2.0","id":1667,"method":"tools/call","params":{"name":"read_memory","arguments":{"memoryType":"snesMemory","
[10:25:00.335] [mcp] <- {"jsonrpc":"2.0","id":1668,"method":"tools/call","params":{"name":"read_memory","arguments":{"memoryType":"snesMemory","
[10:25:00.336] [mcp] <- {"jsonrpc":"2.0","id":1669,"method":"tools/call","params":{"name":"read_memory","arguments":{"memoryType":"snesMemory","
[10:25:00.336] [mcp] <- {"jsonrpc":"2.0","id":1670,"method":"tools/call","params":{"name":"read_memory","arguments":{"memoryType":"snesMemory","
[10:25:00.336] [mcp] <- {"jsonrpc":"2.0","id":1671,"method":"tools/call","params":{"name":"read_memory","arguments":{"memoryType":"snesMemory","
[10:25:00.337] [mcp] <- {"jsonrpc":"2.0","id":1672,"method":"tools/call","params":{"name":"read_memory","arguments":{"memoryType":"snesMemory","
[10:25:00.337] [mcp] <- {"jsonrpc":"2.0","id":1673,"method":"tools/call","params":{"name":"read_memory","arguments":{"memoryType":"snesMemory","
[10:25:00.337] [mcp] <- {"jsonrpc":"2.0","id":1674,"method":"tools/call","params":{"name":"read_memory","arguments":{"memoryType":"snesMemory","
[10:25:00.338] [mcp] <- {"jsonrpc":"2.0","id":1675,"method":"tools/call","params":{"name":"read_memory","arguments":{"memoryType":"snesMemory","
[10:25:00.338] [mcp] <- {"jsonrpc":"2.0","id":1676,"method":"tools/call","params":{"name":"read_memory","arguments":{"memoryType":"snesMemory","
[10:25:00.338] [mcp] <- {"jsonrpc":"2.0","id":1677,"method":"tools/call","params":{"name":"read_memory","arguments":{"memoryType":"snesMemory","
[10:25:00.339] [mcp] <- {"jsonrpc":"2.0","id":1678,"method":"tools/call","params":{"name":"resume","arguments":{}}}
[10:25:00.339] [mcp] <- {"jsonrpc":"2.0","id":1679,"method":"tools/call","params":{"name":"run_frames","arguments":{"count":1}}}
[10:25:00.358] [mcp] <- {"jsonrpc":"2.0","id":1680,"method":"tools/call","params":{"name":"read_memory","arguments":{"memoryType":"snesMemory","
[10:25:00.358] [mcp] <- {"jsonrpc":"2.0","id":1681,"method":"tools/call","params":{"name":"read_memory","arguments":{"memoryType":"snesMemory","
[10:25:00.358] [mcp] <- {"jsonrpc":"2.0","id":1682,"method":"tools/call","params":{"name":"read_memory","arguments":{"memoryType":"snesMemory","
[10:25:00.359] [mcp] <- {"jsonrpc":"2.0","id":1683,"method":"tools/call","params":{"name":"read_memory","arguments":{"memoryType":"snesMemory","
[10:25:00.361] [mcp] <- {"jsonrpc":"2.0","id":1684,"method":"tools/call","params":{"name":"read_memory","arguments":{"memoryType":"snesMemory","
[10:25:00.361] [mcp] <- {"jsonrpc":"2.0","id":1685,"method":"tools/call","params":{"name":"read_memory","arguments":{"memoryType":"snesMemory","
[10:25:00.362] [mcp] <- {"jsonrpc":"2.0","id":1686,"method":"tools/call","params":{"name":"read_memory","arguments":{"memoryType":"snesMemory","
[10:25:00.362] [mcp] <- {"jsonrpc":"2.0","id":1687,"method":"tools/call","params":{"name":"read_memory","arguments":{"memoryType":"snesMemory","
[10:25:00.362] [mcp] <- {"jsonrpc":"2.0","id":1688,"method":"tools/call","params":{"name":"read_memory","arguments":{"memoryType":"snesMemory","
[10:25:00.362] [mcp] <- {"jsonrpc":"2.0","id":1689,"method":"tools/call","params":{"name":"read_memory","arguments":{"memoryType":"snesMemory","
[10:25:00.362] [mcp] <- {"jsonrpc":"2.0","id":1690,"method":"tools/call","params":{"name":"read_memory","arguments":{"memoryType":"snesMemory","
[10:25:00.363] [mcp] <- {"jsonrpc":"2.0","id":1691,"method":"tools/call","params":{"name":"read_memory","arguments":{"memoryType":"snesMemory","
[10:25:00.363] [mcp] <- {"jsonrpc":"2.0","id":1692,"method":"tools/call","params":{"name":"read_memory","arguments":{"memoryType":"snesMemory","
[10:25:00.363] [mcp] <- {"jsonrpc":"2.0","id":1693,"method":"tools/call","params":{"name":"read_memory","arguments":{"memoryType":"snesMemory","
[10:25:00.363] [mcp] <- {"jsonrpc":"2.0","id":1694,"method":"tools/call","params":{"name":"resume","arguments":{}}}
[10:25:00.363] [mcp] <- {"jsonrpc":"2.0","id":1695,"method":"tools/call","params":{"name":"run_frames","arguments":{"count":1}}}
[10:25:00.382] [mcp] <- {"jsonrpc":"2.0","id":1696,"method":"tools/call","params":{"name":"read_memory","arguments":{"memoryType":"snesMemory","
[10:25:00.383] [mcp] <- {"jsonrpc":"2.0","id":1697,"method":"tools/call","params":{"name":"read_memory","arguments":{"memoryType":"snesMemory","
[10:25:00.383] [mcp] <- {"jsonrpc":"2.0","id":1698,"method":"tools/call","params":{"name":"read_memory","arguments":{"memoryType":"snesMemory","
[10:25:00.383] [mcp] <- {"jsonrpc":"2.0","id":1699,"method":"tools/call","params":{"name":"read_memory","arguments":{"memoryType":"snesMemory","
[10:25:00.383] [mcp] <- {"jsonrpc":"2.0","id":1700,"method":"tools/call","params":{"name":"read_memory","arguments":{"memoryType":"snesMemory","
[10:25:00.383] [mcp] <- {"jsonrpc":"2.0","id":1701,"method":"tools/call","params":{"name":"read_memory","arguments":{"memoryType":"snesMemory","
[10:25:00.384] [mcp] <- {"jsonrpc":"2.0","id":1702,"method":"tools/call","params":{"name":"read_memory","arguments":{"memoryType":"snesMemory","
[10:25:00.384] [mcp] <- {"jsonrpc":"2.0","id":1703,"method":"tools/call","params":{"name":"read_memory","arguments":{"memoryType":"snesMemory","
[10:25:00.384] [mcp] <- {"jsonrpc":"2.0","id":1704,"method":"tools/call","params":{"name":"read_memory","arguments":{"memoryType":"snesMemory","
[10:25:00.384] [mcp] <- {"jsonrpc":"2.0","id":1705,"method":"tools/call","params":{"name":"read_memory","arguments":{"memoryType":"snesMemory","
[10:25:00.385] [mcp] <- {"jsonrpc":"2.0","id":1706,"method":"tools/call","params":{"name":"read_memory","arguments":{"memoryType":"snesMemory","
[10:25:00.385] [mcp] <- {"jsonrpc":"2.0","id":1707,"method":"tools/call","params":{"name":"read_memory","arguments":{"memoryType":"snesMemory","
[10:25:00.385] [mcp] <- {"jsonrpc":"2.0","id":1708,"method":"tools/call","params":{"name":"read_memory","arguments":{"memoryType":"snesMemory","
[10:25:00.385] [mcp] <- {"jsonrpc":"2.0","id":1709,"method":"tools/call","params":{"name":"read_memory","arguments":{"memoryType":"snesMemory","
[10:25:00.385] [mcp] <- {"jsonrpc":"2.0","id":1710,"method":"tools/call","params":{"name":"resume","arguments":{}}}
[10:25:00.386] [mcp] <- {"jsonrpc":"2.0","id":1711,"method":"tools/call","params":{"name":"run_frames","arguments":{"count":1}}}
[10:25:00.409] [mcp] <- {"jsonrpc":"2.0","id":1712,"method":"tools/call","params":{"name":"read_memory","arguments":{"memoryType":"snesMemory","
[10:25:00.409] [mcp] <- {"jsonrpc":"2.0","id":1713,"method":"tools/call","params":{"name":"read_memory","arguments":{"memoryType":"snesMemory","
[10:25:00.410] [mcp] <- {"jsonrpc":"2.0","id":1714,"method":"tools/call","params":{"name":"read_memory","arguments":{"memoryType":"snesMemory","
[10:25:00.410] [mcp] <- {"jsonrpc":"2.0","id":1715,"method":"tools/call","params":{"name":"read_memory","arguments":{"memoryType":"snesMemory","
[10:25:00.410] [mcp] <- {"jsonrpc":"2.0","id":1716,"method":"tools/call","params":{"name":"read_memory","arguments":{"memoryType":"snesMemory","
[10:25:00.410] [mcp] <- {"jsonrpc":"2.0","id":1717,"method":"tools/call","params":{"name":"read_memory","arguments":{"memoryType":"snesMemory","
[10:25:00.410] [mcp] <- {"jsonrpc":"2.0","id":1718,"method":"tools/call","params":{"name":"read_memory","arguments":{"memoryType":"snesMemory","
[10:25:00.411] [mcp] <- {"jsonrpc":"2.0","id":1719,"method":"tools/call","params":{"name":"read_memory","arguments":{"memoryType":"snesMemory","
[10:25:00.411] [mcp] <- {"jsonrpc":"2.0","id":1720,"method":"tools/call","params":{"name":"read_memory","arguments":{"memoryType":"snesMemory","
[10:25:00.411] [mcp] <- {"jsonrpc":"2.0","id":1721,"method":"tools/call","params":{"name":"read_memory","arguments":{"memoryType":"snesMemory","
[10:25:00.411] [mcp] <- {"jsonrpc":"2.0","id":1722,"method":"tools/call","params":{"name":"read_memory","arguments":{"memoryType":"snesMemory","
[10:25:00.411] [mcp] <- {"jsonrpc":"2.0","id":1723,"method":"tools/call","params":{"name":"read_memory","arguments":{"memoryType":"snesMemory","
[10:25:00.412] [mcp] <- {"jsonrpc":"2.0","id":1724,"method":"tools/call","params":{"name":"read_memory","arguments":{"memoryType":"snesMemory","
[10:25:00.412] [mcp] <- {"jsonrpc":"2.0","id":1725,"method":"tools/call","params":{"name":"read_memory","arguments":{"memoryType":"snesMemory","
[10:25:00.412] [mcp] <- {"jsonrpc":"2.0","id":1726,"method":"tools/call","params":{"name":"resume","arguments":{}}}
[10:25:00.412] [mcp] <- {"jsonrpc":"2.0","id":1727,"method":"tools/call","params":{"name":"run_frames","arguments":{"count":1}}}
[10:25:00.450] [mcp] <- {"jsonrpc":"2.0","id":1728,"method":"tools/call","params":{"name":"read_memory","arguments":{"memoryType":"snesMemory","
[10:25:00.450] [mcp] <- {"jsonrpc":"2.0","id":1729,"method":"tools/call","params":{"name":"read_memory","arguments":{"memoryType":"snesMemory","
[10:25:00.450] [mcp] <- {"jsonrpc":"2.0","id":1730,"method":"tools/call","params":{"name":"read_memory","arguments":{"memoryType":"snesMemory","
[10:25:00.451] [mcp] <- {"jsonrpc":"2.0","id":1731,"method":"tools/call","params":{"name":"read_memory","arguments":{"memoryType":"snesMemory","
[10:25:00.451] [mcp] <- {"jsonrpc":"2.0","id":1732,"method":"tools/call","params":{"name":"read_memory","arguments":{"memoryType":"snesMemory","
[10:25:00.451] [mcp] <- {"jsonrpc":"2.0","id":1733,"method":"tools/call","params":{"name":"read_memory","arguments":{"memoryType":"snesMemory","
[10:25:00.451] [mcp] <- {"jsonrpc":"2.0","id":1734,"method":"tools/call","params":{"name":"read_memory","arguments":{"memoryType":"snesMemory","
[10:25:00.451] [mcp] <- {"jsonrpc":"2.0","id":1735,"method":"tools/call","params":{"name":"read_memory","arguments":{"memoryType":"snesMemory","
[10:25:00.452] [mcp] <- {"jsonrpc":"2.0","id":1736,"method":"tools/call","params":{"name":"read_memory","arguments":{"memoryType":"snesMemory","
[10:25:00.452] [mcp] <- {"jsonrpc":"2.0","id":1737,"method":"tools/call","params":{"name":"read_memory","arguments":{"memoryType":"snesMemory","
[10:25:00.452] [mcp] <- {"jsonrpc":"2.0","id":1738,"method":"tools/call","params":{"name":"read_memory","arguments":{"memoryType":"snesMemory","
[10:25:00.452] [mcp] <- {"jsonrpc":"2.0","id":1739,"method":"tools/call","params":{"name":"read_memory","arguments":{"memoryType":"snesMemory","
[10:25:00.452] [mcp] <- {"jsonrpc":"2.0","id":1740,"method":"tools/call","params":{"name":"read_memory","arguments":{"memoryType":"snesMemory","
[10:25:00.452] [mcp] <- {"jsonrpc":"2.0","id":1741,"method":"tools/call","params":{"name":"read_memory","arguments":{"memoryType":"snesMemory","
[10:25:00.453] [mcp] <- {"jsonrpc":"2.0","id":1742,"method":"tools/call","params":{"name":"resume","arguments":{}}}
[10:25:00.453] [mcp] <- {"jsonrpc":"2.0","id":1743,"method":"tools/call","params":{"name":"run_frames","arguments":{"count":1}}}
[10:25:00.482] [mcp] <- {"jsonrpc":"2.0","id":1744,"method":"tools/call","params":{"name":"read_memory","arguments":{"memoryType":"snesMemory","
[10:25:00.482] [mcp] <- {"jsonrpc":"2.0","id":1745,"method":"tools/call","params":{"name":"read_memory","arguments":{"memoryType":"snesMemory","
[10:25:00.483] [mcp] <- {"jsonrpc":"2.0","id":1746,"method":"tools/call","params":{"name":"read_memory","arguments":{"memoryType":"snesMemory","
[10:25:00.483] [mcp] <- {"jsonrpc":"2.0","id":1747,"method":"tools/call","params":{"name":"read_memory","arguments":{"memoryType":"snesMemory","
[10:25:00.483] [mcp] <- {"jsonrpc":"2.0","id":1748,"method":"tools/call","params":{"name":"read_memory","arguments":{"memoryType":"snesMemory","
[10:25:00.483] [mcp] <- {"jsonrpc":"2.0","id":1749,"method":"tools/call","params":{"name":"read_memory","arguments":{"memoryType":"snesMemory","
[10:25:00.484] [mcp] <- {"jsonrpc":"2.0","id":1750,"method":"tools/call","params":{"name":"read_memory","arguments":{"memoryType":"snesMemory","
[10:25:00.484] [mcp] <- {"jsonrpc":"2.0","id":1751,"method":"tools/call","params":{"name":"read_memory","arguments":{"memoryType":"snesMemory","
[10:25:00.484] [mcp] <- {"jsonrpc":"2.0","id":1752,"method":"tools/call","params":{"name":"read_memory","arguments":{"memoryType":"snesMemory","
[10:25:00.484] [mcp] <- {"jsonrpc":"2.0","id":1753,"method":"tools/call","params":{"name":"read_memory","arguments":{"memoryType":"snesMemory","
[10:25:00.484] [mcp] <- {"jsonrpc":"2.0","id":1754,"method":"tools/call","params":{"name":"read_memory","arguments":{"memoryType":"snesMemory","
[10:25:00.485] [mcp] <- {"jsonrpc":"2.0","id":1755,"method":"tools/call","params":{"name":"read_memory","arguments":{"memoryType":"snesMemory","
[10:25:00.485] [mcp] <- {"jsonrpc":"2.0","id":1756,"method":"tools/call","params":{"name":"read_memory","arguments":{"memoryType":"snesMemory","
[10:25:00.485] [mcp] <- {"jsonrpc":"2.0","id":1757,"method":"tools/call","params":{"name":"read_memory","arguments":{"memoryType":"snesMemory","
[10:25:00.485] [mcp] <- {"jsonrpc":"2.0","id":1758,"method":"tools/call","params":{"name":"resume","arguments":{}}}
[10:25:00.486] [mcp] <- {"jsonrpc":"2.0","id":1759,"method":"tools/call","params":{"name":"run_frames","arguments":{"count":1}}}
[10:25:00.512] [mcp] <- {"jsonrpc":"2.0","id":1760,"method":"tools/call","params":{"name":"read_memory","arguments":{"memoryType":"snesMemory","
[10:25:00.512] [mcp] <- {"jsonrpc":"2.0","id":1761,"method":"tools/call","params":{"name":"read_memory","arguments":{"memoryType":"snesMemory","
[10:25:00.513] [mcp] <- {"jsonrpc":"2.0","id":1762,"method":"tools/call","params":{"name":"read_memory","arguments":{"memoryType":"snesMemory","
[10:25:00.513] [mcp] <- {"jsonrpc":"2.0","id":1763,"method":"tools/call","params":{"name":"read_memory","arguments":{"memoryType":"snesMemory","
[10:25:00.513] [mcp] <- {"jsonrpc":"2.0","id":1764,"method":"tools/call","params":{"name":"read_memory","arguments":{"memoryType":"snesMemory","
[10:25:00.513] [mcp] <- {"jsonrpc":"2.0","id":1765,"method":"tools/call","params":{"name":"read_memory","arguments":{"memoryType":"snesMemory","
[10:25:00.513] [mcp] <- {"jsonrpc":"2.0","id":1766,"method":"tools/call","params":{"name":"read_memory","arguments":{"memoryType":"snesMemory","
[10:25:00.514] [mcp] <- {"jsonrpc":"2.0","id":1767,"method":"tools/call","params":{"name":"read_memory","arguments":{"memoryType":"snesMemory","
[10:25:00.514] [mcp] <- {"jsonrpc":"2.0","id":1768,"method":"tools/call","params":{"name":"read_memory","arguments":{"memoryType":"snesMemory","
[10:25:00.514] [mcp] <- {"jsonrpc":"2.0","id":1769,"method":"tools/call","params":{"name":"read_memory","arguments":{"memoryType":"snesMemory","
[10:25:00.514] [mcp] <- {"jsonrpc":"2.0","id":1770,"method":"tools/call","params":{"name":"read_memory","arguments":{"memoryType":"snesMemory","
[10:25:00.514] [mcp] <- {"jsonrpc":"2.0","id":1771,"method":"tools/call","params":{"name":"read_memory","arguments":{"memoryType":"snesMemory","
[10:25:00.515] [mcp] <- {"jsonrpc":"2.0","id":1772,"method":"tools/call","params":{"name":"read_memory","arguments":{"memoryType":"snesMemory","
[10:25:00.515] [mcp] <- {"jsonrpc":"2.0","id":1773,"method":"tools/call","params":{"name":"read_memory","arguments":{"memoryType":"snesMemory","
[10:25:00.515] [mcp] <- {"jsonrpc":"2.0","id":1774,"method":"tools/call","params":{"name":"resume","arguments":{}}}
[10:25:00.515] [mcp] <- {"jsonrpc":"2.0","id":1775,"method":"tools/call","params":{"name":"run_frames","arguments":{"count":1}}}
[10:25:00.537] [mcp] <- {"jsonrpc":"2.0","id":1776,"method":"tools/call","params":{"name":"read_memory","arguments":{"memoryType":"snesMemory","
[10:25:00.537] [mcp] <- {"jsonrpc":"2.0","id":1777,"method":"tools/call","params":{"name":"read_memory","arguments":{"memoryType":"snesMemory","
[10:25:00.537] [mcp] <- {"jsonrpc":"2.0","id":1778,"method":"tools/call","params":{"name":"read_memory","arguments":{"memoryType":"snesMemory","
[10:25:00.537] [mcp] <- {"jsonrpc":"2.0","id":1779,"method":"tools/call","params":{"name":"read_memory","arguments":{"memoryType":"snesMemory","
[10:25:00.538] [mcp] <- {"jsonrpc":"2.0","id":1780,"method":"tools/call","params":{"name":"read_memory","arguments":{"memoryType":"snesMemory","
[10:25:00.538] [mcp] <- {"jsonrpc":"2.0","id":1781,"method":"tools/call","params":{"name":"read_memory","arguments":{"memoryType":"snesMemory","
[10:25:00.538] [mcp] <- {"jsonrpc":"2.0","id":1782,"method":"tools/call","params":{"name":"read_memory","arguments":{"memoryType":"snesMemory","
[10:25:00.538] [mcp] <- {"jsonrpc":"2.0","id":1783,"method":"tools/call","params":{"name":"read_memory","arguments":{"memoryType":"snesMemory","
[10:25:00.538] [mcp] <- {"jsonrpc":"2.0","id":1784,"method":"tools/call","params":{"name":"read_memory","arguments":{"memoryType":"snesMemory","
[10:25:00.539] [mcp] <- {"jsonrpc":"2.0","id":1785,"method":"tools/call","params":{"name":"read_memory","arguments":{"memoryType":"snesMemory","
[10:25:00.539] [mcp] <- {"jsonrpc":"2.0","id":1786,"method":"tools/call","params":{"name":"read_memory","arguments":{"memoryType":"snesMemory","
[10:25:00.539] [mcp] <- {"jsonrpc":"2.0","id":1787,"method":"tools/call","params":{"name":"read_memory","arguments":{"memoryType":"snesMemory","
[10:25:00.539] [mcp] <- {"jsonrpc":"2.0","id":1788,"method":"tools/call","params":{"name":"read_memory","arguments":{"memoryType":"snesMemory","
[10:25:00.539] [mcp] <- {"jsonrpc":"2.0","id":1789,"method":"tools/call","params":{"name":"read_memory","arguments":{"memoryType":"snesMemory","
[10:25:00.540] [mcp] <- {"jsonrpc":"2.0","id":1790,"method":"tools/call","params":{"name":"resume","arguments":{}}}
[10:25:00.540] [mcp] <- {"jsonrpc":"2.0","id":1791,"method":"tools/call","params":{"name":"run_frames","arguments":{"count":1}}}
[10:25:00.561] [mcp] <- {"jsonrpc":"2.0","id":1792,"method":"tools/call","params":{"name":"read_memory","arguments":{"memoryType":"snesMemory","
[10:25:00.561] [mcp] <- {"jsonrpc":"2.0","id":1793,"method":"tools/call","params":{"name":"read_memory","arguments":{"memoryType":"snesMemory","
[10:25:00.561] [mcp] <- {"jsonrpc":"2.0","id":1794,"method":"tools/call","params":{"name":"read_memory","arguments":{"memoryType":"snesMemory","
[10:25:00.562] [mcp] <- {"jsonrpc":"2.0","id":1795,"method":"tools/call","params":{"name":"read_memory","arguments":{"memoryType":"snesMemory","
[10:25:00.562] [mcp] <- {"jsonrpc":"2.0","id":1796,"method":"tools/call","params":{"name":"read_memory","arguments":{"memoryType":"snesMemory","
[10:25:00.562] [mcp] <- {"jsonrpc":"2.0","id":1797,"method":"tools/call","params":{"name":"read_memory","arguments":{"memoryType":"snesMemory","
[10:25:00.562] [mcp] <- {"jsonrpc":"2.0","id":1798,"method":"tools/call","params":{"name":"read_memory","arguments":{"memoryType":"snesMemory","
[10:25:00.562] [mcp] <- {"jsonrpc":"2.0","id":1799,"method":"tools/call","params":{"name":"read_memory","arguments":{"memoryType":"snesMemory","
[10:25:00.563] [mcp] <- {"jsonrpc":"2.0","id":1800,"method":"tools/call","params":{"name":"read_memory","arguments":{"memoryType":"snesMemory","
[10:25:00.563] [mcp] <- {"jsonrpc":"2.0","id":1801,"method":"tools/call","params":{"name":"read_memory","arguments":{"memoryType":"snesMemory","
[10:25:00.563] [mcp] <- {"jsonrpc":"2.0","id":1802,"method":"tools/call","params":{"name":"read_memory","arguments":{"memoryType":"snesMemory","
[10:25:00.563] [mcp] <- {"jsonrpc":"2.0","id":1803,"method":"tools/call","params":{"name":"read_memory","arguments":{"memoryType":"snesMemory","
[10:25:00.563] [mcp] <- {"jsonrpc":"2.0","id":1804,"method":"tools/call","params":{"name":"read_memory","arguments":{"memoryType":"snesMemory","
[10:25:00.564] [mcp] <- {"jsonrpc":"2.0","id":1805,"method":"tools/call","params":{"name":"read_memory","arguments":{"memoryType":"snesMemory","
[10:25:00.564] [mcp] <- {"jsonrpc":"2.0","id":1806,"method":"tools/call","params":{"name":"resume","arguments":{}}}
[10:25:00.564] [mcp] <- {"jsonrpc":"2.0","id":1807,"method":"tools/call","params":{"name":"run_frames","arguments":{"count":1}}}
[10:25:00.584] [mcp] <- {"jsonrpc":"2.0","id":1808,"method":"tools/call","params":{"name":"read_memory","arguments":{"memoryType":"snesMemory","
[10:25:00.584] [mcp] <- {"jsonrpc":"2.0","id":1809,"method":"tools/call","params":{"name":"read_memory","arguments":{"memoryType":"snesMemory","
[10:25:00.585] [mcp] <- {"jsonrpc":"2.0","id":1810,"method":"tools/call","params":{"name":"read_memory","arguments":{"memoryType":"snesMemory","
[10:25:00.585] [mcp] <- {"jsonrpc":"2.0","id":1811,"method":"tools/call","params":{"name":"read_memory","arguments":{"memoryType":"snesMemory","
[10:25:00.585] [mcp] <- {"jsonrpc":"2.0","id":1812,"method":"tools/call","params":{"name":"read_memory","arguments":{"memoryType":"snesMemory","
[10:25:00.585] [mcp] <- {"jsonrpc":"2.0","id":1813,"method":"tools/call","params":{"name":"read_memory","arguments":{"memoryType":"snesMemory","
[10:25:00.585] [mcp] <- {"jsonrpc":"2.0","id":1814,"method":"tools/call","params":{"name":"read_memory","arguments":{"memoryType":"snesMemory","
[10:25:00.586] [mcp] <- {"jsonrpc":"2.0","id":1815,"method":"tools/call","params":{"name":"read_memory","arguments":{"memoryType":"snesMemory","
[10:25:00.586] [mcp] <- {"jsonrpc":"2.0","id":1816,"method":"tools/call","params":{"name":"read_memory","arguments":{"memoryType":"snesMemory","
[10:25:00.586] [mcp] <- {"jsonrpc":"2.0","id":1817,"method":"tools/call","params":{"name":"read_memory","arguments":{"memoryType":"snesMemory","
[10:25:00.586] [mcp] <- {"jsonrpc":"2.0","id":1818,"method":"tools/call","params":{"name":"read_memory","arguments":{"memoryType":"snesMemory","
[10:25:00.586] [mcp] <- {"jsonrpc":"2.0","id":1819,"method":"tools/call","params":{"name":"read_memory","arguments":{"memoryType":"snesMemory","
[10:25:00.587] [mcp] <- {"jsonrpc":"2.0","id":1820,"method":"tools/call","params":{"name":"read_memory","arguments":{"memoryType":"snesMemory","
[10:25:00.587] [mcp] <- {"jsonrpc":"2.0","id":1821,"method":"tools/call","params":{"name":"read_memory","arguments":{"memoryType":"snesMemory","
[10:25:00.587] [mcp] <- {"jsonrpc":"2.0","id":1822,"method":"tools/call","params":{"name":"resume","arguments":{}}}
[10:25:00.587] [mcp] <- {"jsonrpc":"2.0","id":1823,"method":"tools/call","params":{"name":"run_frames","arguments":{"count":1}}}
[10:25:00.608] [mcp] <- {"jsonrpc":"2.0","id":1824,"method":"tools/call","params":{"name":"read_memory","arguments":{"memoryType":"snesMemory","
[10:25:00.608] [mcp] <- {"jsonrpc":"2.0","id":1825,"method":"tools/call","params":{"name":"read_memory","arguments":{"memoryType":"snesMemory","
[10:25:00.608] [mcp] <- {"jsonrpc":"2.0","id":1826,"method":"tools/call","params":{"name":"read_memory","arguments":{"memoryType":"snesMemory","
[10:25:00.609] [mcp] <- {"jsonrpc":"2.0","id":1827,"method":"tools/call","params":{"name":"read_memory","arguments":{"memoryType":"snesMemory","
[10:25:00.609] [mcp] <- {"jsonrpc":"2.0","id":1828,"method":"tools/call","params":{"name":"read_memory","arguments":{"memoryType":"snesMemory","
[10:25:00.609] [mcp] <- {"jsonrpc":"2.0","id":1829,"method":"tools/call","params":{"name":"read_memory","arguments":{"memoryType":"snesMemory","
[10:25:00.609] [mcp] <- {"jsonrpc":"2.0","id":1830,"method":"tools/call","params":{"name":"read_memory","arguments":{"memoryType":"snesMemory","
[10:25:00.609] [mcp] <- {"jsonrpc":"2.0","id":1831,"method":"tools/call","params":{"name":"read_memory","arguments":{"memoryType":"snesMemory","
[10:25:00.610] [mcp] <- {"jsonrpc":"2.0","id":1832,"method":"tools/call","params":{"name":"read_memory","arguments":{"memoryType":"snesMemory","
[10:25:00.610] [mcp] <- {"jsonrpc":"2.0","id":1833,"method":"tools/call","params":{"name":"read_memory","arguments":{"memoryType":"snesMemory","
[10:25:00.610] [mcp] <- {"jsonrpc":"2.0","id":1834,"method":"tools/call","params":{"name":"read_memory","arguments":{"memoryType":"snesMemory","
[10:25:00.610] [mcp] <- {"jsonrpc":"2.0","id":1835,"method":"tools/call","params":{"name":"read_memory","arguments":{"memoryType":"snesMemory","
[10:25:00.610] [mcp] <- {"jsonrpc":"2.0","id":1836,"method":"tools/call","params":{"name":"read_memory","arguments":{"memoryType":"snesMemory","
[10:25:00.611] [mcp] <- {"jsonrpc":"2.0","id":1837,"method":"tools/call","params":{"name":"read_memory","arguments":{"memoryType":"snesMemory","
[10:25:00.611] [mcp] <- {"jsonrpc":"2.0","id":1838,"method":"tools/call","params":{"name":"resume","arguments":{}}}
[10:25:00.611] [mcp] <- {"jsonrpc":"2.0","id":1839,"method":"tools/call","params":{"name":"run_frames","arguments":{"count":1}}}
[10:25:00.632] [mcp] <- {"jsonrpc":"2.0","id":1840,"method":"tools/call","params":{"name":"read_memory","arguments":{"memoryType":"snesMemory","
[10:25:00.633] [mcp] <- {"jsonrpc":"2.0","id":1841,"method":"tools/call","params":{"name":"read_memory","arguments":{"memoryType":"snesMemory","
[10:25:00.633] [mcp] <- {"jsonrpc":"2.0","id":1842,"method":"tools/call","params":{"name":"read_memory","arguments":{"memoryType":"snesMemory","
[10:25:00.633] [mcp] <- {"jsonrpc":"2.0","id":1843,"method":"tools/call","params":{"name":"read_memory","arguments":{"memoryType":"snesMemory","
[10:25:00.633] [mcp] <- {"jsonrpc":"2.0","id":1844,"method":"tools/call","params":{"name":"read_memory","arguments":{"memoryType":"snesMemory","
[10:25:00.634] [mcp] <- {"jsonrpc":"2.0","id":1845,"method":"tools/call","params":{"name":"read_memory","arguments":{"memoryType":"snesMemory","
[10:25:00.634] [mcp] <- {"jsonrpc":"2.0","id":1846,"method":"tools/call","params":{"name":"read_memory","arguments":{"memoryType":"snesMemory","
[10:25:00.634] [mcp] <- {"jsonrpc":"2.0","id":1847,"method":"tools/call","params":{"name":"read_memory","arguments":{"memoryType":"snesMemory","
[10:25:00.634] [mcp] <- {"jsonrpc":"2.0","id":1848,"method":"tools/call","params":{"name":"read_memory","arguments":{"memoryType":"snesMemory","
[10:25:00.634] [mcp] <- {"jsonrpc":"2.0","id":1849,"method":"tools/call","params":{"name":"read_memory","arguments":{"memoryType":"snesMemory","
[10:25:00.635] [mcp] <- {"jsonrpc":"2.0","id":1850,"method":"tools/call","params":{"name":"read_memory","arguments":{"memoryType":"snesMemory","
[10:25:00.635] [mcp] <- {"jsonrpc":"2.0","id":1851,"method":"tools/call","params":{"name":"read_memory","arguments":{"memoryType":"snesMemory","
[10:25:00.635] [mcp] <- {"jsonrpc":"2.0","id":1852,"method":"tools/call","params":{"name":"read_memory","arguments":{"memoryType":"snesMemory","
[10:25:00.635] [mcp] <- {"jsonrpc":"2.0","id":1853,"method":"tools/call","params":{"name":"read_memory","arguments":{"memoryType":"snesMemory","
[10:25:00.635] [mcp] <- {"jsonrpc":"2.0","id":1854,"method":"tools/call","params":{"name":"resume","arguments":{}}}
[10:25:00.636] [mcp] <- {"jsonrpc":"2.0","id":1855,"method":"tools/call","params":{"name":"run_frames","arguments":{"count":1}}}
[10:25:00.657] [mcp] <- {"jsonrpc":"2.0","id":1856,"method":"tools/call","params":{"name":"read_memory","arguments":{"memoryType":"snesMemory","
[10:25:00.657] [mcp] <- {"jsonrpc":"2.0","id":1857,"method":"tools/call","params":{"name":"read_memory","arguments":{"memoryType":"snesMemory","
[10:25:00.657] [mcp] <- {"jsonrpc":"2.0","id":1858,"method":"tools/call","params":{"name":"read_memory","arguments":{"memoryType":"snesMemory","
[10:25:00.657] [mcp] <- {"jsonrpc":"2.0","id":1859,"method":"tools/call","params":{"name":"read_memory","arguments":{"memoryType":"snesMemory","
[10:25:00.658] [mcp] <- {"jsonrpc":"2.0","id":1860,"method":"tools/call","params":{"name":"read_memory","arguments":{"memoryType":"snesMemory","
[10:25:00.658] [mcp] <- {"jsonrpc":"2.0","id":1861,"method":"tools/call","params":{"name":"read_memory","arguments":{"memoryType":"snesMemory","
[10:25:00.658] [mcp] <- {"jsonrpc":"2.0","id":1862,"method":"tools/call","params":{"name":"read_memory","arguments":{"memoryType":"snesMemory","
[10:25:00.658] [mcp] <- {"jsonrpc":"2.0","id":1863,"method":"tools/call","params":{"name":"read_memory","arguments":{"memoryType":"snesMemory","
[10:25:00.658] [mcp] <- {"jsonrpc":"2.0","id":1864,"method":"tools/call","params":{"name":"read_memory","arguments":{"memoryType":"snesMemory","
[10:25:00.659] [mcp] <- {"jsonrpc":"2.0","id":1865,"method":"tools/call","params":{"name":"read_memory","arguments":{"memoryType":"snesMemory","
[10:25:00.659] [mcp] <- {"jsonrpc":"2.0","id":1866,"method":"tools/call","params":{"name":"read_memory","arguments":{"memoryType":"snesMemory","
[10:25:00.659] [mcp] <- {"jsonrpc":"2.0","id":1867,"method":"tools/call","params":{"name":"read_memory","arguments":{"memoryType":"snesMemory","
[10:25:00.659] [mcp] <- {"jsonrpc":"2.0","id":1868,"method":"tools/call","params":{"name":"read_memory","arguments":{"memoryType":"snesMemory","
[10:25:00.659] [mcp] <- {"jsonrpc":"2.0","id":1869,"method":"tools/call","params":{"name":"read_memory","arguments":{"memoryType":"snesMemory","
[10:25:00.660] [mcp] <- {"jsonrpc":"2.0","id":1870,"method":"tools/call","params":{"name":"resume","arguments":{}}}
[10:25:00.660] [mcp] <- {"jsonrpc":"2.0","id":1871,"method":"tools/call","params":{"name":"run_frames","arguments":{"count":1}}}
[10:25:00.681] [mcp] <- {"jsonrpc":"2.0","id":1872,"method":"tools/call","params":{"name":"read_memory","arguments":{"memoryType":"snesMemory","
[10:25:00.681] [mcp] <- {"jsonrpc":"2.0","id":1873,"method":"tools/call","params":{"name":"read_memory","arguments":{"memoryType":"snesMemory","
[10:25:00.682] [mcp] <- {"jsonrpc":"2.0","id":1874,"method":"tools/call","params":{"name":"read_memory","arguments":{"memoryType":"snesMemory","
[10:25:00.682] [mcp] <- {"jsonrpc":"2.0","id":1875,"method":"tools/call","params":{"name":"read_memory","arguments":{"memoryType":"snesMemory","
[10:25:00.682] [mcp] <- {"jsonrpc":"2.0","id":1876,"method":"tools/call","params":{"name":"read_memory","arguments":{"memoryType":"snesMemory","
[10:25:00.682] [mcp] <- {"jsonrpc":"2.0","id":1877,"method":"tools/call","params":{"name":"read_memory","arguments":{"memoryType":"snesMemory","
[10:25:00.683] [mcp] <- {"jsonrpc":"2.0","id":1878,"method":"tools/call","params":{"name":"read_memory","arguments":{"memoryType":"snesMemory","
[10:25:00.683] [mcp] <- {"jsonrpc":"2.0","id":1879,"method":"tools/call","params":{"name":"read_memory","arguments":{"memoryType":"snesMemory","
[10:25:00.683] [mcp] <- {"jsonrpc":"2.0","id":1880,"method":"tools/call","params":{"name":"read_memory","arguments":{"memoryType":"snesMemory","
[10:25:00.683] [mcp] <- {"jsonrpc":"2.0","id":1881,"method":"tools/call","params":{"name":"read_memory","arguments":{"memoryType":"snesMemory","
[10:25:00.683] [mcp] <- {"jsonrpc":"2.0","id":1882,"method":"tools/call","params":{"name":"read_memory","arguments":{"memoryType":"snesMemory","
[10:25:00.684] [mcp] <- {"jsonrpc":"2.0","id":1883,"method":"tools/call","params":{"name":"read_memory","arguments":{"memoryType":"snesMemory","
[10:25:00.684] [mcp] <- {"jsonrpc":"2.0","id":1884,"method":"tools/call","params":{"name":"read_memory","arguments":{"memoryType":"snesMemory","
[10:25:00.684] [mcp] <- {"jsonrpc":"2.0","id":1885,"method":"tools/call","params":{"name":"read_memory","arguments":{"memoryType":"snesMemory","
[10:25:00.684] [mcp] <- {"jsonrpc":"2.0","id":1886,"method":"tools/call","params":{"name":"resume","arguments":{}}}
[10:25:00.684] [mcp] <- {"jsonrpc":"2.0","id":1887,"method":"tools/call","params":{"name":"run_frames","arguments":{"count":1}}}
[10:25:00.726] [mcp] <- {"jsonrpc":"2.0","id":1888,"method":"tools/call","params":{"name":"read_memory","arguments":{"memoryType":"snesMemory","
[10:25:00.726] [mcp] <- {"jsonrpc":"2.0","id":1889,"method":"tools/call","params":{"name":"read_memory","arguments":{"memoryType":"snesMemory","
[10:25:00.726] [mcp] <- {"jsonrpc":"2.0","id":1890,"method":"tools/call","params":{"name":"read_memory","arguments":{"memoryType":"snesMemory","
[10:25:00.727] [mcp] <- {"jsonrpc":"2.0","id":1891,"method":"tools/call","params":{"name":"read_memory","arguments":{"memoryType":"snesMemory","
[10:25:00.727] [mcp] <- {"jsonrpc":"2.0","id":1892,"method":"tools/call","params":{"name":"read_memory","arguments":{"memoryType":"snesMemory","
[10:25:00.727] [mcp] <- {"jsonrpc":"2.0","id":1893,"method":"tools/call","params":{"name":"read_memory","arguments":{"memoryType":"snesMemory","
[10:25:00.727] [mcp] <- {"jsonrpc":"2.0","id":1894,"method":"tools/call","params":{"name":"read_memory","arguments":{"memoryType":"snesMemory","
[10:25:00.728] [mcp] <- {"jsonrpc":"2.0","id":1895,"method":"tools/call","params":{"name":"read_memory","arguments":{"memoryType":"snesMemory","
[10:25:00.728] [mcp] <- {"jsonrpc":"2.0","id":1896,"method":"tools/call","params":{"name":"read_memory","arguments":{"memoryType":"snesMemory","
[10:25:00.728] [mcp] <- {"jsonrpc":"2.0","id":1897,"method":"tools/call","params":{"name":"read_memory","arguments":{"memoryType":"snesMemory","
[10:25:00.728] [mcp] <- {"jsonrpc":"2.0","id":1898,"method":"tools/call","params":{"name":"read_memory","arguments":{"memoryType":"snesMemory","
[10:25:00.729] [mcp] <- {"jsonrpc":"2.0","id":1899,"method":"tools/call","params":{"name":"read_memory","arguments":{"memoryType":"snesMemory","
[10:25:00.729] [mcp] <- {"jsonrpc":"2.0","id":1900,"method":"tools/call","params":{"name":"read_memory","arguments":{"memoryType":"snesMemory","
[10:25:00.729] [mcp] <- {"jsonrpc":"2.0","id":1901,"method":"tools/call","params":{"name":"read_memory","arguments":{"memoryType":"snesMemory","
[10:25:00.729] [mcp] <- {"jsonrpc":"2.0","id":1902,"method":"tools/call","params":{"name":"resume","arguments":{}}}
[10:25:00.730] [mcp] <- {"jsonrpc":"2.0","id":1903,"method":"tools/call","params":{"name":"run_frames","arguments":{"count":1}}}
[10:25:00.758] [mcp] <- {"jsonrpc":"2.0","id":1904,"method":"tools/call","params":{"name":"read_memory","arguments":{"memoryType":"snesMemory","
[10:25:00.758] [mcp] <- {"jsonrpc":"2.0","id":1905,"method":"tools/call","params":{"name":"read_memory","arguments":{"memoryType":"snesMemory","
[10:25:00.758] [mcp] <- {"jsonrpc":"2.0","id":1906,"method":"tools/call","params":{"name":"read_memory","arguments":{"memoryType":"snesMemory","
[10:25:00.759] [mcp] <- {"jsonrpc":"2.0","id":1907,"method":"tools/call","params":{"name":"read_memory","arguments":{"memoryType":"snesMemory","
[10:25:00.759] [mcp] <- {"jsonrpc":"2.0","id":1908,"method":"tools/call","params":{"name":"read_memory","arguments":{"memoryType":"snesMemory","
[10:25:00.759] [mcp] <- {"jsonrpc":"2.0","id":1909,"method":"tools/call","params":{"name":"read_memory","arguments":{"memoryType":"snesMemory","
[10:25:00.759] [mcp] <- {"jsonrpc":"2.0","id":1910,"method":"tools/call","params":{"name":"read_memory","arguments":{"memoryType":"snesMemory","
[10:25:00.760] [mcp] <- {"jsonrpc":"2.0","id":1911,"method":"tools/call","params":{"name":"read_memory","arguments":{"memoryType":"snesMemory","
[10:25:00.760] [mcp] <- {"jsonrpc":"2.0","id":1912,"method":"tools/call","params":{"name":"read_memory","arguments":{"memoryType":"snesMemory","
[10:25:00.760] [mcp] <- {"jsonrpc":"2.0","id":1913,"method":"tools/call","params":{"name":"read_memory","arguments":{"memoryType":"snesMemory","
[10:25:00.760] [mcp] <- {"jsonrpc":"2.0","id":1914,"method":"tools/call","params":{"name":"read_memory","arguments":{"memoryType":"snesMemory","
[10:25:00.760] [mcp] <- {"jsonrpc":"2.0","id":1915,"method":"tools/call","params":{"name":"read_memory","arguments":{"memoryType":"snesMemory","
[10:25:00.761] [mcp] <- {"jsonrpc":"2.0","id":1916,"method":"tools/call","params":{"name":"read_memory","arguments":{"memoryType":"snesMemory","
[10:25:00.761] [mcp] <- {"jsonrpc":"2.0","id":1917,"method":"tools/call","params":{"name":"read_memory","arguments":{"memoryType":"snesMemory","
[10:25:00.761] [mcp] <- {"jsonrpc":"2.0","id":1918,"method":"tools/call","params":{"name":"resume","arguments":{}}}
[10:25:00.761] [mcp] <- {"jsonrpc":"2.0","id":1919,"method":"tools/call","params":{"name":"run_frames","arguments":{"count":1}}}
[10:25:00.785] [mcp] <- {"jsonrpc":"2.0","id":1920,"method":"tools/call","params":{"name":"read_memory","arguments":{"memoryType":"snesMemory","
[10:25:00.785] [mcp] <- {"jsonrpc":"2.0","id":1921,"method":"tools/call","params":{"name":"read_memory","arguments":{"memoryType":"snesMemory","
[10:25:00.785] [mcp] <- {"jsonrpc":"2.0","id":1922,"method":"tools/call","params":{"name":"read_memory","arguments":{"memoryType":"snesMemory","
[10:25:00.785] [mcp] <- {"jsonrpc":"2.0","id":1923,"method":"tools/call","params":{"name":"read_memory","arguments":{"memoryType":"snesMemory","
[10:25:00.785] [mcp] <- {"jsonrpc":"2.0","id":1924,"method":"tools/call","params":{"name":"read_memory","arguments":{"memoryType":"snesMemory","
[10:25:00.786] [mcp] <- {"jsonrpc":"2.0","id":1925,"method":"tools/call","params":{"name":"read_memory","arguments":{"memoryType":"snesMemory","
[10:25:00.786] [mcp] <- {"jsonrpc":"2.0","id":1926,"method":"tools/call","params":{"name":"read_memory","arguments":{"memoryType":"snesMemory","
[10:25:00.786] [mcp] <- {"jsonrpc":"2.0","id":1927,"method":"tools/call","params":{"name":"read_memory","arguments":{"memoryType":"snesMemory","
[10:25:00.786] [mcp] <- {"jsonrpc":"2.0","id":1928,"method":"tools/call","params":{"name":"read_memory","arguments":{"memoryType":"snesMemory","
[10:25:00.786] [mcp] <- {"jsonrpc":"2.0","id":1929,"method":"tools/call","params":{"name":"read_memory","arguments":{"memoryType":"snesMemory","
[10:25:00.787] [mcp] <- {"jsonrpc":"2.0","id":1930,"method":"tools/call","params":{"name":"read_memory","arguments":{"memoryType":"snesMemory","
[10:25:00.787] [mcp] <- {"jsonrpc":"2.0","id":1931,"method":"tools/call","params":{"name":"read_memory","arguments":{"memoryType":"snesMemory","
[10:25:00.787] [mcp] <- {"jsonrpc":"2.0","id":1932,"method":"tools/call","params":{"name":"read_memory","arguments":{"memoryType":"snesMemory","
[10:25:00.787] [mcp] <- {"jsonrpc":"2.0","id":1933,"method":"tools/call","params":{"name":"read_memory","arguments":{"memoryType":"snesMemory","
[10:25:00.787] [mcp] <- {"jsonrpc":"2.0","id":1934,"method":"tools/call","params":{"name":"resume","arguments":{}}}
[10:25:00.788] [mcp] <- {"jsonrpc":"2.0","id":1935,"method":"tools/call","params":{"name":"run_frames","arguments":{"count":1}}}
[10:25:00.809] [mcp] <- {"jsonrpc":"2.0","id":1936,"method":"tools/call","params":{"name":"read_memory","arguments":{"memoryType":"snesMemory","
[10:25:00.809] [mcp] <- {"jsonrpc":"2.0","id":1937,"method":"tools/call","params":{"name":"read_memory","arguments":{"memoryType":"snesMemory","
[10:25:00.810] [mcp] <- {"jsonrpc":"2.0","id":1938,"method":"tools/call","params":{"name":"read_memory","arguments":{"memoryType":"snesMemory","
[10:25:00.810] [mcp] <- {"jsonrpc":"2.0","id":1939,"method":"tools/call","params":{"name":"read_memory","arguments":{"memoryType":"snesMemory","
[10:25:00.810] [mcp] <- {"jsonrpc":"2.0","id":1940,"method":"tools/call","params":{"name":"read_memory","arguments":{"memoryType":"snesMemory","
[10:25:00.810] [mcp] <- {"jsonrpc":"2.0","id":1941,"method":"tools/call","params":{"name":"read_memory","arguments":{"memoryType":"snesMemory","
[10:25:00.810] [mcp] <- {"jsonrpc":"2.0","id":1942,"method":"tools/call","params":{"name":"read_memory","arguments":{"memoryType":"snesMemory","
[10:25:00.811] [mcp] <- {"jsonrpc":"2.0","id":1943,"method":"tools/call","params":{"name":"read_memory","arguments":{"memoryType":"snesMemory","
[10:25:00.811] [mcp] <- {"jsonrpc":"2.0","id":1944,"method":"tools/call","params":{"name":"read_memory","arguments":{"memoryType":"snesMemory","
[10:25:00.811] [mcp] <- {"jsonrpc":"2.0","id":1945,"method":"tools/call","params":{"name":"read_memory","arguments":{"memoryType":"snesMemory","
[10:25:00.811] [mcp] <- {"jsonrpc":"2.0","id":1946,"method":"tools/call","params":{"name":"read_memory","arguments":{"memoryType":"snesMemory","
[10:25:00.811] [mcp] <- {"jsonrpc":"2.0","id":1947,"method":"tools/call","params":{"name":"read_memory","arguments":{"memoryType":"snesMemory","
[10:25:00.812] [mcp] <- {"jsonrpc":"2.0","id":1948,"method":"tools/call","params":{"name":"read_memory","arguments":{"memoryType":"snesMemory","
[10:25:00.812] [mcp] <- {"jsonrpc":"2.0","id":1949,"method":"tools/call","params":{"name":"read_memory","arguments":{"memoryType":"snesMemory","
[10:25:00.812] [mcp] <- {"jsonrpc":"2.0","id":1950,"method":"tools/call","params":{"name":"resume","arguments":{}}}
[10:25:00.812] [mcp] <- {"jsonrpc":"2.0","id":1951,"method":"tools/call","params":{"name":"run_frames","arguments":{"count":1}}}
[10:25:00.833] [mcp] <- {"jsonrpc":"2.0","id":1952,"method":"tools/call","params":{"name":"read_memory","arguments":{"memoryType":"snesMemory","
[10:25:00.833] [mcp] <- {"jsonrpc":"2.0","id":1953,"method":"tools/call","params":{"name":"read_memory","arguments":{"memoryType":"snesMemory","
[10:25:00.833] [mcp] <- {"jsonrpc":"2.0","id":1954,"method":"tools/call","params":{"name":"read_memory","arguments":{"memoryType":"snesMemory","
[10:25:00.834] [mcp] <- {"jsonrpc":"2.0","id":1955,"method":"tools/call","params":{"name":"read_memory","arguments":{"memoryType":"snesMemory","
[10:25:00.834] [mcp] <- {"jsonrpc":"2.0","id":1956,"method":"tools/call","params":{"name":"read_memory","arguments":{"memoryType":"snesMemory","
[10:25:00.834] [mcp] <- {"jsonrpc":"2.0","id":1957,"method":"tools/call","params":{"name":"read_memory","arguments":{"memoryType":"snesMemory","
[10:25:00.834] [mcp] <- {"jsonrpc":"2.0","id":1958,"method":"tools/call","params":{"name":"read_memory","arguments":{"memoryType":"snesMemory","
[10:25:00.834] [mcp] <- {"jsonrpc":"2.0","id":1959,"method":"tools/call","params":{"name":"read_memory","arguments":{"memoryType":"snesMemory","
[10:25:00.835] [mcp] <- {"jsonrpc":"2.0","id":1960,"method":"tools/call","params":{"name":"read_memory","arguments":{"memoryType":"snesMemory","
[10:25:00.835] [mcp] <- {"jsonrpc":"2.0","id":1961,"method":"tools/call","params":{"name":"read_memory","arguments":{"memoryType":"snesMemory","
[10:25:00.835] [mcp] <- {"jsonrpc":"2.0","id":1962,"method":"tools/call","params":{"name":"read_memory","arguments":{"memoryType":"snesMemory","
[10:25:00.835] [mcp] <- {"jsonrpc":"2.0","id":1963,"method":"tools/call","params":{"name":"read_memory","arguments":{"memoryType":"snesMemory","
[10:25:00.835] [mcp] <- {"jsonrpc":"2.0","id":1964,"method":"tools/call","params":{"name":"read_memory","arguments":{"memoryType":"snesMemory","
[10:25:00.836] [mcp] <- {"jsonrpc":"2.0","id":1965,"method":"tools/call","params":{"name":"read_memory","arguments":{"memoryType":"snesMemory","
[10:25:00.836] [mcp] <- {"jsonrpc":"2.0","id":1966,"method":"tools/call","params":{"name":"resume","arguments":{}}}
[10:25:00.836] [mcp] <- {"jsonrpc":"2.0","id":1967,"method":"tools/call","params":{"name":"run_frames","arguments":{"count":1}}}
[10:25:00.857] [mcp] <- {"jsonrpc":"2.0","id":1968,"method":"tools/call","params":{"name":"read_memory","arguments":{"memoryType":"snesMemory","
[10:25:00.857] [mcp] <- {"jsonrpc":"2.0","id":1969,"method":"tools/call","params":{"name":"read_memory","arguments":{"memoryType":"snesMemory","
[10:25:00.857] [mcp] <- {"jsonrpc":"2.0","id":1970,"method":"tools/call","params":{"name":"read_memory","arguments":{"memoryType":"snesMemory","
[10:25:00.857] [mcp] <- {"jsonrpc":"2.0","id":1971,"method":"tools/call","params":{"name":"read_memory","arguments":{"memoryType":"snesMemory","
[10:25:00.857] [mcp] <- {"jsonrpc":"2.0","id":1972,"method":"tools/call","params":{"name":"read_memory","arguments":{"memoryType":"snesMemory","
[10:25:00.858] [mcp] <- {"jsonrpc":"2.0","id":1973,"method":"tools/call","params":{"name":"read_memory","arguments":{"memoryType":"snesMemory","
[10:25:00.858] [mcp] <- {"jsonrpc":"2.0","id":1974,"method":"tools/call","params":{"name":"read_memory","arguments":{"memoryType":"snesMemory","
[10:25:00.858] [mcp] <- {"jsonrpc":"2.0","id":1975,"method":"tools/call","params":{"name":"read_memory","arguments":{"memoryType":"snesMemory","
[10:25:00.858] [mcp] <- {"jsonrpc":"2.0","id":1976,"method":"tools/call","params":{"name":"read_memory","arguments":{"memoryType":"snesMemory","
[10:25:00.858] [mcp] <- {"jsonrpc":"2.0","id":1977,"method":"tools/call","params":{"name":"read_memory","arguments":{"memoryType":"snesMemory","
[10:25:00.859] [mcp] <- {"jsonrpc":"2.0","id":1978,"method":"tools/call","params":{"name":"read_memory","arguments":{"memoryType":"snesMemory","
[10:25:00.859] [mcp] <- {"jsonrpc":"2.0","id":1979,"method":"tools/call","params":{"name":"read_memory","arguments":{"memoryType":"snesMemory","
[10:25:00.859] [mcp] <- {"jsonrpc":"2.0","id":1980,"method":"tools/call","params":{"name":"read_memory","arguments":{"memoryType":"snesMemory","
[10:25:00.859] [mcp] <- {"jsonrpc":"2.0","id":1981,"method":"tools/call","params":{"name":"read_memory","arguments":{"memoryType":"snesMemory","
[10:25:00.860] [mcp] <- {"jsonrpc":"2.0","id":1982,"method":"tools/call","params":{"name":"resume","arguments":{}}}
[10:25:00.860] [mcp] <- {"jsonrpc":"2.0","id":1983,"method":"tools/call","params":{"name":"run_frames","arguments":{"count":1}}}
[10:25:00.881] [mcp] <- {"jsonrpc":"2.0","id":1984,"method":"tools/call","params":{"name":"read_memory","arguments":{"memoryType":"snesMemory","
[10:25:00.881] [mcp] <- {"jsonrpc":"2.0","id":1985,"method":"tools/call","params":{"name":"read_memory","arguments":{"memoryType":"snesMemory","
[10:25:00.881] [mcp] <- {"jsonrpc":"2.0","id":1986,"method":"tools/call","params":{"name":"read_memory","arguments":{"memoryType":"snesMemory","
[10:25:00.881] [mcp] <- {"jsonrpc":"2.0","id":1987,"method":"tools/call","params":{"name":"read_memory","arguments":{"memoryType":"snesMemory","
[10:25:00.882] [mcp] <- {"jsonrpc":"2.0","id":1988,"method":"tools/call","params":{"name":"read_memory","arguments":{"memoryType":"snesMemory","
[10:25:00.882] [mcp] <- {"jsonrpc":"2.0","id":1989,"method":"tools/call","params":{"name":"read_memory","arguments":{"memoryType":"snesMemory","
[10:25:00.882] [mcp] <- {"jsonrpc":"2.0","id":1990,"method":"tools/call","params":{"name":"read_memory","arguments":{"memoryType":"snesMemory","
[10:25:00.882] [mcp] <- {"jsonrpc":"2.0","id":1991,"method":"tools/call","params":{"name":"read_memory","arguments":{"memoryType":"snesMemory","
[10:25:00.882] [mcp] <- {"jsonrpc":"2.0","id":1992,"method":"tools/call","params":{"name":"read_memory","arguments":{"memoryType":"snesMemory","
[10:25:00.883] [mcp] <- {"jsonrpc":"2.0","id":1993,"method":"tools/call","params":{"name":"read_memory","arguments":{"memoryType":"snesMemory","
[10:25:00.883] [mcp] <- {"jsonrpc":"2.0","id":1994,"method":"tools/call","params":{"name":"read_memory","arguments":{"memoryType":"snesMemory","
[10:25:00.883] [mcp] <- {"jsonrpc":"2.0","id":1995,"method":"tools/call","params":{"name":"read_memory","arguments":{"memoryType":"snesMemory","
[10:25:00.883] [mcp] <- {"jsonrpc":"2.0","id":1996,"method":"tools/call","params":{"name":"read_memory","arguments":{"memoryType":"snesMemory","
[10:25:00.883] [mcp] <- {"jsonrpc":"2.0","id":1997,"method":"tools/call","params":{"name":"read_memory","arguments":{"memoryType":"snesMemory","
[10:25:00.884] [mcp] <- {"jsonrpc":"2.0","id":1998,"method":"tools/call","params":{"name":"resume","arguments":{}}}
[10:25:00.884] [mcp] <- {"jsonrpc":"2.0","id":1999,"method":"tools/call","params":{"name":"run_frames","arguments":{"count":1}}}
[10:25:00.905] [mcp] <- {"jsonrpc":"2.0","id":2000,"method":"tools/call","params":{"name":"read_memory","arguments":{"memoryType":"snesMemory","
[10:25:00.906] [mcp] <- {"jsonrpc":"2.0","id":2001,"method":"tools/call","params":{"name":"read_memory","arguments":{"memoryType":"snesMemory","
[10:25:00.906] [mcp] <- {"jsonrpc":"2.0","id":2002,"method":"tools/call","params":{"name":"read_memory","arguments":{"memoryType":"snesMemory","
[10:25:00.906] [mcp] <- {"jsonrpc":"2.0","id":2003,"method":"tools/call","params":{"name":"read_memory","arguments":{"memoryType":"snesMemory","
[10:25:00.906] [mcp] <- {"jsonrpc":"2.0","id":2004,"method":"tools/call","params":{"name":"read_memory","arguments":{"memoryType":"snesMemory","
[10:25:00.906] [mcp] <- {"jsonrpc":"2.0","id":2005,"method":"tools/call","params":{"name":"read_memory","arguments":{"memoryType":"snesMemory","
[10:25:00.907] [mcp] <- {"jsonrpc":"2.0","id":2006,"method":"tools/call","params":{"name":"read_memory","arguments":{"memoryType":"snesMemory","
[10:25:00.907] [mcp] <- {"jsonrpc":"2.0","id":2007,"method":"tools/call","params":{"name":"read_memory","arguments":{"memoryType":"snesMemory","
[10:25:00.907] [mcp] <- {"jsonrpc":"2.0","id":2008,"method":"tools/call","params":{"name":"read_memory","arguments":{"memoryType":"snesMemory","
[10:25:00.907] [mcp] <- {"jsonrpc":"2.0","id":2009,"method":"tools/call","params":{"name":"read_memory","arguments":{"memoryType":"snesMemory","
[10:25:00.907] [mcp] <- {"jsonrpc":"2.0","id":2010,"method":"tools/call","params":{"name":"read_memory","arguments":{"memoryType":"snesMemory","
[10:25:00.908] [mcp] <- {"jsonrpc":"2.0","id":2011,"method":"tools/call","params":{"name":"read_memory","arguments":{"memoryType":"snesMemory","
[10:25:00.908] [mcp] <- {"jsonrpc":"2.0","id":2012,"method":"tools/call","params":{"name":"read_memory","arguments":{"memoryType":"snesMemory","
[10:25:00.908] [mcp] <- {"jsonrpc":"2.0","id":2013,"method":"tools/call","params":{"name":"read_memory","arguments":{"memoryType":"snesMemory","
[10:25:00.908] [mcp] <- {"jsonrpc":"2.0","id":2014,"method":"tools/call","params":{"name":"resume","arguments":{}}}
[10:25:00.908] [mcp] <- {"jsonrpc":"2.0","id":2015,"method":"tools/call","params":{"name":"run_frames","arguments":{"count":1}}}
[10:25:00.930] [mcp] <- {"jsonrpc":"2.0","id":2016,"method":"tools/call","params":{"name":"read_memory","arguments":{"memoryType":"snesMemory","
[10:25:00.930] [mcp] <- {"jsonrpc":"2.0","id":2017,"method":"tools/call","params":{"name":"read_memory","arguments":{"memoryType":"snesMemory","
[10:25:00.930] [mcp] <- {"jsonrpc":"2.0","id":2018,"method":"tools/call","params":{"name":"read_memory","arguments":{"memoryType":"snesMemory","
[10:25:00.930] [mcp] <- {"jsonrpc":"2.0","id":2019,"method":"tools/call","params":{"name":"read_memory","arguments":{"memoryType":"snesMemory","
[10:25:00.930] [mcp] <- {"jsonrpc":"2.0","id":2020,"method":"tools/call","params":{"name":"read_memory","arguments":{"memoryType":"snesMemory","
[10:25:00.931] [mcp] <- {"jsonrpc":"2.0","id":2021,"method":"tools/call","params":{"name":"read_memory","arguments":{"memoryType":"snesMemory","
[10:25:00.931] [mcp] <- {"jsonrpc":"2.0","id":2022,"method":"tools/call","params":{"name":"read_memory","arguments":{"memoryType":"snesMemory","
[10:25:00.931] [mcp] <- {"jsonrpc":"2.0","id":2023,"method":"tools/call","params":{"name":"read_memory","arguments":{"memoryType":"snesMemory","
[10:25:00.931] [mcp] <- {"jsonrpc":"2.0","id":2024,"method":"tools/call","params":{"name":"read_memory","arguments":{"memoryType":"snesMemory","
[10:25:00.931] [mcp] <- {"jsonrpc":"2.0","id":2025,"method":"tools/call","params":{"name":"read_memory","arguments":{"memoryType":"snesMemory","
[10:25:00.932] [mcp] <- {"jsonrpc":"2.0","id":2026,"method":"tools/call","params":{"name":"read_memory","arguments":{"memoryType":"snesMemory","
[10:25:00.932] [mcp] <- {"jsonrpc":"2.0","id":2027,"method":"tools/call","params":{"name":"read_memory","arguments":{"memoryType":"snesMemory","
[10:25:00.932] [mcp] <- {"jsonrpc":"2.0","id":2028,"method":"tools/call","params":{"name":"read_memory","arguments":{"memoryType":"snesMemory","
[10:25:00.932] [mcp] <- {"jsonrpc":"2.0","id":2029,"method":"tools/call","params":{"name":"read_memory","arguments":{"memoryType":"snesMemory","
[10:25:00.932] [mcp] <- {"jsonrpc":"2.0","id":2030,"method":"tools/call","params":{"name":"resume","arguments":{}}}
[10:25:00.933] [mcp] <- {"jsonrpc":"2.0","id":2031,"method":"tools/call","params":{"name":"run_frames","arguments":{"count":1}}}
[10:25:00.954] [mcp] <- {"jsonrpc":"2.0","id":2032,"method":"tools/call","params":{"name":"read_memory","arguments":{"memoryType":"snesMemory","
[10:25:00.954] [mcp] <- {"jsonrpc":"2.0","id":2033,"method":"tools/call","params":{"name":"read_memory","arguments":{"memoryType":"snesMemory","
[10:25:00.954] [mcp] <- {"jsonrpc":"2.0","id":2034,"method":"tools/call","params":{"name":"read_memory","arguments":{"memoryType":"snesMemory","
[10:25:00.954] [mcp] <- {"jsonrpc":"2.0","id":2035,"method":"tools/call","params":{"name":"read_memory","arguments":{"memoryType":"snesMemory","
[10:25:00.954] [mcp] <- {"jsonrpc":"2.0","id":2036,"method":"tools/call","params":{"name":"read_memory","arguments":{"memoryType":"snesMemory","
[10:25:00.955] [mcp] <- {"jsonrpc":"2.0","id":2037,"method":"tools/call","params":{"name":"read_memory","arguments":{"memoryType":"snesMemory","
[10:25:00.955] [mcp] <- {"jsonrpc":"2.0","id":2038,"method":"tools/call","params":{"name":"read_memory","arguments":{"memoryType":"snesMemory","
[10:25:00.955] [mcp] <- {"jsonrpc":"2.0","id":2039,"method":"tools/call","params":{"name":"read_memory","arguments":{"memoryType":"snesMemory","
[10:25:00.955] [mcp] <- {"jsonrpc":"2.0","id":2040,"method":"tools/call","params":{"name":"read_memory","arguments":{"memoryType":"snesMemory","
[10:25:00.956] [mcp] <- {"jsonrpc":"2.0","id":2041,"method":"tools/call","params":{"name":"read_memory","arguments":{"memoryType":"snesMemory","
[10:25:00.956] [mcp] <- {"jsonrpc":"2.0","id":2042,"method":"tools/call","params":{"name":"read_memory","arguments":{"memoryType":"snesMemory","
[10:25:00.956] [mcp] <- {"jsonrpc":"2.0","id":2043,"method":"tools/call","params":{"name":"read_memory","arguments":{"memoryType":"snesMemory","
[10:25:00.956] [mcp] <- {"jsonrpc":"2.0","id":2044,"method":"tools/call","params":{"name":"read_memory","arguments":{"memoryType":"snesMemory","
[10:25:00.956] [mcp] <- {"jsonrpc":"2.0","id":2045,"method":"tools/call","params":{"name":"read_memory","arguments":{"memoryType":"snesMemory","
[10:25:00.957] [mcp] <- {"jsonrpc":"2.0","id":2046,"method":"tools/call","params":{"name":"resume","arguments":{}}}
[10:25:00.957] [mcp] <- {"jsonrpc":"2.0","id":2047,"method":"tools/call","params":{"name":"run_frames","arguments":{"count":1}}}
[10:25:00.994] [mcp] <- {"jsonrpc":"2.0","id":2048,"method":"tools/call","params":{"name":"read_memory","arguments":{"memoryType":"snesMemory","
[10:25:00.995] [mcp] <- {"jsonrpc":"2.0","id":2049,"method":"tools/call","params":{"name":"read_memory","arguments":{"memoryType":"snesMemory","
[10:25:00.995] [mcp] <- {"jsonrpc":"2.0","id":2050,"method":"tools/call","params":{"name":"read_memory","arguments":{"memoryType":"snesMemory","
[10:25:00.995] [mcp] <- {"jsonrpc":"2.0","id":2051,"method":"tools/call","params":{"name":"read_memory","arguments":{"memoryType":"snesMemory","
[10:25:00.995] [mcp] <- {"jsonrpc":"2.0","id":2052,"method":"tools/call","params":{"name":"read_memory","arguments":{"memoryType":"snesMemory","
[10:25:00.996] [mcp] <- {"jsonrpc":"2.0","id":2053,"method":"tools/call","params":{"name":"read_memory","arguments":{"memoryType":"snesMemory","
[10:25:00.996] [mcp] <- {"jsonrpc":"2.0","id":2054,"method":"tools/call","params":{"name":"read_memory","arguments":{"memoryType":"snesMemory","
[10:25:00.996] [mcp] <- {"jsonrpc":"2.0","id":2055,"method":"tools/call","params":{"name":"read_memory","arguments":{"memoryType":"snesMemory","
[10:25:00.996] [mcp] <- {"jsonrpc":"2.0","id":2056,"method":"tools/call","params":{"name":"read_memory","arguments":{"memoryType":"snesMemory","
[10:25:00.997] [mcp] <- {"jsonrpc":"2.0","id":2057,"method":"tools/call","params":{"name":"read_memory","arguments":{"memoryType":"snesMemory","
[10:25:00.997] [mcp] <- {"jsonrpc":"2.0","id":2058,"method":"tools/call","params":{"name":"read_memory","arguments":{"memoryType":"snesMemory","
[10:25:00.997] [mcp] <- {"jsonrpc":"2.0","id":2059,"method":"tools/call","params":{"name":"read_memory","arguments":{"memoryType":"snesMemory","
[10:25:00.997] [mcp] <- {"jsonrpc":"2.0","id":2060,"method":"tools/call","params":{"name":"read_memory","arguments":{"memoryType":"snesMemory","
[10:25:00.998] [mcp] <- {"jsonrpc":"2.0","id":2061,"method":"tools/call","params":{"name":"read_memory","arguments":{"memoryType":"snesMemory","
[10:25:00.998] [mcp] <- {"jsonrpc":"2.0","id":2062,"method":"tools/call","params":{"name":"read_memory","arguments":{"memoryType":"snesMemory","
[10:25:00.998] [mcp] <- {"jsonrpc":"2.0","id":2063,"method":"tools/call","params":{"name":"read_memory","arguments":{"memoryType":"snesMemory","
[10:25:00.998] [mcp] <- {"jsonrpc":"2.0","id":2064,"method":"tools/call","params":{"name":"read_memory","arguments":{"memoryType":"snesMemory","
[10:25:00.999] [mcp] <- {"jsonrpc":"2.0","id":2065,"method":"tools/call","params":{"name":"read_memory","arguments":{"memoryType":"snesMemory","
[10:25:00.999] [mcp] <- {"jsonrpc":"2.0","id":2066,"method":"tools/call","params":{"name":"read_memory","arguments":{"memoryType":"snesMemory","
[10:25:00.999] [mcp] <- {"jsonrpc":"2.0","id":2067,"method":"tools/call","params":{"name":"read_memory","arguments":{"memoryType":"snesMemory","
[10:25:00.999] [mcp] <- {"jsonrpc":"2.0","id":2068,"method":"tools/call","params":{"name":"read_memory","arguments":{"memoryType":"snesMemory","
[10:25:01.000] [mcp] <- {"jsonrpc":"2.0","id":2069,"method":"tools/call","params":{"name":"read_memory","arguments":{"memoryType":"snesMemory","
[10:25:01.000] [mcp] <- {"jsonrpc":"2.0","id":2070,"method":"tools/call","params":{"name":"read_memory","arguments":{"memoryType":"snesMemory","
[10:25:01.000] [mcp] <- {"jsonrpc":"2.0","id":2071,"method":"tools/call","params":{"name":"read_memory","arguments":{"memoryType":"snesMemory","
[10:25:01.001] [mcp] <- {"jsonrpc":"2.0","id":2072,"method":"tools/call","params":{"name":"read_memory","arguments":{"memoryType":"snesMemory","
[10:25:01.001] [mcp] <- {"jsonrpc":"2.0","id":2073,"method":"tools/call","params":{"name":"read_memory","arguments":{"memoryType":"snesMemory","
[10:25:01.001] [mcp] <- {"jsonrpc":"2.0","id":2074,"method":"tools/call","params":{"name":"read_memory","arguments":{"memoryType":"snesMemory","
[10:25:01.001] [mcp] <- {"jsonrpc":"2.0","id":2075,"method":"tools/call","params":{"name":"read_memory","arguments":{"memoryType":"snesMemory","
[10:25:01.002] [mcp] <- {"jsonrpc":"2.0","id":2076,"method":"tools/call","params":{"name":"read_memory","arguments":{"memoryType":"snesMemory","
[10:25:01.002] [mcp] <- {"jsonrpc":"2.0","id":2077,"method":"tools/call","params":{"name":"read_memory","arguments":{"memoryType":"snesMemory","
[10:25:01.002] [mcp] <- {"jsonrpc":"2.0","id":2078,"method":"tools/call","params":{"name":"read_memory","arguments":{"memoryType":"snesMemory","
[10:25:01.002] [mcp] <- {"jsonrpc":"2.0","id":2079,"method":"tools/call","params":{"name":"read_memory","arguments":{"memoryType":"snesMemory","
[10:25:01.003] [mcp] <- {"jsonrpc":"2.0","id":2080,"method":"tools/call","params":{"name":"read_memory","arguments":{"memoryType":"snesMemory","
[10:25:01.003] [mcp] <- {"jsonrpc":"2.0","id":2081,"method":"tools/call","params":{"name":"read_memory","arguments":{"memoryType":"snesMemory","
[10:25:01.003] [mcp] <- {"jsonrpc":"2.0","id":2082,"method":"tools/call","params":{"name":"read_memory","arguments":{"memoryType":"snesMemory","
[10:25:01.003] [mcp] <- {"jsonrpc":"2.0","id":2083,"method":"tools/call","params":{"name":"read_memory","arguments":{"memoryType":"snesMemory","
[10:25:01.004] [mcp] <- {"jsonrpc":"2.0","id":2084,"method":"tools/call","params":{"name":"read_memory","arguments":{"memoryType":"snesMemory","
[10:25:01.004] [mcp] <- {"jsonrpc":"2.0","id":2085,"method":"tools/call","params":{"name":"read_memory","arguments":{"memoryType":"snesMemory","
[10:25:01.004] [mcp] <- {"jsonrpc":"2.0","id":2086,"method":"tools/call","params":{"name":"read_memory","arguments":{"memoryType":"snesMemory","
[10:25:01.004] [mcp] <- {"jsonrpc":"2.0","id":2087,"method":"tools/call","params":{"name":"read_memory","arguments":{"memoryType":"snesMemory","
[10:25:01.005] [mcp] <- {"jsonrpc":"2.0","id":2088,"method":"tools/call","params":{"name":"read_memory","arguments":{"memoryType":"snesMemory","
[10:25:01.005] [mcp] <- {"jsonrpc":"2.0","id":2089,"method":"tools/call","params":{"name":"read_memory","arguments":{"memoryType":"snesMemory","
[10:25:01.005] [mcp] <- {"jsonrpc":"2.0","id":2090,"method":"tools/call","params":{"name":"read_memory","arguments":{"memoryType":"snesMemory","
[10:25:01.006] [mcp] <- {"jsonrpc":"2.0","id":2091,"method":"tools/call","params":{"name":"read_memory","arguments":{"memoryType":"snesMemory","
[10:25:01.006] [mcp] <- {"jsonrpc":"2.0","id":2092,"method":"tools/call","params":{"name":"read_memory","arguments":{"memoryType":"snesMemory","
[10:25:01.006] [mcp] <- {"jsonrpc":"2.0","id":2093,"method":"tools/call","params":{"name":"read_memory","arguments":{"memoryType":"snesMemory","
[10:25:01.006] [mcp] <- {"jsonrpc":"2.0","id":2094,"method":"tools/call","params":{"name":"read_memory","arguments":{"memoryType":"snesMemory","
[10:25:01.007] [mcp] <- {"jsonrpc":"2.0","id":2095,"method":"tools/call","params":{"name":"read_memory","arguments":{"memoryType":"snesMemory","
[10:25:01.007] [mcp] <- {"jsonrpc":"2.0","id":2096,"method":"tools/call","params":{"name":"read_memory","arguments":{"memoryType":"snesMemory","
[10:25:01.007] [mcp] <- {"jsonrpc":"2.0","id":2097,"method":"tools/call","params":{"name":"read_memory","arguments":{"memoryType":"snesMemory","
[10:25:01.007] [mcp] <- {"jsonrpc":"2.0","id":2098,"method":"tools/call","params":{"name":"read_memory","arguments":{"memoryType":"snesMemory","
[10:25:01.008] [mcp] <- {"jsonrpc":"2.0","id":2099,"method":"tools/call","params":{"name":"read_memory","arguments":{"memoryType":"snesMemory","
[10:25:01.008] [mcp] <- {"jsonrpc":"2.0","id":2100,"method":"tools/call","params":{"name":"read_memory","arguments":{"memoryType":"snesMemory","
[10:25:01.008] [mcp] <- {"jsonrpc":"2.0","id":2101,"method":"tools/call","params":{"name":"read_memory","arguments":{"memoryType":"snesMemory","
[10:25:01.050] [mcp] <- {"jsonrpc":"2.0","id":2102,"method":"tools/call","params":{"name":"read_memory","arguments":{"memoryType":"snesMemory","
[10:25:01.050] [mcp] <- {"jsonrpc":"2.0","id":2103,"method":"tools/call","params":{"name":"read_memory","arguments":{"memoryType":"snesMemory","
[10:25:01.051] [mcp] <- {"jsonrpc":"2.0","id":2104,"method":"tools/call","params":{"name":"read_memory","arguments":{"memoryType":"snesMemory","
[10:25:01.051] [mcp] <- {"jsonrpc":"2.0","id":2105,"method":"tools/call","params":{"name":"read_memory","arguments":{"memoryType":"snesMemory","
[10:25:01.051] [mcp] <- {"jsonrpc":"2.0","id":2106,"method":"tools/call","params":{"name":"read_memory","arguments":{"memoryType":"snesMemory","
[10:25:01.051] [mcp] <- {"jsonrpc":"2.0","id":2107,"method":"tools/call","params":{"name":"read_memory","arguments":{"memoryType":"snesMemory","
[10:25:01.052] [mcp] <- {"jsonrpc":"2.0","id":2108,"method":"tools/call","params":{"name":"read_memory","arguments":{"memoryType":"snesMemory","
[10:25:01.052] [mcp] <- {"jsonrpc":"2.0","id":2109,"method":"tools/call","params":{"name":"read_memory","arguments":{"memoryType":"snesMemory","
[10:25:01.052] [mcp] <- {"jsonrpc":"2.0","id":2110,"method":"tools/call","params":{"name":"read_memory","arguments":{"memoryType":"snesMemory","
[10:25:01.053] [mcp] <- {"jsonrpc":"2.0","id":2111,"method":"tools/call","params":{"name":"read_memory","arguments":{"memoryType":"snesMemory","
[10:25:01.053] [mcp] <- {"jsonrpc":"2.0","id":2112,"method":"tools/call","params":{"name":"read_memory","arguments":{"memoryType":"snesMemory","
[10:25:01.053] [mcp] <- {"jsonrpc":"2.0","id":2113,"method":"tools/call","params":{"name":"read_memory","arguments":{"memoryType":"snesMemory","
[10:25:01.054] [mcp] <- {"jsonrpc":"2.0","id":2114,"method":"tools/call","params":{"name":"read_memory","arguments":{"memoryType":"snesMemory","
[10:25:01.054] [mcp] <- {"jsonrpc":"2.0","id":2115,"method":"tools/call","params":{"name":"read_memory","arguments":{"memoryType":"snesMemory","
[10:25:01.054] [mcp] <- {"jsonrpc":"2.0","id":2116,"method":"tools/call","params":{"name":"read_memory","arguments":{"memoryType":"snesMemory","
[10:25:01.054] [mcp] <- {"jsonrpc":"2.0","id":2117,"method":"tools/call","params":{"name":"read_memory","arguments":{"memoryType":"snesMemory","
[10:25:01.055] [mcp] <- {"jsonrpc":"2.0","id":2118,"method":"tools/call","params":{"name":"read_memory","arguments":{"memoryType":"snesMemory","
[10:25:01.055] [mcp] <- {"jsonrpc":"2.0","id":2119,"method":"tools/call","params":{"name":"read_memory","arguments":{"memoryType":"snesMemory","
[10:25:01.055] [mcp] <- {"jsonrpc":"2.0","id":2120,"method":"tools/call","params":{"name":"read_memory","arguments":{"memoryType":"snesMemory","
[10:25:01.056] [mcp] <- {"jsonrpc":"2.0","id":2121,"method":"tools/call","params":{"name":"read_memory","arguments":{"memoryType":"snesMemory","
[10:25:01.056] [mcp] <- {"jsonrpc":"2.0","id":2122,"method":"tools/call","params":{"name":"read_memory","arguments":{"memoryType":"snesMemory","
[10:25:01.056] [mcp] <- {"jsonrpc":"2.0","id":2123,"method":"tools/call","params":{"name":"read_memory","arguments":{"memoryType":"snesMemory","
[10:25:01.057] [mcp] <- {"jsonrpc":"2.0","id":2124,"method":"tools/call","params":{"name":"read_memory","arguments":{"memoryType":"snesMemory","
[10:25:01.057] [mcp] <- {"jsonrpc":"2.0","id":2125,"method":"tools/call","params":{"name":"read_memory","arguments":{"memoryType":"snesMemory","
[10:25:01.057] [mcp] <- {"jsonrpc":"2.0","id":2126,"method":"tools/call","params":{"name":"read_memory","arguments":{"memoryType":"snesMemory","
[10:25:01.058] [mcp] <- {"jsonrpc":"2.0","id":2127,"method":"tools/call","params":{"name":"read_memory","arguments":{"memoryType":"snesMemory","
[10:25:01.058] [mcp] <- {"jsonrpc":"2.0","id":2128,"method":"tools/call","params":{"name":"read_memory","arguments":{"memoryType":"snesMemory","
[10:25:01.058] [mcp] <- {"jsonrpc":"2.0","id":2129,"method":"tools/call","params":{"name":"read_memory","arguments":{"memoryType":"snesMemory","
[10:25:01.058] [mcp] <- {"jsonrpc":"2.0","id":2130,"method":"tools/call","params":{"name":"read_memory","arguments":{"memoryType":"snesMemory","
[10:25:01.059] [mcp] <- {"jsonrpc":"2.0","id":2131,"method":"tools/call","params":{"name":"read_memory","arguments":{"memoryType":"snesMemory","
[10:25:01.059] [mcp] <- {"jsonrpc":"2.0","id":2132,"method":"tools/call","params":{"name":"read_memory","arguments":{"memoryType":"snesMemory","
[10:25:01.059] [mcp] <- {"jsonrpc":"2.0","id":2133,"method":"tools/call","params":{"name":"read_memory","arguments":{"memoryType":"snesMemory","
[10:25:01.060] [mcp] <- {"jsonrpc":"2.0","id":2134,"method":"tools/call","params":{"name":"read_memory","arguments":{"memoryType":"snesMemory","
[10:25:01.060] [mcp] <- {"jsonrpc":"2.0","id":2135,"method":"tools/call","params":{"name":"read_memory","arguments":{"memoryType":"snesMemory","
[10:25:01.060] [mcp] <- {"jsonrpc":"2.0","id":2136,"method":"tools/call","params":{"name":"read_memory","arguments":{"memoryType":"snesMemory","
[10:25:01.061] [mcp] <- {"jsonrpc":"2.0","id":2137,"method":"tools/call","params":{"name":"read_memory","arguments":{"memoryType":"snesMemory","
[10:25:01.061] [mcp] <- {"jsonrpc":"2.0","id":2138,"method":"tools/call","params":{"name":"read_memory","arguments":{"memoryType":"snesMemory","
[10:25:01.061] [mcp] <- {"jsonrpc":"2.0","id":2139,"method":"tools/call","params":{"name":"read_memory","arguments":{"memoryType":"snesMemory","
[10:25:01.062] [mcp] <- {"jsonrpc":"2.0","id":2140,"method":"tools/call","params":{"name":"read_memory","arguments":{"memoryType":"snesMemory","
[10:25:01.062] [mcp] <- {"jsonrpc":"2.0","id":2141,"method":"tools/call","params":{"name":"read_memory","arguments":{"memoryType":"snesMemory","
[10:25:01.062] [mcp] <- {"jsonrpc":"2.0","id":2142,"method":"tools/call","params":{"name":"read_memory","arguments":{"memoryType":"snesMemory","
[10:25:01.062] [mcp] <- {"jsonrpc":"2.0","id":2143,"method":"tools/call","params":{"name":"resume","arguments":{}}}
[10:25:01.063] [mcp] <- {"jsonrpc":"2.0","id":2144,"method":"tools/call","params":{"name":"run_frames","arguments":{"count":8}}}
[10:25:01.244] [mcp] <- {"jsonrpc":"2.0","id":2145,"method":"tools/call","params":{"name":"read_memory","arguments":{"memoryType":"snesMemory","
[10:25:01.245] [mcp] <- {"jsonrpc":"2.0","id":2146,"method":"tools/call","params":{"name":"read_memory","arguments":{"memoryType":"snesMemory","
[10:25:01.245] [mcp] <- {"jsonrpc":"2.0","id":2147,"method":"tools/call","params":{"name":"read_memory","arguments":{"memoryType":"snesMemory","
[10:25:01.246] [mcp] <- {"jsonrpc":"2.0","id":2148,"method":"tools/call","params":{"name":"resume","arguments":{}}}
[10:25:01.246] [mcp] <- {"jsonrpc":"2.0","id":2149,"method":"tools/call","params":{"name":"run_frames","arguments":{"count":8}}}
[10:25:01.377] [mcp] <- {"jsonrpc":"2.0","id":2150,"method":"tools/call","params":{"name":"read_memory","arguments":{"memoryType":"snesMemory","
[10:25:01.378] [mcp] <- {"jsonrpc":"2.0","id":2151,"method":"tools/call","params":{"name":"read_memory","arguments":{"memoryType":"snesMemory","
[10:25:01.378] [mcp] <- {"jsonrpc":"2.0","id":2152,"method":"tools/call","params":{"name":"read_memory","arguments":{"memoryType":"snesMemory","
[10:25:01.378] [mcp] <- {"jsonrpc":"2.0","id":2153,"method":"tools/call","params":{"name":"resume","arguments":{}}}
[10:25:01.380] [mcp] <- {"jsonrpc":"2.0","id":2154,"method":"tools/call","params":{"name":"run_frames","arguments":{"count":8}}}
[10:25:01.511] [mcp] <- {"jsonrpc":"2.0","id":2155,"method":"tools/call","params":{"name":"read_memory","arguments":{"memoryType":"snesMemory","
[10:25:01.511] [mcp] <- {"jsonrpc":"2.0","id":2156,"method":"tools/call","params":{"name":"read_memory","arguments":{"memoryType":"snesMemory","
[10:25:01.512] [mcp] <- {"jsonrpc":"2.0","id":2157,"method":"tools/call","params":{"name":"read_memory","arguments":{"memoryType":"snesMemory","
[10:25:01.512] [mcp] <- {"jsonrpc":"2.0","id":2158,"method":"tools/call","params":{"name":"resume","arguments":{}}}
[10:25:01.512] [mcp] <- {"jsonrpc":"2.0","id":2159,"method":"tools/call","params":{"name":"run_frames","arguments":{"count":8}}}
[10:25:01.644] [mcp] <- {"jsonrpc":"2.0","id":2160,"method":"tools/call","params":{"name":"read_memory","arguments":{"memoryType":"snesMemory","
[10:25:01.644] [mcp] <- {"jsonrpc":"2.0","id":2161,"method":"tools/call","params":{"name":"read_memory","arguments":{"memoryType":"snesMemory","
[10:25:01.644] [mcp] <- {"jsonrpc":"2.0","id":2162,"method":"tools/call","params":{"name":"read_memory","arguments":{"memoryType":"snesMemory","
[10:25:01.645] [mcp] <- {"jsonrpc":"2.0","id":2163,"method":"tools/call","params":{"name":"resume","arguments":{}}}
[10:25:01.645] [mcp] <- {"jsonrpc":"2.0","id":2164,"method":"tools/call","params":{"name":"run_frames","arguments":{"count":8}}}
[10:25:01.776] [mcp] <- {"jsonrpc":"2.0","id":2165,"method":"tools/call","params":{"name":"read_memory","arguments":{"memoryType":"snesMemory","
[10:25:01.777] [mcp] <- {"jsonrpc":"2.0","id":2166,"method":"tools/call","params":{"name":"read_memory","arguments":{"memoryType":"snesMemory","
[10:25:01.777] [mcp] <- {"jsonrpc":"2.0","id":2167,"method":"tools/call","params":{"name":"read_memory","arguments":{"memoryType":"snesMemory","
[10:25:01.777] [mcp] <- {"jsonrpc":"2.0","id":2168,"method":"tools/call","params":{"name":"resume","arguments":{}}}
[10:25:01.777] [mcp] <- {"jsonrpc":"2.0","id":2169,"method":"tools/call","params":{"name":"run_frames","arguments":{"count":8}}}
[10:25:01.910] [mcp] <- {"jsonrpc":"2.0","id":2170,"method":"tools/call","params":{"name":"read_memory","arguments":{"memoryType":"snesMemory","
[10:25:01.910] [mcp] <- {"jsonrpc":"2.0","id":2171,"method":"tools/call","params":{"name":"read_memory","arguments":{"memoryType":"snesMemory","
[10:25:01.911] [mcp] <- {"jsonrpc":"2.0","id":2172,"method":"tools/call","params":{"name":"read_memory","arguments":{"memoryType":"snesMemory","
[10:25:01.911] [mcp] <- {"jsonrpc":"2.0","id":2173,"method":"tools/call","params":{"name":"read_memory","arguments":{"memoryType":"snesMemory","
[10:25:01.911] [mcp] <- {"jsonrpc":"2.0","id":2174,"method":"tools/call","params":{"name":"read_memory","arguments":{"memoryType":"snesMemory","
[10:25:01.911] [mcp] <- {"jsonrpc":"2.0","id":2175,"method":"tools/call","params":{"name":"read_memory","arguments":{"memoryType":"snesMemory","
[10:25:01.911] [mcp] <- {"jsonrpc":"2.0","id":2176,"method":"tools/call","params":{"name":"read_memory","arguments":{"memoryType":"snesMemory","
[10:25:01.912] [mcp] <- {"jsonrpc":"2.0","id":2177,"method":"tools/call","params":{"name":"read_memory","arguments":{"memoryType":"snesMemory","
[10:25:01.912] [mcp] <- {"jsonrpc":"2.0","id":2178,"method":"tools/call","params":{"name":"read_memory","arguments":{"memoryType":"snesMemory","
[10:25:01.912] [mcp] <- {"jsonrpc":"2.0","id":2179,"method":"tools/call","params":{"name":"read_memory","arguments":{"memoryType":"snesMemory","
[10:25:01.912] [mcp] <- {"jsonrpc":"2.0","id":2180,"method":"tools/call","params":{"name":"read_memory","arguments":{"memoryType":"snesMemory","
[10:25:01.912] [mcp] <- {"jsonrpc":"2.0","id":2181,"method":"tools/call","params":{"name":"read_memory","arguments":{"memoryType":"snesMemory","
[10:25:01.913] [mcp] <- {"jsonrpc":"2.0","id":2182,"method":"tools/call","params":{"name":"read_memory","arguments":{"memoryType":"snesMemory","
[10:25:01.913] [mcp] <- {"jsonrpc":"2.0","id":2183,"method":"tools/call","params":{"name":"read_memory","arguments":{"memoryType":"snesMemory","
[10:25:01.913] [mcp] <- {"jsonrpc":"2.0","id":2184,"method":"tools/call","params":{"name":"read_memory","arguments":{"memoryType":"snesMemory","
[10:25:01.913] [mcp] <- {"jsonrpc":"2.0","id":2185,"method":"tools/call","params":{"name":"read_memory","arguments":{"memoryType":"snesMemory","
[10:25:01.914] [mcp] <- {"jsonrpc":"2.0","id":2186,"method":"tools/call","params":{"name":"read_memory","arguments":{"memoryType":"snesMemory","
[10:25:01.914] [mcp] <- {"jsonrpc":"2.0","id":2187,"method":"tools/call","params":{"name":"read_memory","arguments":{"memoryType":"snesMemory","
[10:25:01.914] [mcp] <- {"jsonrpc":"2.0","id":2188,"method":"tools/call","params":{"name":"read_memory","arguments":{"memoryType":"snesMemory","
[10:25:01.914] [mcp] <- {"jsonrpc":"2.0","id":2189,"method":"tools/call","params":{"name":"read_memory","arguments":{"memoryType":"snesMemory","
[10:25:01.914] [mcp] <- {"jsonrpc":"2.0","id":2190,"method":"tools/call","params":{"name":"read_memory","arguments":{"memoryType":"snesMemory","
[10:25:01.915] [mcp] <- {"jsonrpc":"2.0","id":2191,"method":"tools/call","params":{"name":"read_memory","arguments":{"memoryType":"snesMemory","
[10:25:01.915] [mcp] <- {"jsonrpc":"2.0","id":2192,"method":"tools/call","params":{"name":"read_memory","arguments":{"memoryType":"snesMemory","
[10:25:01.915] [mcp] <- {"jsonrpc":"2.0","id":2193,"method":"tools/call","params":{"name":"read_memory","arguments":{"memoryType":"snesMemory","
[10:25:01.915] [mcp] <- {"jsonrpc":"2.0","id":2194,"method":"tools/call","params":{"name":"read_memory","arguments":{"memoryType":"snesMemory","
[10:25:01.915] [mcp] <- {"jsonrpc":"2.0","id":2195,"method":"tools/call","params":{"name":"read_memory","arguments":{"memoryType":"snesMemory","
[10:25:01.916] [mcp] <- {"jsonrpc":"2.0","id":2196,"method":"tools/call","params":{"name":"read_memory","arguments":{"memoryType":"snesMemory","
[10:25:01.916] [mcp] <- {"jsonrpc":"2.0","id":2197,"method":"tools/call","params":{"name":"read_memory","arguments":{"memoryType":"snesMemory","
[10:25:01.916] [mcp] <- {"jsonrpc":"2.0","id":2198,"method":"tools/call","params":{"name":"read_memory","arguments":{"memoryType":"snesMemory","
[10:25:01.917] [mcp] <- {"jsonrpc":"2.0","id":2199,"method":"tools/call","params":{"name":"read_memory","arguments":{"memoryType":"snesMemory","
[10:25:01.917] [mcp] <- {"jsonrpc":"2.0","id":2200,"method":"tools/call","params":{"name":"read_memory","arguments":{"memoryType":"snesMemory","
[10:25:01.917] [mcp] <- {"jsonrpc":"2.0","id":2201,"method":"tools/call","params":{"name":"read_memory","arguments":{"memoryType":"snesMemory","
[10:25:01.917] [mcp] <- {"jsonrpc":"2.0","id":2202,"method":"tools/call","params":{"name":"read_memory","arguments":{"memoryType":"snesMemory","
[10:25:01.918] [mcp] <- {"jsonrpc":"2.0","id":2203,"method":"tools/call","params":{"name":"read_memory","arguments":{"memoryType":"snesMemory","
[10:25:01.918] [mcp] <- {"jsonrpc":"2.0","id":2204,"method":"tools/call","params":{"name":"read_memory","arguments":{"memoryType":"snesMemory","
[10:25:01.918] [mcp] <- {"jsonrpc":"2.0","id":2205,"method":"tools/call","params":{"name":"read_memory","arguments":{"memoryType":"snesMemory","
[10:25:01.919] [mcp] <- {"jsonrpc":"2.0","id":2206,"method":"tools/call","params":{"name":"read_memory","arguments":{"memoryType":"snesMemory","
[10:25:01.919] [mcp] <- {"jsonrpc":"2.0","id":2207,"method":"tools/call","params":{"name":"read_memory","arguments":{"memoryType":"snesMemory","
[10:25:01.919] [mcp] <- {"jsonrpc":"2.0","id":2208,"method":"tools/call","params":{"name":"read_memory","arguments":{"memoryType":"snesMemory","
[10:25:01.920] [mcp] <- {"jsonrpc":"2.0","id":2209,"method":"tools/call","params":{"name":"read_memory","arguments":{"memoryType":"snesMemory","
[10:25:01.920] [mcp] <- {"jsonrpc":"2.0","id":2210,"method":"tools/call","params":{"name":"read_memory","arguments":{"memoryType":"snesMemory","
[10:25:01.920] [mcp] <- {"jsonrpc":"2.0","id":2211,"method":"tools/call","params":{"name":"read_memory","arguments":{"memoryType":"snesMemory","
[10:25:01.920] [mcp] <- {"jsonrpc":"2.0","id":2212,"method":"tools/call","params":{"name":"read_memory","arguments":{"memoryType":"snesMemory","
[10:25:01.921] [mcp] <- {"jsonrpc":"2.0","id":2213,"method":"tools/call","params":{"name":"read_memory","arguments":{"memoryType":"snesMemory","
[10:25:01.921] [mcp] <- {"jsonrpc":"2.0","id":2214,"method":"tools/call","params":{"name":"read_memory","arguments":{"memoryType":"snesMemory","
[10:25:01.921] [mcp] <- {"jsonrpc":"2.0","id":2215,"method":"tools/call","params":{"name":"read_memory","arguments":{"memoryType":"snesMemory","
[10:25:01.922] [mcp] <- {"jsonrpc":"2.0","id":2216,"method":"tools/call","params":{"name":"read_memory","arguments":{"memoryType":"snesMemory","
[10:25:01.922] [mcp] <- {"jsonrpc":"2.0","id":2217,"method":"tools/call","params":{"name":"read_memory","arguments":{"memoryType":"snesMemory","
[10:25:01.922] [mcp] <- {"jsonrpc":"2.0","id":2218,"method":"tools/call","params":{"name":"read_memory","arguments":{"memoryType":"snesMemory","
[10:25:01.923] [mcp] <- {"jsonrpc":"2.0","id":2219,"method":"tools/call","params":{"name":"read_memory","arguments":{"memoryType":"snesMemory","
[10:25:01.964] [mcp] <- {"jsonrpc":"2.0","id":2220,"method":"tools/call","params":{"name":"read_memory","arguments":{"memoryType":"snesMemory","
[10:25:01.964] [mcp] <- {"jsonrpc":"2.0","id":2221,"method":"tools/call","params":{"name":"read_memory","arguments":{"memoryType":"snesMemory","
[10:25:01.965] [mcp] <- {"jsonrpc":"2.0","id":2222,"method":"tools/call","params":{"name":"read_memory","arguments":{"memoryType":"snesMemory","
[10:25:01.965] [mcp] <- {"jsonrpc":"2.0","id":2223,"method":"tools/call","params":{"name":"read_memory","arguments":{"memoryType":"snesMemory","
[10:25:01.965] [mcp] <- {"jsonrpc":"2.0","id":2224,"method":"tools/call","params":{"name":"read_memory","arguments":{"memoryType":"snesMemory","
[10:25:01.965] [mcp] <- {"jsonrpc":"2.0","id":2225,"method":"tools/call","params":{"name":"read_memory","arguments":{"memoryType":"snesMemory","
[10:25:01.966] [mcp] <- {"jsonrpc":"2.0","id":2226,"method":"tools/call","params":{"name":"read_memory","arguments":{"memoryType":"snesMemory","
[10:25:01.966] [mcp] <- {"jsonrpc":"2.0","id":2227,"method":"tools/call","params":{"name":"read_memory","arguments":{"memoryType":"snesMemory","
[10:25:01.966] [mcp] <- {"jsonrpc":"2.0","id":2228,"method":"tools/call","params":{"name":"read_memory","arguments":{"memoryType":"snesMemory","
[10:25:01.967] [mcp] <- {"jsonrpc":"2.0","id":2229,"method":"tools/call","params":{"name":"read_memory","arguments":{"memoryType":"snesMemory","
[10:25:01.967] [mcp] <- {"jsonrpc":"2.0","id":2230,"method":"tools/call","params":{"name":"read_memory","arguments":{"memoryType":"snesMemory","
[10:25:01.967] [mcp] <- {"jsonrpc":"2.0","id":2231,"method":"tools/call","params":{"name":"read_memory","arguments":{"memoryType":"snesMemory","
[10:25:01.968] [mcp] <- {"jsonrpc":"2.0","id":2232,"method":"tools/call","params":{"name":"read_memory","arguments":{"memoryType":"snesMemory","
[10:25:01.968] [mcp] <- {"jsonrpc":"2.0","id":2233,"method":"tools/call","params":{"name":"read_memory","arguments":{"memoryType":"snesMemory","
[10:25:01.968] [mcp] <- {"jsonrpc":"2.0","id":2234,"method":"tools/call","params":{"name":"read_memory","arguments":{"memoryType":"snesMemory","
[10:25:01.969] [mcp] <- {"jsonrpc":"2.0","id":2235,"method":"tools/call","params":{"name":"read_memory","arguments":{"memoryType":"snesMemory","
[10:25:01.969] [mcp] <- {"jsonrpc":"2.0","id":2236,"method":"tools/call","params":{"name":"read_memory","arguments":{"memoryType":"snesMemory","
[10:25:01.971] [mcp] <- {"jsonrpc":"2.0","id":2237,"method":"tools/call","params":{"name":"read_memory","arguments":{"memoryType":"snesMemory","
[10:25:01.972] [mcp] <- {"jsonrpc":"2.0","id":2238,"method":"tools/call","params":{"name":"read_memory","arguments":{"memoryType":"snesMemory","
[10:25:01.972] [mcp] <- {"jsonrpc":"2.0","id":2239,"method":"tools/call","params":{"name":"read_memory","arguments":{"memoryType":"snesMemory","
[10:25:01.972] [mcp] <- {"jsonrpc":"2.0","id":2240,"method":"tools/call","params":{"name":"read_memory","arguments":{"memoryType":"snesMemory","
[10:25:01.973] [mcp] <- {"jsonrpc":"2.0","id":2241,"method":"tools/call","params":{"name":"read_memory","arguments":{"memoryType":"snesMemory","
[10:25:01.973] [mcp] <- {"jsonrpc":"2.0","id":2242,"method":"tools/call","params":{"name":"read_memory","arguments":{"memoryType":"snesMemory","
[10:25:01.973] [mcp] <- {"jsonrpc":"2.0","id":2243,"method":"tools/call","params":{"name":"read_memory","arguments":{"memoryType":"snesMemory","
[10:25:01.974] [mcp] <- {"jsonrpc":"2.0","id":2244,"method":"tools/call","params":{"name":"read_memory","arguments":{"memoryType":"snesMemory","
[10:25:01.974] [mcp] <- {"jsonrpc":"2.0","id":2245,"method":"tools/call","params":{"name":"read_memory","arguments":{"memoryType":"snesMemory","
[10:25:01.974] [mcp] <- {"jsonrpc":"2.0","id":2246,"method":"tools/call","params":{"name":"read_memory","arguments":{"memoryType":"snesMemory","
[10:25:01.975] [mcp] <- {"jsonrpc":"2.0","id":2247,"method":"tools/call","params":{"name":"read_memory","arguments":{"memoryType":"snesMemory","
[10:25:01.975] [mcp] <- {"jsonrpc":"2.0","id":2248,"method":"tools/call","params":{"name":"read_memory","arguments":{"memoryType":"snesMemory","
[10:25:01.975] [mcp] <- {"jsonrpc":"2.0","id":2249,"method":"tools/call","params":{"name":"read_memory","arguments":{"memoryType":"snesMemory","
[10:25:01.975] [mcp] <- {"jsonrpc":"2.0","id":2250,"method":"tools/call","params":{"name":"read_memory","arguments":{"memoryType":"snesMemory","
[10:25:01.976] [mcp] <- {"jsonrpc":"2.0","id":2251,"method":"tools/call","params":{"name":"read_memory","arguments":{"memoryType":"snesMemory","
[10:25:01.976] [mcp] <- {"jsonrpc":"2.0","id":2252,"method":"tools/call","params":{"name":"read_memory","arguments":{"memoryType":"snesMemory","
[10:25:01.976] [mcp] <- {"jsonrpc":"2.0","id":2253,"method":"tools/call","params":{"name":"read_memory","arguments":{"memoryType":"snesMemory","
[10:25:01.977] [mcp] <- {"jsonrpc":"2.0","id":2254,"method":"tools/call","params":{"name":"read_memory","arguments":{"memoryType":"snesMemory","
[10:25:01.977] [mcp] <- {"jsonrpc":"2.0","id":2255,"method":"tools/call","params":{"name":"read_memory","arguments":{"memoryType":"snesMemory","
[10:25:01.977] [mcp] <- {"jsonrpc":"2.0","id":2256,"method":"tools/call","params":{"name":"read_memory","arguments":{"memoryType":"snesMemory","
[10:25:01.978] [mcp] <- {"jsonrpc":"2.0","id":2257,"method":"tools/call","params":{"name":"read_memory","arguments":{"memoryType":"snesMemory","
[10:25:01.978] [mcp] <- {"jsonrpc":"2.0","id":2258,"method":"tools/call","params":{"name":"resume","arguments":{}}}
[10:25:01.978] [mcp] <- {"jsonrpc":"2.0","id":2259,"method":"tools/call","params":{"name":"run_frames","arguments":{"count":32}}}
[10:25:02.569] [mcp] <- {"jsonrpc":"2.0","id":2260,"method":"tools/call","params":{"name":"resume","arguments":{}}}
[10:25:02.570] [mcp] <- {"jsonrpc":"2.0","id":2261,"method":"tools/call","params":{"name":"run_frames","arguments":{"count":32}}}
[10:25:03.094] [mcp] <- {"jsonrpc":"2.0","id":2262,"method":"tools/call","params":{"name":"read_memory","arguments":{"memoryType":"snesMemory","
[10:25:03.095] [mcp] <- {"jsonrpc":"2.0","id":2263,"method":"tools/call","params":{"name":"read_memory","arguments":{"memoryType":"snesMemory","
[10:25:03.095] [mcp] <- {"jsonrpc":"2.0","id":2264,"method":"tools/call","params":{"name":"read_memory","arguments":{"memoryType":"snesMemory","
[10:25:03.095] [mcp] <- {"jsonrpc":"2.0","id":2265,"method":"tools/call","params":{"name":"resume","arguments":{}}}
[10:25:03.096] [mcp] <- {"jsonrpc":"2.0","id":2266,"method":"tools/call","params":{"name":"run_frames","arguments":{"count":32}}}
[10:25:03.627] [mcp] <- {"jsonrpc":"2.0","id":2267,"method":"tools/call","params":{"name":"read_memory","arguments":{"memoryType":"snesMemory","
[10:25:03.627] [mcp] <- {"jsonrpc":"2.0","id":2268,"method":"tools/call","params":{"name":"read_memory","arguments":{"memoryType":"snesMemory","
[10:25:03.628] [mcp] <- {"jsonrpc":"2.0","id":2269,"method":"tools/call","params":{"name":"read_memory","arguments":{"memoryType":"snesMemory","
[10:25:03.628] [mcp] <- {"jsonrpc":"2.0","id":2270,"method":"tools/call","params":{"name":"resume","arguments":{}}}
[10:25:03.628] [mcp] <- {"jsonrpc":"2.0","id":2271,"method":"tools/call","params":{"name":"run_frames","arguments":{"count":32}}}
[10:25:04.160] [mcp] <- {"jsonrpc":"2.0","id":2272,"method":"tools/call","params":{"name":"read_memory","arguments":{"memoryType":"snesMemory","
[10:25:04.161] [mcp] <- {"jsonrpc":"2.0","id":2273,"method":"tools/call","params":{"name":"read_memory","arguments":{"memoryType":"snesMemory","
[10:25:04.161] [mcp] <- {"jsonrpc":"2.0","id":2274,"method":"tools/call","params":{"name":"read_memory","arguments":{"memoryType":"snesMemory","
[10:25:04.161] [mcp] <- {"jsonrpc":"2.0","id":2275,"method":"tools/call","params":{"name":"resume","arguments":{}}}
[10:25:04.162] [mcp] <- {"jsonrpc":"2.0","id":2276,"method":"tools/call","params":{"name":"run_frames","arguments":{"count":32}}}
[10:25:04.692] [mcp] <- {"jsonrpc":"2.0","id":2277,"method":"tools/call","params":{"name":"read_memory","arguments":{"memoryType":"snesMemory","
[10:25:04.692] [mcp] <- {"jsonrpc":"2.0","id":2278,"method":"tools/call","params":{"name":"read_memory","arguments":{"memoryType":"snesMemory","
[10:25:04.693] [mcp] <- {"jsonrpc":"2.0","id":2279,"method":"tools/call","params":{"name":"read_memory","arguments":{"memoryType":"snesMemory","
[10:25:04.693] [mcp] <- {"jsonrpc":"2.0","id":2280,"method":"tools/call","params":{"name":"resume","arguments":{}}}
[10:25:04.693] [mcp] <- {"jsonrpc":"2.0","id":2281,"method":"tools/call","params":{"name":"run_frames","arguments":{"count":32}}}
[10:25:05.225] [mcp] <- {"jsonrpc":"2.0","id":2282,"method":"tools/call","params":{"name":"read_memory","arguments":{"memoryType":"snesMemory","
[10:25:05.226] [mcp] <- {"jsonrpc":"2.0","id":2283,"method":"tools/call","params":{"name":"read_memory","arguments":{"memoryType":"snesMemory","
[10:25:05.226] [mcp] <- {"jsonrpc":"2.0","id":2284,"method":"tools/call","params":{"name":"read_memory","arguments":{"memoryType":"snesMemory","
[10:25:05.226] [mcp] <- {"jsonrpc":"2.0","id":2285,"method":"tools/call","params":{"name":"resume","arguments":{}}}
[10:25:05.227] [mcp] <- {"jsonrpc":"2.0","id":2286,"method":"tools/call","params":{"name":"run_frames","arguments":{"count":32}}}
[10:25:05.757] [mcp] <- {"jsonrpc":"2.0","id":2287,"method":"tools/call","params":{"name":"read_memory","arguments":{"memoryType":"snesMemory","
[10:25:05.757] [mcp] <- {"jsonrpc":"2.0","id":2288,"method":"tools/call","params":{"name":"read_memory","arguments":{"memoryType":"snesMemory","
[10:25:05.758] [mcp] <- {"jsonrpc":"2.0","id":2289,"method":"tools/call","params":{"name":"read_memory","arguments":{"memoryType":"snesMemory","
[10:25:05.758] [mcp] <- {"jsonrpc":"2.0","id":2290,"method":"tools/call","params":{"name":"resume","arguments":{}}}
[10:25:05.758] [mcp] <- {"jsonrpc":"2.0","id":2291,"method":"tools/call","params":{"name":"run_frames","arguments":{"count":32}}}
[10:25:06.290] [mcp] <- {"jsonrpc":"2.0","id":2292,"method":"tools/call","params":{"name":"read_memory","arguments":{"memoryType":"snesMemory","
[10:25:06.290] [mcp] <- {"jsonrpc":"2.0","id":2293,"method":"tools/call","params":{"name":"read_memory","arguments":{"memoryType":"snesMemory","
[10:25:06.291] [mcp] <- {"jsonrpc":"2.0","id":2294,"method":"tools/call","params":{"name":"read_memory","arguments":{"memoryType":"snesMemory","
[10:25:06.291] [mcp] <- {"jsonrpc":"2.0","id":2295,"method":"tools/call","params":{"name":"resume","arguments":{}}}
[10:25:06.291] [mcp] <- {"jsonrpc":"2.0","id":2296,"method":"tools/call","params":{"name":"run_frames","arguments":{"count":32}}}
[10:25:06.823] [mcp] <- {"jsonrpc":"2.0","id":2297,"method":"tools/call","params":{"name":"read_memory","arguments":{"memoryType":"snesMemory","
[10:25:06.823] [mcp] <- {"jsonrpc":"2.0","id":2298,"method":"tools/call","params":{"name":"read_memory","arguments":{"memoryType":"snesMemory","
[10:25:06.823] [mcp] <- {"jsonrpc":"2.0","id":2299,"method":"tools/call","params":{"name":"read_memory","arguments":{"memoryType":"snesMemory","
[10:25:06.825] [mcp] <- {"jsonrpc":"2.0","id":2300,"method":"tools/call","params":{"name":"resume","arguments":{}}}
[10:25:06.826] [mcp] <- {"jsonrpc":"2.0","id":2301,"method":"tools/call","params":{"name":"run_frames","arguments":{"count":32}}}
[10:25:07.355] [mcp] <- {"jsonrpc":"2.0","id":2302,"method":"tools/call","params":{"name":"read_memory","arguments":{"memoryType":"snesMemory","
[10:25:07.355] [mcp] <- {"jsonrpc":"2.0","id":2303,"method":"tools/call","params":{"name":"read_memory","arguments":{"memoryType":"snesMemory","
[10:25:07.356] [mcp] <- {"jsonrpc":"2.0","id":2304,"method":"tools/call","params":{"name":"read_memory","arguments":{"memoryType":"snesMemory","
[10:25:07.356] [mcp] <- {"jsonrpc":"2.0","id":2305,"method":"tools/call","params":{"name":"resume","arguments":{}}}
[10:25:07.356] [mcp] <- {"jsonrpc":"2.0","id":2306,"method":"tools/call","params":{"name":"run_frames","arguments":{"count":32}}}
[10:25:07.887] [mcp] <- {"jsonrpc":"2.0","id":2307,"method":"tools/call","params":{"name":"read_memory","arguments":{"memoryType":"snesMemory","
[10:25:07.887] [mcp] <- {"jsonrpc":"2.0","id":2308,"method":"tools/call","params":{"name":"read_memory","arguments":{"memoryType":"snesMemory","
[10:25:07.887] [mcp] <- {"jsonrpc":"2.0","id":2309,"method":"tools/call","params":{"name":"read_memory","arguments":{"memoryType":"snesMemory","
[10:25:07.888] [mcp] <- {"jsonrpc":"2.0","id":2310,"method":"tools/call","params":{"name":"resume","arguments":{}}}
[10:25:07.888] [mcp] <- {"jsonrpc":"2.0","id":2311,"method":"tools/call","params":{"name":"run_frames","arguments":{"count":32}}}
[10:25:08.419] [mcp] <- {"jsonrpc":"2.0","id":2312,"method":"tools/call","params":{"name":"read_memory","arguments":{"memoryType":"snesMemory","
[10:25:08.420] [mcp] <- {"jsonrpc":"2.0","id":2313,"method":"tools/call","params":{"name":"read_memory","arguments":{"memoryType":"snesMemory","
[10:25:08.420] [mcp] <- {"jsonrpc":"2.0","id":2314,"method":"tools/call","params":{"name":"read_memory","arguments":{"memoryType":"snesMemory","
[10:25:08.420] [mcp] <- {"jsonrpc":"2.0","id":2315,"method":"tools/call","params":{"name":"resume","arguments":{}}}
[10:25:08.421] [mcp] <- {"jsonrpc":"2.0","id":2316,"method":"tools/call","params":{"name":"run_frames","arguments":{"count":32}}}
[10:25:08.952] [mcp] <- {"jsonrpc":"2.0","id":2317,"method":"tools/call","params":{"name":"read_memory","arguments":{"memoryType":"snesMemory","
[10:25:08.953] [mcp] <- {"jsonrpc":"2.0","id":2318,"method":"tools/call","params":{"name":"read_memory","arguments":{"memoryType":"snesMemory","
[10:25:08.953] [mcp] <- {"jsonrpc":"2.0","id":2319,"method":"tools/call","params":{"name":"read_memory","arguments":{"memoryType":"snesMemory","
[10:25:08.953] [mcp] <- {"jsonrpc":"2.0","id":2320,"method":"tools/call","params":{"name":"resume","arguments":{}}}
[10:25:08.954] [mcp] <- {"jsonrpc":"2.0","id":2321,"method":"tools/call","params":{"name":"run_frames","arguments":{"count":32}}}
[10:25:09.484] [mcp] <- {"jsonrpc":"2.0","id":2322,"method":"tools/call","params":{"name":"read_memory","arguments":{"memoryType":"snesMemory","
[10:25:09.485] [mcp] <- {"jsonrpc":"2.0","id":2323,"method":"tools/call","params":{"name":"read_memory","arguments":{"memoryType":"snesMemory","
[10:25:09.485] [mcp] <- {"jsonrpc":"2.0","id":2324,"method":"tools/call","params":{"name":"read_memory","arguments":{"memoryType":"snesMemory","
[10:25:09.485] [mcp] <- {"jsonrpc":"2.0","id":2325,"method":"tools/call","params":{"name":"resume","arguments":{}}}
[10:25:09.486] [mcp] <- {"jsonrpc":"2.0","id":2326,"method":"tools/call","params":{"name":"run_frames","arguments":{"count":32}}}
[10:25:10.017] [mcp] <- {"jsonrpc":"2.0","id":2327,"method":"tools/call","params":{"name":"read_memory","arguments":{"memoryType":"snesMemory","
[10:25:10.017] [mcp] <- {"jsonrpc":"2.0","id":2328,"method":"tools/call","params":{"name":"read_memory","arguments":{"memoryType":"snesMemory","
[10:25:10.017] [mcp] <- {"jsonrpc":"2.0","id":2329,"method":"tools/call","params":{"name":"read_memory","arguments":{"memoryType":"snesMemory","
[10:25:10.017] [mcp] <- {"jsonrpc":"2.0","id":2330,"method":"tools/call","params":{"name":"resume","arguments":{}}}
[10:25:10.018] [mcp] <- {"jsonrpc":"2.0","id":2331,"method":"tools/call","params":{"name":"run_frames","arguments":{"count":32}}}
[10:25:10.557] [mcp] <- {"jsonrpc":"2.0","id":2332,"method":"tools/call","params":{"name":"read_memory","arguments":{"memoryType":"snesMemory","
[10:25:10.557] [mcp] <- {"jsonrpc":"2.0","id":2333,"method":"tools/call","params":{"name":"read_memory","arguments":{"memoryType":"snesMemory","
[10:25:10.558] [mcp] <- {"jsonrpc":"2.0","id":2334,"method":"tools/call","params":{"name":"read_memory","arguments":{"memoryType":"snesMemory","
[10:25:10.558] [mcp] <- {"jsonrpc":"2.0","id":2335,"method":"tools/call","params":{"name":"resume","arguments":{}}}
[10:25:10.558] [mcp] <- {"jsonrpc":"2.0","id":2336,"method":"tools/call","params":{"name":"run_frames","arguments":{"count":32}}}
[10:25:11.082] [mcp] <- {"jsonrpc":"2.0","id":2337,"method":"tools/call","params":{"name":"read_memory","arguments":{"memoryType":"snesMemory","
[10:25:11.082] [mcp] <- {"jsonrpc":"2.0","id":2338,"method":"tools/call","params":{"name":"read_memory","arguments":{"memoryType":"snesMemory","
[10:25:11.082] [mcp] <- {"jsonrpc":"2.0","id":2339,"method":"tools/call","params":{"name":"read_memory","arguments":{"memoryType":"snesMemory","
[10:25:11.082] [mcp] <- {"jsonrpc":"2.0","id":2340,"method":"tools/call","params":{"name":"resume","arguments":{}}}
[10:25:11.082] [mcp] <- {"jsonrpc":"2.0","id":2341,"method":"tools/call","params":{"name":"run_frames","arguments":{"count":32}}}
[10:25:11.614] [mcp] <- {"jsonrpc":"2.0","id":2342,"method":"tools/call","params":{"name":"read_memory","arguments":{"memoryType":"snesMemory","
[10:25:11.614] [mcp] <- {"jsonrpc":"2.0","id":2343,"method":"tools/call","params":{"name":"read_memory","arguments":{"memoryType":"snesMemory","
[10:25:11.614] [mcp] <- {"jsonrpc":"2.0","id":2344,"method":"tools/call","params":{"name":"read_memory","arguments":{"memoryType":"snesMemory","
[10:25:11.614] [mcp] <- {"jsonrpc":"2.0","id":2345,"method":"tools/call","params":{"name":"resume","arguments":{}}}
[10:25:11.614] [mcp] <- {"jsonrpc":"2.0","id":2346,"method":"tools/call","params":{"name":"run_frames","arguments":{"count":32}}}
[10:25:12.146] [mcp] <- {"jsonrpc":"2.0","id":2347,"method":"tools/call","params":{"name":"read_memory","arguments":{"memoryType":"snesMemory","
[10:25:12.146] [mcp] <- {"jsonrpc":"2.0","id":2348,"method":"tools/call","params":{"name":"read_memory","arguments":{"memoryType":"snesMemory","
[10:25:12.146] [mcp] <- {"jsonrpc":"2.0","id":2349,"method":"tools/call","params":{"name":"read_memory","arguments":{"memoryType":"snesMemory","
[10:25:12.149] [mcp] <- {"jsonrpc":"2.0","id":2350,"method":"tools/call","params":{"name":"resume","arguments":{}}}
[10:25:12.149] [mcp] <- {"jsonrpc":"2.0","id":2351,"method":"tools/call","params":{"name":"run_frames","arguments":{"count":32}}}
[10:25:12.679] [mcp] <- {"jsonrpc":"2.0","id":2352,"method":"tools/call","params":{"name":"read_memory","arguments":{"memoryType":"snesMemory","
[10:25:12.679] [mcp] <- {"jsonrpc":"2.0","id":2353,"method":"tools/call","params":{"name":"read_memory","arguments":{"memoryType":"snesMemory","
[10:25:12.679] [mcp] <- {"jsonrpc":"2.0","id":2354,"method":"tools/call","params":{"name":"read_memory","arguments":{"memoryType":"snesMemory","
[10:25:12.679] [mcp] <- {"jsonrpc":"2.0","id":2355,"method":"tools/call","params":{"name":"resume","arguments":{}}}
[10:25:12.680] [mcp] <- {"jsonrpc":"2.0","id":2356,"method":"tools/call","params":{"name":"run_frames","arguments":{"count":32}}}
[10:25:13.212] [mcp] <- {"jsonrpc":"2.0","id":2357,"method":"tools/call","params":{"name":"read_memory","arguments":{"memoryType":"snesMemory","
[10:25:13.212] [mcp] <- {"jsonrpc":"2.0","id":2358,"method":"tools/call","params":{"name":"read_memory","arguments":{"memoryType":"snesMemory","
[10:25:13.212] [mcp] <- {"jsonrpc":"2.0","id":2359,"method":"tools/call","params":{"name":"read_memory","arguments":{"memoryType":"snesMemory","
[10:25:13.212] [mcp] <- {"jsonrpc":"2.0","id":2360,"method":"tools/call","params":{"name":"resume","arguments":{}}}
[10:25:13.213] [mcp] <- {"jsonrpc":"2.0","id":2361,"method":"tools/call","params":{"name":"run_frames","arguments":{"count":32}}}
[10:25:13.744] [mcp] <- {"jsonrpc":"2.0","id":2362,"method":"tools/call","params":{"name":"read_memory","arguments":{"memoryType":"snesMemory","
[10:25:13.744] [mcp] <- {"jsonrpc":"2.0","id":2363,"method":"tools/call","params":{"name":"read_memory","arguments":{"memoryType":"snesMemory","
[10:25:13.745] [mcp] <- {"jsonrpc":"2.0","id":2364,"method":"tools/call","params":{"name":"read_memory","arguments":{"memoryType":"snesMemory","
[10:25:13.745] [mcp] <- {"jsonrpc":"2.0","id":2365,"method":"tools/call","params":{"name":"resume","arguments":{}}}
[10:25:13.745] [mcp] <- {"jsonrpc":"2.0","id":2366,"method":"tools/call","params":{"name":"run_frames","arguments":{"count":32}}}
[10:25:14.276] [mcp] <- {"jsonrpc":"2.0","id":2367,"method":"tools/call","params":{"name":"read_memory","arguments":{"memoryType":"snesMemory","
[10:25:14.277] [mcp] <- {"jsonrpc":"2.0","id":2368,"method":"tools/call","params":{"name":"read_memory","arguments":{"memoryType":"snesMemory","
[10:25:14.277] [mcp] <- {"jsonrpc":"2.0","id":2369,"method":"tools/call","params":{"name":"read_memory","arguments":{"memoryType":"snesMemory","
[10:25:14.277] [mcp] <- {"jsonrpc":"2.0","id":2370,"method":"tools/call","params":{"name":"resume","arguments":{}}}
[10:25:14.278] [mcp] <- {"jsonrpc":"2.0","id":2371,"method":"tools/call","params":{"name":"run_frames","arguments":{"count":32}}}
[10:25:14.809] [mcp] <- {"jsonrpc":"2.0","id":2372,"method":"tools/call","params":{"name":"read_memory","arguments":{"memoryType":"snesMemory","
[10:25:14.810] [mcp] <- {"jsonrpc":"2.0","id":2373,"method":"tools/call","params":{"name":"read_memory","arguments":{"memoryType":"snesMemory","
[10:25:14.810] [mcp] <- {"jsonrpc":"2.0","id":2374,"method":"tools/call","params":{"name":"read_memory","arguments":{"memoryType":"snesMemory","
[10:25:14.810] [mcp] <- {"jsonrpc":"2.0","id":2375,"method":"tools/call","params":{"name":"resume","arguments":{}}}
[10:25:14.810] [mcp] <- {"jsonrpc":"2.0","id":2376,"method":"tools/call","params":{"name":"run_frames","arguments":{"count":32}}}
[10:25:15.341] [mcp] <- {"jsonrpc":"2.0","id":2377,"method":"tools/call","params":{"name":"read_memory","arguments":{"memoryType":"snesMemory","
[10:25:15.341] [mcp] <- {"jsonrpc":"2.0","id":2378,"method":"tools/call","params":{"name":"read_memory","arguments":{"memoryType":"snesMemory","
[10:25:15.342] [mcp] <- {"jsonrpc":"2.0","id":2379,"method":"tools/call","params":{"name":"read_memory","arguments":{"memoryType":"snesMemory","
[10:25:15.342] [mcp] <- {"jsonrpc":"2.0","id":2380,"method":"tools/call","params":{"name":"resume","arguments":{}}}
[10:25:15.342] [mcp] <- {"jsonrpc":"2.0","id":2381,"method":"tools/call","params":{"name":"run_frames","arguments":{"count":32}}}
[10:25:15.874] [mcp] <- {"jsonrpc":"2.0","id":2382,"method":"tools/call","params":{"name":"read_memory","arguments":{"memoryType":"snesMemory","
[10:25:15.874] [mcp] <- {"jsonrpc":"2.0","id":2383,"method":"tools/call","params":{"name":"read_memory","arguments":{"memoryType":"snesMemory","
[10:25:15.874] [mcp] <- {"jsonrpc":"2.0","id":2384,"method":"tools/call","params":{"name":"read_memory","arguments":{"memoryType":"snesMemory","
[10:25:15.874] [mcp] <- {"jsonrpc":"2.0","id":2385,"method":"tools/call","params":{"name":"resume","arguments":{}}}
[10:25:15.875] [mcp] <- {"jsonrpc":"2.0","id":2386,"method":"tools/call","params":{"name":"run_frames","arguments":{"count":32}}}
[10:25:16.407] [mcp] <- {"jsonrpc":"2.0","id":2387,"method":"tools/call","params":{"name":"read_memory","arguments":{"memoryType":"snesMemory","
[10:25:16.407] [mcp] <- {"jsonrpc":"2.0","id":2388,"method":"tools/call","params":{"name":"read_memory","arguments":{"memoryType":"snesMemory","
[10:25:16.407] [mcp] <- {"jsonrpc":"2.0","id":2389,"method":"tools/call","params":{"name":"read_memory","arguments":{"memoryType":"snesMemory","
[10:25:16.407] [mcp] <- {"jsonrpc":"2.0","id":2390,"method":"tools/call","params":{"name":"resume","arguments":{}}}
[10:25:16.408] [mcp] <- {"jsonrpc":"2.0","id":2391,"method":"tools/call","params":{"name":"run_frames","arguments":{"count":32}}}
[10:25:16.939] [mcp] <- {"jsonrpc":"2.0","id":2392,"method":"tools/call","params":{"name":"read_memory","arguments":{"memoryType":"snesMemory","
[10:25:16.939] [mcp] <- {"jsonrpc":"2.0","id":2393,"method":"tools/call","params":{"name":"read_memory","arguments":{"memoryType":"snesMemory","
[10:25:16.939] [mcp] <- {"jsonrpc":"2.0","id":2394,"method":"tools/call","params":{"name":"read_memory","arguments":{"memoryType":"snesMemory","
[10:25:16.940] [mcp] <- {"jsonrpc":"2.0","id":2395,"method":"tools/call","params":{"name":"resume","arguments":{}}}
[10:25:16.940] [mcp] <- {"jsonrpc":"2.0","id":2396,"method":"tools/call","params":{"name":"run_frames","arguments":{"count":32}}}
[10:25:17.472] [mcp] <- {"jsonrpc":"2.0","id":2397,"method":"tools/call","params":{"name":"read_memory","arguments":{"memoryType":"snesMemory","
[10:25:17.472] [mcp] <- {"jsonrpc":"2.0","id":2398,"method":"tools/call","params":{"name":"read_memory","arguments":{"memoryType":"snesMemory","
[10:25:17.472] [mcp] <- {"jsonrpc":"2.0","id":2399,"method":"tools/call","params":{"name":"read_memory","arguments":{"memoryType":"snesMemory","
[10:25:17.472] [mcp] <- {"jsonrpc":"2.0","id":2400,"method":"tools/call","params":{"name":"resume","arguments":{}}}
[10:25:17.472] [mcp] <- {"jsonrpc":"2.0","id":2401,"method":"tools/call","params":{"name":"run_frames","arguments":{"count":32}}}
[10:25:18.004] [mcp] <- {"jsonrpc":"2.0","id":2402,"method":"tools/call","params":{"name":"read_memory","arguments":{"memoryType":"snesMemory","
[10:25:18.004] [mcp] <- {"jsonrpc":"2.0","id":2403,"method":"tools/call","params":{"name":"read_memory","arguments":{"memoryType":"snesMemory","
[10:25:18.004] [mcp] <- {"jsonrpc":"2.0","id":2404,"method":"tools/call","params":{"name":"read_memory","arguments":{"memoryType":"snesMemory","
[10:25:18.004] [mcp] <- {"jsonrpc":"2.0","id":2405,"method":"tools/call","params":{"name":"resume","arguments":{}}}
[10:25:18.004] [mcp] <- {"jsonrpc":"2.0","id":2406,"method":"tools/call","params":{"name":"run_frames","arguments":{"count":32}}}
[10:25:18.541] [mcp] <- {"jsonrpc":"2.0","id":2407,"method":"tools/call","params":{"name":"read_memory","arguments":{"memoryType":"snesMemory","
[10:25:18.542] [mcp] <- {"jsonrpc":"2.0","id":2408,"method":"tools/call","params":{"name":"read_memory","arguments":{"memoryType":"snesMemory","
[10:25:18.542] [mcp] <- {"jsonrpc":"2.0","id":2409,"method":"tools/call","params":{"name":"read_memory","arguments":{"memoryType":"snesMemory","
[10:25:18.542] [mcp] <- {"jsonrpc":"2.0","id":2410,"method":"tools/call","params":{"name":"resume","arguments":{}}}
[10:25:18.543] [mcp] <- {"jsonrpc":"2.0","id":2411,"method":"tools/call","params":{"name":"run_frames","arguments":{"count":32}}}
[10:25:19.069] [mcp] <- {"jsonrpc":"2.0","id":2412,"method":"tools/call","params":{"name":"read_memory","arguments":{"memoryType":"snesMemory","
[10:25:19.069] [mcp] <- {"jsonrpc":"2.0","id":2413,"method":"tools/call","params":{"name":"read_memory","arguments":{"memoryType":"snesMemory","
[10:25:19.069] [mcp] <- {"jsonrpc":"2.0","id":2414,"method":"tools/call","params":{"name":"read_memory","arguments":{"memoryType":"snesMemory","
[10:25:19.070] [mcp] <- {"jsonrpc":"2.0","id":2415,"method":"tools/call","params":{"name":"resume","arguments":{}}}
[10:25:19.070] [mcp] <- {"jsonrpc":"2.0","id":2416,"method":"tools/call","params":{"name":"run_frames","arguments":{"count":32}}}
[10:25:19.601] [mcp] <- {"jsonrpc":"2.0","id":2417,"method":"tools/call","params":{"name":"read_memory","arguments":{"memoryType":"snesMemory","
[10:25:19.602] [mcp] <- {"jsonrpc":"2.0","id":2418,"method":"tools/call","params":{"name":"read_memory","arguments":{"memoryType":"snesMemory","
[10:25:19.602] [mcp] <- {"jsonrpc":"2.0","id":2419,"method":"tools/call","params":{"name":"read_memory","arguments":{"memoryType":"snesMemory","
[10:25:19.602] [mcp] <- {"jsonrpc":"2.0","id":2420,"method":"tools/call","params":{"name":"resume","arguments":{}}}
[10:25:19.603] [mcp] <- {"jsonrpc":"2.0","id":2421,"method":"tools/call","params":{"name":"run_frames","arguments":{"count":32}}}
[10:25:20.134] [mcp] <- {"jsonrpc":"2.0","id":2422,"method":"tools/call","params":{"name":"read_memory","arguments":{"memoryType":"snesMemory","
[10:25:20.134] [mcp] <- {"jsonrpc":"2.0","id":2423,"method":"tools/call","params":{"name":"read_memory","arguments":{"memoryType":"snesMemory","
[10:25:20.134] [mcp] <- {"jsonrpc":"2.0","id":2424,"method":"tools/call","params":{"name":"read_memory","arguments":{"memoryType":"snesMemory","
[10:25:20.135] [mcp] <- {"jsonrpc":"2.0","id":2425,"method":"tools/call","params":{"name":"resume","arguments":{}}}
[10:25:20.135] [mcp] <- {"jsonrpc":"2.0","id":2426,"method":"tools/call","params":{"name":"run_frames","arguments":{"count":32}}}
[10:25:20.666] [mcp] <- {"jsonrpc":"2.0","id":2427,"method":"tools/call","params":{"name":"read_memory","arguments":{"memoryType":"snesMemory","
[10:25:20.667] [mcp] <- {"jsonrpc":"2.0","id":2428,"method":"tools/call","params":{"name":"read_memory","arguments":{"memoryType":"snesMemory","
[10:25:20.667] [mcp] <- {"jsonrpc":"2.0","id":2429,"method":"tools/call","params":{"name":"read_memory","arguments":{"memoryType":"snesMemory","
[10:25:20.667] [mcp] <- {"jsonrpc":"2.0","id":2430,"method":"tools/call","params":{"name":"resume","arguments":{}}}
[10:25:20.668] [mcp] <- {"jsonrpc":"2.0","id":2431,"method":"tools/call","params":{"name":"run_frames","arguments":{"count":32}}}
[10:25:21.199] [mcp] <- {"jsonrpc":"2.0","id":2432,"method":"tools/call","params":{"name":"read_memory","arguments":{"memoryType":"snesMemory","
[10:25:21.199] [mcp] <- {"jsonrpc":"2.0","id":2433,"method":"tools/call","params":{"name":"read_memory","arguments":{"memoryType":"snesMemory","
[10:25:21.199] [mcp] <- {"jsonrpc":"2.0","id":2434,"method":"tools/call","params":{"name":"read_memory","arguments":{"memoryType":"snesMemory","
[10:25:21.200] [mcp] <- {"jsonrpc":"2.0","id":2435,"method":"tools/call","params":{"name":"resume","arguments":{}}}
[10:25:21.200] [mcp] <- {"jsonrpc":"2.0","id":2436,"method":"tools/call","params":{"name":"run_frames","arguments":{"count":32}}}
[10:25:21.731] [mcp] <- {"jsonrpc":"2.0","id":2437,"method":"tools/call","params":{"name":"read_memory","arguments":{"memoryType":"snesMemory","
[10:25:21.732] [mcp] <- {"jsonrpc":"2.0","id":2438,"method":"tools/call","params":{"name":"read_memory","arguments":{"memoryType":"snesMemory","
[10:25:21.732] [mcp] <- {"jsonrpc":"2.0","id":2439,"method":"tools/call","params":{"name":"read_memory","arguments":{"memoryType":"snesMemory","
[10:25:21.732] [mcp] <- {"jsonrpc":"2.0","id":2440,"method":"tools/call","params":{"name":"resume","arguments":{}}}
[10:25:21.733] [mcp] <- {"jsonrpc":"2.0","id":2441,"method":"tools/call","params":{"name":"run_frames","arguments":{"count":32}}}
[10:25:22.263] [mcp] <- {"jsonrpc":"2.0","id":2442,"method":"tools/call","params":{"name":"read_memory","arguments":{"memoryType":"snesMemory","
[10:25:22.263] [mcp] <- {"jsonrpc":"2.0","id":2443,"method":"tools/call","params":{"name":"read_memory","arguments":{"memoryType":"snesMemory","
[10:25:22.264] [mcp] <- {"jsonrpc":"2.0","id":2444,"method":"tools/call","params":{"name":"read_memory","arguments":{"memoryType":"snesMemory","
[10:25:22.264] [mcp] <- {"jsonrpc":"2.0","id":2445,"method":"tools/call","params":{"name":"resume","arguments":{}}}
[10:25:22.264] [mcp] <- {"jsonrpc":"2.0","id":2446,"method":"tools/call","params":{"name":"run_frames","arguments":{"count":32}}}
[10:25:22.795] [mcp] <- {"jsonrpc":"2.0","id":2447,"method":"tools/call","params":{"name":"read_memory","arguments":{"memoryType":"snesMemory","
[10:25:22.796] [mcp] <- {"jsonrpc":"2.0","id":2448,"method":"tools/call","params":{"name":"read_memory","arguments":{"memoryType":"snesMemory","
[10:25:22.796] [mcp] <- {"jsonrpc":"2.0","id":2449,"method":"tools/call","params":{"name":"read_memory","arguments":{"memoryType":"snesMemory","
[10:25:22.797] [mcp] <- {"jsonrpc":"2.0","id":2450,"method":"tools/call","params":{"name":"resume","arguments":{}}}
[10:25:22.797] [mcp] <- {"jsonrpc":"2.0","id":2451,"method":"tools/call","params":{"name":"run_frames","arguments":{"count":32}}}
[10:25:23.328] [mcp] <- {"jsonrpc":"2.0","id":2452,"method":"tools/call","params":{"name":"read_memory","arguments":{"memoryType":"snesMemory","
[10:25:23.329] [mcp] <- {"jsonrpc":"2.0","id":2453,"method":"tools/call","params":{"name":"read_memory","arguments":{"memoryType":"snesMemory","
[10:25:23.329] [mcp] <- {"jsonrpc":"2.0","id":2454,"method":"tools/call","params":{"name":"read_memory","arguments":{"memoryType":"snesMemory","
[10:25:23.329] [mcp] <- {"jsonrpc":"2.0","id":2455,"method":"tools/call","params":{"name":"resume","arguments":{}}}
[10:25:23.330] [mcp] <- {"jsonrpc":"2.0","id":2456,"method":"tools/call","params":{"name":"run_frames","arguments":{"count":32}}}
[10:25:23.860] [mcp] <- {"jsonrpc":"2.0","id":2457,"method":"tools/call","params":{"name":"read_memory","arguments":{"memoryType":"snesMemory","
[10:25:23.861] [mcp] <- {"jsonrpc":"2.0","id":2458,"method":"tools/call","params":{"name":"read_memory","arguments":{"memoryType":"snesMemory","
[10:25:23.861] [mcp] <- {"jsonrpc":"2.0","id":2459,"method":"tools/call","params":{"name":"read_memory","arguments":{"memoryType":"snesMemory","
[10:25:23.862] [mcp] <- {"jsonrpc":"2.0","id":2460,"method":"tools/call","params":{"name":"resume","arguments":{}}}
[10:25:23.862] [mcp] <- {"jsonrpc":"2.0","id":2461,"method":"tools/call","params":{"name":"run_frames","arguments":{"count":32}}}
[10:25:24.393] [mcp] <- {"jsonrpc":"2.0","id":2462,"method":"tools/call","params":{"name":"read_memory","arguments":{"memoryType":"snesMemory","
[10:25:24.393] [mcp] <- {"jsonrpc":"2.0","id":2463,"method":"tools/call","params":{"name":"read_memory","arguments":{"memoryType":"snesMemory","
[10:25:24.394] [mcp] <- {"jsonrpc":"2.0","id":2464,"method":"tools/call","params":{"name":"read_memory","arguments":{"memoryType":"snesMemory","
[10:25:24.394] [mcp] <- {"jsonrpc":"2.0","id":2465,"method":"tools/call","params":{"name":"resume","arguments":{}}}
[10:25:24.394] [mcp] <- {"jsonrpc":"2.0","id":2466,"method":"tools/call","params":{"name":"run_frames","arguments":{"count":32}}}
[10:25:24.926] [mcp] <- {"jsonrpc":"2.0","id":2467,"method":"tools/call","params":{"name":"read_memory","arguments":{"memoryType":"snesMemory","
[10:25:24.926] [mcp] <- {"jsonrpc":"2.0","id":2468,"method":"tools/call","params":{"name":"read_memory","arguments":{"memoryType":"snesMemory","
[10:25:24.927] [mcp] <- {"jsonrpc":"2.0","id":2469,"method":"tools/call","params":{"name":"read_memory","arguments":{"memoryType":"snesMemory","
[10:25:24.927] [mcp] <- {"jsonrpc":"2.0","id":2470,"method":"tools/call","params":{"name":"resume","arguments":{}}}
[10:25:24.927] [mcp] <- {"jsonrpc":"2.0","id":2471,"method":"tools/call","params":{"name":"run_frames","arguments":{"count":32}}}
[10:25:25.459] [mcp] <- {"jsonrpc":"2.0","id":2472,"method":"tools/call","params":{"name":"read_memory","arguments":{"memoryType":"snesMemory","
[10:25:25.459] [mcp] <- {"jsonrpc":"2.0","id":2473,"method":"tools/call","params":{"name":"read_memory","arguments":{"memoryType":"snesMemory","
[10:25:25.459] [mcp] <- {"jsonrpc":"2.0","id":2474,"method":"tools/call","params":{"name":"read_memory","arguments":{"memoryType":"snesMemory","
[10:25:25.460] [mcp] <- {"jsonrpc":"2.0","id":2475,"method":"tools/call","params":{"name":"resume","arguments":{}}}
[10:25:25.460] [mcp] <- {"jsonrpc":"2.0","id":2476,"method":"tools/call","params":{"name":"run_frames","arguments":{"count":32}}}
[10:25:25.990] [mcp] <- {"jsonrpc":"2.0","id":2477,"method":"tools/call","params":{"name":"read_memory","arguments":{"memoryType":"snesMemory","
[10:25:25.991] [mcp] <- {"jsonrpc":"2.0","id":2478,"method":"tools/call","params":{"name":"read_memory","arguments":{"memoryType":"snesMemory","
[10:25:25.991] [mcp] <- {"jsonrpc":"2.0","id":2479,"method":"tools/call","params":{"name":"read_memory","arguments":{"memoryType":"snesMemory","
[10:25:25.991] [mcp] <- {"jsonrpc":"2.0","id":2480,"method":"tools/call","params":{"name":"resume","arguments":{}}}
[10:25:25.991] [mcp] <- {"jsonrpc":"2.0","id":2481,"method":"tools/call","params":{"name":"run_frames","arguments":{"count":32}}}
[10:25:26.529] [mcp] <- {"jsonrpc":"2.0","id":2482,"method":"tools/call","params":{"name":"read_memory","arguments":{"memoryType":"snesMemory","
[10:25:26.529] [mcp] <- {"jsonrpc":"2.0","id":2483,"method":"tools/call","params":{"name":"read_memory","arguments":{"memoryType":"snesMemory","
[10:25:26.529] [mcp] <- {"jsonrpc":"2.0","id":2484,"method":"tools/call","params":{"name":"read_memory","arguments":{"memoryType":"snesMemory","
[10:25:26.529] [mcp] <- {"jsonrpc":"2.0","id":2485,"method":"tools/call","params":{"name":"resume","arguments":{}}}
[10:25:26.530] [mcp] <- {"jsonrpc":"2.0","id":2486,"method":"tools/call","params":{"name":"run_frames","arguments":{"count":32}}}
[10:25:27.055] [mcp] <- {"jsonrpc":"2.0","id":2487,"method":"tools/call","params":{"name":"read_memory","arguments":{"memoryType":"snesMemory","
[10:25:27.055] [mcp] <- {"jsonrpc":"2.0","id":2488,"method":"tools/call","params":{"name":"read_memory","arguments":{"memoryType":"snesMemory","
[10:25:27.055] [mcp] <- {"jsonrpc":"2.0","id":2489,"method":"tools/call","params":{"name":"read_memory","arguments":{"memoryType":"snesMemory","
[10:25:27.056] [mcp] <- {"jsonrpc":"2.0","id":2490,"method":"tools/call","params":{"name":"resume","arguments":{}}}
[10:25:27.056] [mcp] <- {"jsonrpc":"2.0","id":2491,"method":"tools/call","params":{"name":"run_frames","arguments":{"count":32}}}
[10:25:27.587] [mcp] <- {"jsonrpc":"2.0","id":2492,"method":"tools/call","params":{"name":"read_memory","arguments":{"memoryType":"snesMemory","
[10:25:27.588] [mcp] <- {"jsonrpc":"2.0","id":2493,"method":"tools/call","params":{"name":"read_memory","arguments":{"memoryType":"snesMemory","
[10:25:27.588] [mcp] <- {"jsonrpc":"2.0","id":2494,"method":"tools/call","params":{"name":"read_memory","arguments":{"memoryType":"snesMemory","
[10:25:27.588] [mcp] <- {"jsonrpc":"2.0","id":2495,"method":"tools/call","params":{"name":"resume","arguments":{}}}
[10:25:27.588] [mcp] <- {"jsonrpc":"2.0","id":2496,"method":"tools/call","params":{"name":"run_frames","arguments":{"count":32}}}
[10:25:28.121] [mcp] <- {"jsonrpc":"2.0","id":2497,"method":"tools/call","params":{"name":"read_memory","arguments":{"memoryType":"snesMemory","
[10:25:28.121] [mcp] <- {"jsonrpc":"2.0","id":2498,"method":"tools/call","params":{"name":"read_memory","arguments":{"memoryType":"snesMemory","
[10:25:28.121] [mcp] <- {"jsonrpc":"2.0","id":2499,"method":"tools/call","params":{"name":"read_memory","arguments":{"memoryType":"snesMemory","
[10:25:28.121] [mcp] <- {"jsonrpc":"2.0","id":2500,"method":"tools/call","params":{"name":"resume","arguments":{}}}
[10:25:28.121] [mcp] <- {"jsonrpc":"2.0","id":2501,"method":"tools/call","params":{"name":"run_frames","arguments":{"count":1}}}
[10:25:28.145] [mcp] <- {"jsonrpc":"2.0","id":2502,"method":"tools/call","params":{"name":"read_memory","arguments":{"memoryType":"snesMemory","
[10:25:28.145] [mcp] <- {"jsonrpc":"2.0","id":2503,"method":"tools/call","params":{"name":"resume","arguments":{}}}
[10:25:28.145] [mcp] <- {"jsonrpc":"2.0","id":2504,"method":"tools/call","params":{"name":"run_frames","arguments":{"count":1}}}
[10:25:28.170] [mcp] <- {"jsonrpc":"2.0","id":2505,"method":"tools/call","params":{"name":"take_screenshot","arguments":{"format":"base64"}}}
[10:25:28.355] [mcp] <- {"jsonrpc":"2.0","id":2506,"method":"tools/call","params":{"name":"read_memory","arguments":{"memoryType":"snesMemory","
[10:25:28.410] [mcp] <- {"jsonrpc":"2.0","id":2507,"method":"tools/call","params":{"name":"read_memory","arguments":{"memoryType":"snesMemory","
[10:25:28.518] [mcp] <- {"jsonrpc":"2.0","id":2508,"method":"tools/call","params":{"name":"set_input","arguments":{"port":0,"buttons":0,"frames"
[10:25:28.571] [mcp] <- {"jsonrpc":"2.0","id":2509,"method":"tools/call","params":{"name":"resume","arguments":{}}}
[10:25:28.571] [mcp] <- {"jsonrpc":"2.0","id":2510,"method":"tools/call","params":{"name":"run_frames","arguments":{"count":1}}}
[10:25:28.604] [mcp] <- {"jsonrpc":"2.0","id":2511,"method":"tools/call","params":{"name":"render_tilemap","arguments":{"layer":5,"scale":1,"for
[10:25:28.694] [mcp] <- {"jsonrpc":"2.0","id":2512,"method":"tools/call","params":{"name":"read_memory","arguments":{"memoryType":"snesMemory","
[10:25:28.695] [mcp] <- {"jsonrpc":"2.0","id":2513,"method":"tools/call","params":{"name":"read_memory","arguments":{"memoryType":"snesMemory","
[10:25:28.695] [mcp] <- {"jsonrpc":"2.0","id":2514,"method":"tools/call","params":{"name":"read_memory","arguments":{"memoryType":"sa1Memory","a
[10:25:28.695] [mcp] <- {"jsonrpc":"2.0","id":2515,"method":"tools/call","params":{"name":"read_memory","arguments":{"memoryType":"sa1Memory","a
[10:25:28.742] [mcp] <- {"jsonrpc":"2.0","id":2516,"method":"tools/call","params":{"name":"get_ppu_state","arguments":{}}}
[10:25:28.746] [mcp] <- {"jsonrpc":"2.0","id":2517,"method":"tools/call","params":{"name":"get_cpu_state","arguments":{"cpuType":"Snes"}}}
[10:25:28.758] [mcp] <- {"jsonrpc":"2.0","id":2518,"method":"tools/call","params":{"name":"read_memory","arguments":{"memoryType":"snesMemory","
[10:25:28.759] [mcp] <- {"jsonrpc":"2.0","id":2519,"method":"tools/call","params":{"name":"read_memory","arguments":{"memoryType":"snesMemory","
[10:25:28.759] [mcp] <- {"jsonrpc":"2.0","id":2520,"method":"tools/call","params":{"name":"read_memory","arguments":{"memoryType":"snesMemory","
[10:25:28.759] [mcp] <- {"jsonrpc":"2.0","id":2521,"method":"tools/call","params":{"name":"read_memory","arguments":{"memoryType":"snesVideoRam"
[10:25:28.809] [mcp] <- {"jsonrpc":"2.0","id":2522,"method":"tools/call","params":{"name":"read_memory","arguments":{"memoryType":"snesVideoRam"
[10:25:28.809] [mcp] <- {"jsonrpc":"2.0","id":2523,"method":"tools/call","params":{"name":"read_memory","arguments":{"memoryType":"snesVideoRam"
[10:25:28.810] [mcp] <- {"jsonrpc":"2.0","id":2524,"method":"tools/call","params":{"name":"read_memory","arguments":{"memoryType":"snesVideoRam"
[10:25:28.856] [mcp] <- {"jsonrpc":"2.0","id":2525,"method":"tools/call","params":{"name":"read_memory","arguments":{"memoryType":"snesMemory","
[10:25:28.902] [mcp] <- {"jsonrpc":"2.0","id":2526,"method":"tools/call","params":{"name":"read_memory","arguments":{"memoryType":"snesMemory","
[10:25:28.903] [mcp] <- {"jsonrpc":"2.0","id":2527,"method":"tools/call","params":{"name":"read_memory","arguments":{"memoryType":"snesMemory","
[10:25:28.903] [mcp] <- {"jsonrpc":"2.0","id":2528,"method":"tools/call","params":{"name":"read_memory","arguments":{"memoryType":"snesMemory","
[10:25:28.904] [mcp] <- {"jsonrpc":"2.0","id":2529,"method":"tools/call","params":{"name":"read_memory","arguments":{"memoryType":"snesMemory","
[10:25:28.904] [mcp] <- {"jsonrpc":"2.0","id":2530,"method":"tools/call","params":{"name":"read_memory","arguments":{"memoryType":"snesMemory","
[10:25:28.905] [mcp] <- {"jsonrpc":"2.0","id":2531,"method":"tools/call","params":{"name":"read_memory","arguments":{"memoryType":"snesMemory","
[10:25:28.905] [mcp] <- {"jsonrpc":"2.0","id":2532,"method":"tools/call","params":{"name":"read_memory","arguments":{"memoryType":"snesMemory","
[10:25:28.905] [mcp] <- {"jsonrpc":"2.0","id":2533,"method":"tools/call","params":{"name":"read_memory","arguments":{"memoryType":"snesMemory","
[10:25:28.906] [mcp] <- {"jsonrpc":"2.0","id":2534,"method":"tools/call","params":{"name":"read_memory","arguments":{"memoryType":"snesMemory","
[10:25:28.906] [mcp] <- {"jsonrpc":"2.0","id":2535,"method":"tools/call","params":{"name":"read_memory","arguments":{"memoryType":"snesMemory","
[10:25:28.906] [mcp] <- {"jsonrpc":"2.0","id":2536,"method":"tools/call","params":{"name":"read_memory","arguments":{"memoryType":"snesCgRam","a
[10:25:28.906] [mcp] <- {"jsonrpc":"2.0","id":2537,"method":"tools/call","params":{"name":"read_memory","arguments":{"memoryType":"snesMemory","
[10:25:28.907] [mcp] <- {"jsonrpc":"2.0","id":2538,"method":"tools/call","params":{"name":"read_memory","arguments":{"memoryType":"snesMemory","
[10:25:28.907] [mcp] <- {"jsonrpc":"2.0","id":2539,"method":"tools/call","params":{"name":"read_memory","arguments":{"memoryType":"snesMemory","
[10:25:28.907] [mcp] <- {"jsonrpc":"2.0","id":2540,"method":"tools/call","params":{"name":"read_memory","arguments":{"memoryType":"snesMemory","
[10:25:28.907] [mcp] <- {"jsonrpc":"2.0","id":2541,"method":"tools/call","params":{"name":"read_memory","arguments":{"memoryType":"snesVideoRam"
[10:25:28.911] [mcp] <- {"jsonrpc":"2.0","id":2542,"method":"shutdown","params":{}}
[10:25:28.916] [mcp] client disconnected
[10:25:28.916] [mcp] server exiting
[10:25:28.916] McpServer returned
